PC1,PC2,cluster
-0.1377563852891369,-0.3917383732680108,0
0.005746562719903394,1.3524998699399093,0
0.011068200337318567,-0.4295639147690749,0
0.11936809522123207,-0.9754454988896315,0
0.21141201905760174,-1.730990784937588,0
-0.08456331884874452,0.22993500098825143,0
-0.1377563852891369,-0.3917383732680108,0
0.13306656765925456,-1.7519539178141044,0
0.07989817591776194,-1.1132319487102664,0
-0.02088281511476379,-0.5441000756772206,0
-0.05335684069175513,-0.07639260050055996,0
-0.05153040324402235,-0.28113626506332035,0
-0.07112434020695982,0.08841090037772546,0
-0.008549000352340316,-0.6086803296794226,0
-0.07399567975274073,-0.0035775266082350454,0
-0.07282944294422457,0.005329166785371539,0
-0.1377563852891369,-0.3917383732680108,0
-0.09598187489096008,0.17411186683063684,0
0.017732737275528074,-0.48538093456786047,0
0.06604353397502165,-0.6044821734784105,0
0.025527524095218787,1.2579275816025992,0
0.0684949663301552,-0.6208251694289133,0
-0.14152459750363255,-0.5704868325251016,0
-0.05111434478924619,-0.44348376770533426,0
-0.03878324497171687,0.06433611079850497,0
0.1820125616650016,-1.672833665246157,0
-0.1377563852891369,-0.3917383732680108,0
-0.06040107858631571,-0.2394766786467333,0
-0.00834241924721544,0.5306720157727611,0
0.19910778540507162,-1.431220114159235,0
0.0650917510939776,-1.2244874875953387,0
0.018882956600941893,-0.999690331247622,0
0.05197308536362517,-1.0734700587077872,0
0.035858166743007784,-0.6346674358019457,0
0.08932441402869151,-0.6464362680307288,0
0.05604199731338212,0.5458466915357586,0
-0.1377563852891369,-0.3917383732680108,0
-0.1377563852891369,-0.3917383732680108,0
0.10722098818146646,3.3978614396689326,0
-0.1377563852891369,-0.3917383732680108,0
-0.1377563852891369,-0.3917383732680108,0
-0.1377563852891369,-0.3917383732680108,0
-0.043454577265993666,-0.5048569646009466,0
-0.1377563852891369,-0.3917383732680108,0
0.1544385810767031,-0.9962784588826209,0
0.02259119668878758,2.006932606784227,0
-0.04118767008925673,0.7281801570623758,0
0.0271297245920205,-0.6844487094702878,0
0.04136628585144045,0.9437631733092822,0
-0.1377563852891369,-0.3917383732680108,0
-0.1377563852891369,-0.3917383732680108,0
0.17212834528355178,-1.3891329564507784,0
-0.11505586458117441,-0.11885498991146486,0
0.011125334053392172,0.6425519981895096,0
-0.1377563852891369,-0.3917383732680108,0
-0.1377563852891369,-0.3917383732680108,0
0.021334169438539424,-0.4129219966594843,0
0.05150181567379224,-0.8268763460659702,0
-0.1377563852891369,-0.3917383732680108,0
0.03479206565548923,1.6414137908996027,0
-0.1377563852891369,-0.3917383732680108,0
-0.1377563852891369,-0.3917383732680108,0
-0.1377563852891369,-0.3917383732680108,0
2.412475997727403e-05,-0.6935295134640554,0
-0.1377563852891369,-0.3917383732680108,0
-0.1377563852891369,-0.3917383732680108,0
0.08602028296224949,-1.235895114903877,0
-0.1377563852891369,-0.3917383732680108,0
-0.021772840576088356,-0.3078917603408818,0
-0.14152459750363255,-0.5704868325251016,0
-0.003800839466708407,1.5762317241718646,0
-0.092537838715189,1.7532431378170783,0
-0.043194140382773846,-0.5507010162818655,0
-0.0015460600425488045,-0.4928330702974097,0
-0.04301864187456844,-0.5743794341828958,0
0.018414952845956317,-0.5183844924053718,0
0.30281099329683103,-2.881071741565824,0
0.2557240308886151,7.087063914111365,0
0.28932377367703055,-2.1228871548893364,0
-0.1377563852891369,-0.3917383732680108,0
-0.010561742637044604,-0.9481942940735746,0
-0.1377563852891369,-0.3917383732680108,0
-0.06616035321371941,3.004482352616713,0
-0.1377563852891369,-0.3917383732680108,0
0.007059722562820614,-1.0645644123776044,0
0.025962330424146127,-0.0310845496481895,0
-0.1377563852891369,-0.3917383732680108,0
0.12079211357567399,-1.179142655774864,0
-0.1377563852891369,-0.3917383732680108,0
0.22186588060524456,4.04746780445266,0
0.026979844176672752,0.2181017254911649,0
-0.1377563852891369,-0.3917383732680108,0
0.15103723420093218,-1.711283792376016,0
0.03100501906912173,-0.46198952943846144,0
0.14509916411714105,-1.4736575367880278,0
-0.02815784846574625,-0.18988510379632384,0
-0.08515055667918053,-0.38718994268079454,0
0.14848260815277672,-0.9863577626510223,0
0.12066927916598781,-1.5568832360919205,0
-0.04015165246859269,-0.3116285644016138,0
-0.1377563852891369,-0.3917383732680108,0
0.0282816187639817,-0.5781643949665656,0
0.03227652511804815,1.1696844402930506,0
-0.1377563852891369,-0.3917383732680108,0
-0.1377563852891369,-0.3917383732680108,0
0.0006516792507356815,-0.3761886853568895,0
-0.1377563852891369,-0.3917383732680108,0
-0.1377563852891369,-0.3917383732680108,0
-0.1377563852891369,-0.3917383732680108,0
-0.0005135154857906382,-0.5532241147520128,0
-0.1377563852891369,-0.3917383732680108,0
-0.14152459750363255,-0.5704868325251016,0
-0.050607508071341414,0.8463618325596137,0
-0.0540561848022966,-0.6736239834625289,0
0.028006127042664714,0.41036959510239746,0
-0.1001203205220501,0.11612594877062639,0
-0.030414078655821318,-0.6433442086422081,0
-0.1377563852891369,-0.3917383732680108,0
-0.1377563852891369,-0.3917383732680108,0
-0.06738432141909347,0.5836308387645791,0
-0.02903190586588807,0.946988726225642,0
-0.1377563852891369,-0.3917383732680108,0
0.015432497631091426,-0.19892073597010423,0
-0.1377563852891369,-0.3917383732680108,0
-0.1377563852891369,-0.3917383732680108,0
-0.1377563852891369,-0.3917383732680108,0
0.048629076089102635,2.4750546798851754,0
0.011110164176520193,-0.10676395503849721,0
-0.03517542239352279,0.952350157806912,0
-0.0018463401393880368,-0.46447903970460414,0
-0.1302199608601456,-0.03424145475382931,0
0.09863833112029566,-1.1042676956064053,0
-0.04273166202708823,-0.3733036450358267,0
0.036498523054188686,1.775224152249327,0
-0.1377563852891369,-0.3917383732680108,0
0.13380435445423575,-0.25776163093428256,0
-0.07924255091611822,-0.6366680323918057,0
-0.0460639208370814,0.46206812670623754,0
-0.01805131190483056,0.38563989500811624,0
-0.09092649573754948,-0.13326114327501534,0
-0.1377563852891369,-0.3917383732680108,0
-0.07797305400758227,0.33383738516880007,0
0.11478085230742978,0.8863426615353913,0
0.1654210778226514,-1.3036824393529178,0
0.015198263627500638,1.9507698680706376,0
-0.13398817307464125,-0.21298991401092005,0
0.4872593634235923,4.039802500770677,0
-0.1377563852891369,-0.3917383732680108,0
-0.09329503647117539,-0.20264444946495005,0
-0.03686750133224925,-0.7626880037450555,0
0.028330303998178825,-0.8120065773683797,0
-0.1377563852891369,-0.3917383732680108,0
-0.07008665573969833,-0.2213328081545246,0
-0.10170579427809688,0.1585870407721859,0
-0.03623371879509849,0.2785174441517878,0
-0.026039373978129023,-0.48466653192818315,0
0.044672410763877526,2.475191372022504,0
-0.041905579265119126,-0.2322873859128074,0
-0.06575883921009755,-0.2492655602592526,0
0.044672410763877526,2.475191372022504,0
0.07795453815229066,-0.5219224937982625,0
-0.022136570565354338,-0.8357703939742894,0
0.045415036311831435,-0.22257579331017815,0
-0.0065035284377545485,-0.4103092498672533,0
-0.02177592530183975,-0.4780667893189043,0
-0.1377563852891369,-0.3917383732680108,0
-0.1377563852891369,-0.3917383732680108,0
-0.036206808239216105,0.6017236965712268,0
0.0776246488166219,-0.22286971848086087,0
-0.0563942716650713,0.7725536012582785,0
-0.0523625180668724,-0.0973815743184154,0
-0.045701166056131434,-0.010735972014619833,0
0.024125593551362564,-0.8168412767819163,0
-0.11703044531472105,-0.1644926165155851,0
-0.14152459750363255,-0.5704868325251016,0
-0.01730523678183137,-0.3493851906704581,0
-0.14152459750363255,-0.5704868325251016,0
-0.03387133360456716,1.3572831883783214,0
-0.05381586658848631,0.3968773024153549,0
0.09146280484261521,-0.47874289831665784,0
0.016638758740621106,0.35514240125218693,0
-0.014168390680443866,-0.19131972605454944,0
-0.03550794948174633,-0.08165287563351144,0
-0.06019590492642239,-0.06581643805004478,0
0.05785476235026054,-1.274432363814008,0
-0.006514579253330821,-0.9299922852579943,0
-0.043429910816505206,-1.039381614068489,0
-0.07081113948614777,0.042373524654787095,0
-0.04774337672423145,0.7979782132979512,0
-0.1377563852891369,-0.3917383732680108,0
-0.14152459750363255,-0.5704868325251016,0
-0.039859797743462135,0.37137921185251765,0
-0.05620737906560061,0.08785293797354322,0
-0.1377563852891369,-0.3917383732680108,0
-0.1377563852891369,-0.3917383732680108,0
-0.1377563852891369,-0.3917383732680108,0
-0.029087812292986327,-0.46359440765877113,0
-0.04201758293866173,0.3273879722537973,0
-0.055225935118450975,-0.48566220312468855,0
-0.07607191968339412,-0.19478956948280132,0
-0.052176759742258966,0.1514952948469095,0
-0.10758648344512217,0.16251134484795057,0
-0.0668136251254302,0.06465383558758354,0
-0.1377563852891369,-0.3917383732680108,0
-0.1377563852891369,-0.3917383732680108,0
-6.902938211166505e-06,-0.360280414242376,0
-0.05640332861734128,-0.2574092747409658,0
-0.05823122155749405,-0.16347548790179736,0
-0.024046349696973255,-0.7247080746960995,0
-0.0342791331054452,0.13156852973509672,0
-0.048192009656397417,-0.2888751701287212,0
-0.05413281808165499,-0.15004294702496287,0
-0.05095073018567448,0.03040484111983929,0
-0.014562436491814186,0.4504925433550755,0
-0.03969342417273395,-0.5642037708510034,0
0.06410432991069838,-0.3770235579181912,0
-0.1377563852891369,-0.3917383732680108,0
0.06291240652404256,-1.016850153651588,0
-0.056631172186087785,0.7678024734985721,0
-0.1377563852891369,-0.3917383732680108,0
0.0073347369727897556,1.9780839803940347,0
0.06857972223401348,-0.8653016286624912,0
-0.026824000433737394,-0.5079321411766823,0
-0.030030198170402474,-0.6184689532208792,0
-0.02261596870907014,-0.253010705590386,0
-0.06474513040669433,0.1413616805434912,0
0.05770939016245684,-0.1732119212446882,0
-0.01731274487921357,-0.013833379308089118,0
6.328101337047092e-05,-0.38157646990103616,0
-0.003894116964585472,1.701946059571404,0
0.04488065630731043,2.4751841776994867,0
-0.05836429167098195,-0.3166298040173123,0
0.08669901241943664,0.28649907276690006,0
-0.0649088147721986,-0.42035538169745773,0
-0.09352896965829717,-0.23154406081778758,0
-0.1377563852891369,-0.3917383732680108,0
-0.1377563852891369,-0.3917383732680108,0
-0.07364463602750677,-0.0511329828798934,0
-0.1377563852891369,-0.3917383732680108,0
-0.05905503598349489,-0.3007304939692226,0
-0.04693302832718943,0.14570767142758861,0
-0.030766730114440064,-0.5767477049638465,0
-0.08935608819640377,0.06547730859980698,0
0.06046804442093315,2.529246803739366,0
-0.02248351708726809,0.008173654750759997,0
-0.1377563852891369,-0.3917383732680108,0
-0.1377563852891369,-0.3917383732680108,0
-0.038186975571453625,-0.18347671563783458,0
-0.041570461034944384,-0.19241255384776834,0
-0.1377563852891369,-0.3917383732680108,0
-0.06420728737847212,-0.68188495978168,0
-0.050766480404072674,0.5755969741169016,0
0.037260999212021154,-0.15598390345204596,0
0.04192050465611085,-1.0394697859156974,0
-0.01321969090199719,0.8053882217547434,0
-0.06144921411211143,0.04930981120652872,0
0.23385136707434104,-0.9418832590935535,0
-0.032983125451167314,0.5547400834991587,0
-0.1377563852891369,-0.3917383732680108,0
-0.03989623700915171,-0.3559863402280086,0
-0.08300842877070735,-0.24874636057922328,0
-0.1377563852891369,-0.3917383732680108,0
-0.07163322898960355,-0.3883740704588463,0
-0.0675988217172526,-0.5410485257799643,0
-0.03387891732155402,-0.643289115885881,0
0.16109554170598062,4.58579490845752,0
-0.06542585806107083,0.009186686716870325,0
-0.014272965074603456,0.7268878995038509,0
0.15796727860327653,-2.5020512579121066,0
-0.04825712328055739,0.0026267474487930965,0
-0.03324564935945146,-0.4208883621782905,0
-0.03857859890194143,-0.1596711769729325,0
-0.006816721140099292,-0.466988274382355,0
0.026152606506902043,-0.10763442636721594,0
-0.04819177086578459,0.8481054988208654,0
0.01971885703034038,-0.48858043203260737,0
-0.0016993714745519829,-0.6539432250962632,0
-0.03628298880193652,-0.2997330968374029,0
-0.13398817307464125,-0.21298991401092005,0
0.059206415382746104,-0.9252704550123554,0
-0.06984522136485591,0.3736381794169553,0
-0.07091863852906499,0.3716587391085001,0
-0.1377563852891369,-0.3917383732680108,0
-0.1377563852891369,-0.3917383732680108,0
-0.038095938947683324,-0.02872385301570449,0
0.015286657378639951,0.9235786548624088,0
-0.1377563852891369,-0.3917383732680108,0
0.07328999705648721,0.17907495825913589,0
-0.1377563852891369,-0.3917383732680108,0
-0.014336995624863283,-0.4508791487847994,0
-0.04583634166543503,0.4196154953972932,0
-0.04455794954881292,0.4331612373563861,0
0.05537860954115555,-0.657622732263177,0
-0.008305359417205836,-0.1146224666048447,0
0.04171326692222716,-0.5783942078891326,0
-0.047969960951266044,-0.8924923280739807,0
0.019087801603773335,1.9714234839862559,0
-0.05954695882491511,0.6882535788706963,0
-0.1377563852891369,-0.3917383732680108,0
-0.1377563852891369,-0.3917383732680108,0
-0.1377563852891369,-0.3917383732680108,0
-0.029517486263112357,-0.5618958137064021,0
0.034059100390281274,-0.7073407550440857,0
0.0070304842272961654,0.7873131026547394,0
-0.1377563852891369,-0.3917383732680108,0
-0.1377563852891369,-0.3917383732680108,0
-0.060016116444742494,0.5898301283178995,0
-0.0037058857512515427,-0.23283576931822142,0
-0.12645174864564993,0.14450700450326134,0
-0.06364221762377885,0.08425098843136518,0
-0.008350633219035385,0.12742721229243284,0
-0.08284596132972412,-0.30059446318329097,0
0.018781887832908926,-0.7236018456885559,0
-0.06324612559101939,0.6574705790102703,0
0.0068741179227807675,-0.77551799820207,0
-0.020877252517420668,0.3374947544169227,0
-0.1377563852891369,-0.3917383732680108,0
-0.003934945356861637,-0.6041915038796658,0
0.019929863969743427,-0.5987946159306381,0
0.07559634770232063,-1.4643223650422101,0
0.14298074333192295,0.8350074710513661,0
0.08341001542324526,0.8754490074556218,0
-0.1377563852891369,-0.3917383732680108,0
-0.1377563852891369,-0.3917383732680108,0
-0.04377829788522196,0.6991714923134319,0
-0.1377563852891369,-0.3917383732680108,0
-0.08420573382714222,0.16539598442660286,0
-0.07786832048049536,-0.11031558229282366,0
-0.015596196755973651,-0.7977948025454321,0
-0.04409203433069774,0.07957902912578475,0
-0.025259141271414286,-0.734553281142048,0
0.16999699607742677,-0.43346775960909384,0
-0.0024356043812122467,0.08893658295231414,0
-0.044556019834859975,0.5508724082537496,0
-0.011336766081546181,-0.10952867648723899,0
-0.1377563852891369,-0.3917383732680108,0
0.0006532572005147073,-0.13595193199453845,0
-0.01934844787283347,0.7594577892072019,0
-0.013226714899278276,-0.45417033192295525,0
-0.1377563852891369,-0.3917383732680108,0
-0.1377563852891369,-0.3917383732680108,0
0.029383079659373545,0.7416587007146334,0
0.019959085599539975,1.2721140323245073,0
0.013532033869177895,0.6413334028388066,0
-0.11137889978766728,0.8595008415316244,0
0.1425827367943568,-1.0568841406056662,0
-0.1377563852891369,-0.3917383732680108,0
0.07952680317497932,-0.5012030763055251,0
0.07680160175065476,3.0107173174920505,0
-0.07632689220597598,0.3053785850638797,0
-0.03873629800597315,1.0190116132086349,0
-0.11137889978766728,0.8595008415316244,0
-0.05939594599324047,0.7380912846466622,0
0.14227534668490316,2.4249712129222454,0
0.009218571113760336,1.881774056991021,0
0.1662381728181151,-0.40460979937252045,0
0.0817641279119753,-0.6400760917226082,0
0.08193911752993947,-0.44254540905862894,0
-0.1377563852891369,-0.3917383732680108,0
0.07946733762467989,-0.38307531876164824,0
0.0630385337494197,0.6340594110816099,0
-0.06622849921905619,0.1123167464854244,0
-0.1377563852891369,-0.3917383732680108,0
-0.1377563852891369,-0.3917383732680108,0
-0.05870120127205782,0.18397218373289054,0
-0.14152459750363255,-0.5704868325251016,0
-0.0012774137267510342,-0.761493136790489,0
0.05583548635835263,-1.2701016351241423,0
0.011369729261888237,-0.23706985644486475,0
-0.1377563852891369,-0.3917383732680108,0
-0.1377563852891369,-0.3917383732680108,0
-0.1377563852891369,-0.3917383732680108,0
-0.1377563852891369,-0.3917383732680108,0
-0.1377563852891369,-0.3917383732680108,0
0.00048033078032551645,-0.6313495891778642,0
0.15213593213605112,-1.394096809828481,0
0.1665592820512911,0.14131140195200362,0
-0.039012578867408616,0.6835884365150627,0
-0.02372757660463595,-0.04674573239734508,0
0.02010894509073965,0.7389520060560394,0
-0.1377563852891369,-0.3917383732680108,0
-0.1377563852891369,-0.3917383732680108,0
0.18142227779328207,0.5463445888426751,0
-0.09395656905731552,-0.2148434318270107,0
-0.022724333022188525,-0.017312839311472327,0
-0.044051298663824,-0.19457301649682365,0
-0.04461480296219137,-0.38162022971539394,0
-0.1377563852891369,-0.3917383732680108,0
-0.09719316930463176,-0.2548710014240744,0
-0.1377563852891369,-0.3917383732680108,0
0.01963028578268209,1.78626182862708,0
-0.0822743320080066,0.08721135085274866,0
-0.013396693285902681,-0.40559004696581563,0
-0.06451551271471272,0.7550206946307647,0
-0.1377563852891369,-0.3917383732680108,0
-0.03265280278711667,0.2987813109501924,0
-0.0029110803457682403,-0.207208390821132,0
-0.040018324392792536,-0.41638381048501083,0
0.014567415229200634,0.3750982696497811,0
0.013215069903361666,-0.4903284599216955,0
-0.03911917995672881,-0.009728576906702828,0
-0.1377563852891369,-0.3917383732680108,0
0.22215724883531798,-1.08161858562539,0
-0.0676337363366476,0.6978271525327255,0
0.0016737476548283339,1.2574321388765182,0
-0.009871002542669243,0.25885654444318823,0
-0.020436885359446322,0.3486241623150486,0
-0.018831469381055208,-0.4151907155489398,0
0.05880118032721568,-0.3941101273059044,0
-0.06237753420615607,0.40736622919274057,0
-0.10522117643502149,-0.07513156076188299,0
-0.02982932139563139,0.8788614318880705,0
-0.1377563852891369,-0.3917383732680108,0
0.07000346646479956,0.36749302329933775,0
-0.1377563852891369,-0.3917383732680108,0
-0.05340946124619739,0.8075571308985432,0
-0.043767599298312705,0.9594138586619463,0
-0.06657340575168202,0.09468687641519931,0
-0.1377563852891369,-0.3917383732680108,0
0.1357963951850991,4.553568823919283,0
-0.1377563852891369,-0.3917383732680108,0
-0.012573986302050992,-0.3860076769284784,0
-0.046481963450113004,0.4005680789016722,0
-0.043175436038891436,-0.3090316400359963,0
-0.06178782171107032,0.4434696730863791,0
-0.1377563852891369,-0.3917383732680108,0
0.11352081104052875,1.4297098278546279,0
-0.06903182162360408,-0.31406433703229075,0
0.055028784270343814,0.3503664924462787,0
0.026111809378744227,2.0032207273936047,0
-0.1377563852891369,-0.3917383732680108,0
-0.035072364809582715,0.9315550611418482,0
-0.046087318163985244,-0.14955107670763837,0
-0.0736726209060769,0.3780171869714524,0
-0.036111590020725275,-0.3440834266490201,0
0.05609579711973887,0.4122798155771547,0
-0.1377563852891369,-0.3917383732680108,0
-0.06948710314121029,-0.02894905436578452,0
0.000371909482582212,-0.021502363247648742,0
-0.020099594910284825,-0.8040758887781398,0
-0.1377563852891369,-0.3917383732680108,0
-0.030247152976606927,-0.0641475566369102,0
0.13198734227862877,-0.4150822896505042,0
0.14753475826001095,-0.9389809483993723,0
0.02970417693664791,-0.013790195111792984,0
-0.02088734278570294,1.415084935746713,0
-0.098603076281116,0.08797916066013288,0
-0.1377563852891369,-0.3917383732680108,0
-0.06486395455593211,-0.1395675701486852,0
0.03665409633165521,-0.44333336721599936,0
-0.1377563852891369,-0.3917383732680108,0
0.29860968047465125,4.045251229556166,0
-0.1377563852891369,-0.3917383732680108,0
-0.029098249959269924,-0.10334386981567761,0
0.08995922047034327,1.2143735532717899,0
-0.1377563852891369,-0.3917383732680108,0
-0.1377563852891369,-0.3917383732680108,0
-0.014463578437428331,-0.060915996009443946,0
-0.0014612480956513651,1.7382669623100313,0
0.08043010650892884,-0.8554781222480174,0
-0.06185835634354092,0.103079943524685,0
-0.05291974571298054,0.999354684551518,0
-0.017066235868057427,-0.020233101785002216,0
0.01360878379212222,-0.6216369196307503,0
-0.0625904415576075,0.637365785227439,0
-0.03672554201488314,0.9898881134436143,0
0.007240280768910895,0.09996848708301881,0
-0.051794949175277175,-0.18163284535291555,0
0.010807020653594648,-0.8348671459784732,0
0.265412702888654,0.2500953661947993,0
-0.1377563852891369,-0.3917383732680108,0
-0.1377563852891369,-0.3917383732680108,0
0.04561652507192813,1.1805559478379843,0
-0.04238344889681395,0.7505027057163729,0
-0.038821352877645265,-0.014867429036299938,0
-0.06901384417860171,0.3939854781034376,0
0.03424321805292211,1.2347855862786723,0
-0.1377563852891369,-0.3917383732680108,0
-0.1377563852891369,-0.3917383732680108,0
-0.1377563852891369,-0.3917383732680108,0
0.02436458369289461,1.0755513143818407,0
-0.05952708735092784,-0.03582204057406837,0
0.031171197692702733,-0.5173995540022868,0
-0.1377563852891369,-0.3917383732680108,0
-0.0376150836483467,1.0916057458562431,0
-0.06217488160015167,-0.038069554435014405,0
-0.1377563852891369,-0.3917383732680108,0
-0.08926127710508996,0.15839737025688244,0
-0.039330268048730216,0.2019253565984252,0
-0.1377563852891369,-0.3917383732680108,0
-0.11755516224102436,-0.1053472594285732,0
-0.05045067367391939,0.10640695310657987,0
-0.04033127967841001,-0.5735112290070711,0
0.06701870500513298,0.18672462854439592,0
0.01089148858242464,-0.599064169706836,0
0.014994920546657898,-0.3187717885463842,0
-0.1377563852891369,-0.3917383732680108,0
0.03929332387012941,-0.7566535701504713,0
-0.04678801687003771,0.0771372399874964,0
-0.1377563852891369,-0.3917383732680108,0
-0.1377563852891369,-0.3917383732680108,0
-0.10149275602888151,-0.2229113874786694,0
-0.13398817307464125,-0.21298991401092005,0
-0.040547940430382956,0.5178994113938876,0
-0.1377563852891369,-0.3917383732680108,0
-0.05004670341945321,0.08589721639183874,0
-0.05754129956621284,0.7192282111802116,0
0.07015063692379112,-1.132461814162065,0
0.05915003770633563,-0.5037522805820397,0
0.03292117355179833,-0.09950270795028933,0
0.006103583131445099,-0.3886136246043482,0
-0.027338341853155545,-0.02181402947617272,0
-0.03946923103887397,1.1013208389250946,0
0.0661932221817316,-0.36707347763236137,0
-0.1377563852891369,-0.3917383732680108,0
-0.049516753237700904,0.8897495707966643,0
-0.038471593504151934,0.11769754110814969,0
-0.1377563852891369,-0.3917383732680108,0
-0.0212075904458255,0.5189161330315242,0
0.06793132717518087,-0.4602603973978419,0
-0.1377563852891369,-0.3917383732680108,0
-0.013538606254120497,0.1505209964562322,0
-0.1377563852891369,-0.3917383732680108,0
-0.1377563852891369,-0.3917383732680108,0
0.16322377296975732,0.13453502512191792,0
0.024065671933521156,-0.8607036328717456,0
-0.1377563852891369,-0.3917383732680108,0
0.1001884041965241,-0.9470111070239092,0
0.044672410763877526,2.475191372022504,0
-0.1377563852891369,-0.3917383732680108,0
-0.11503698464553161,-0.05495789901878447,0
-0.1377563852891369,-0.3917383732680108,0
0.06237328195567423,2.474579854566037,0
-0.13398817307464125,-0.21298991401092005,0
0.04700884997950123,-1.1910266713524815,0
-0.13398817307464125,-0.21298991401092005,0
-0.10931985740012236,-0.08734952955677379,0
-0.0020883387792863476,1.7077458423351295,0
0.09186480977442046,0.5964969258054457,0
-0.14152459750363255,-0.5704868325251016,0
-0.1377563852891369,-0.3917383732680108,0
0.04123912157333079,-0.9679536305254953,0
-0.14152459750363255,-0.5704868325251016,0
-0.1377563852891369,-0.3917383732680108,0
0.08340608184239737,2.473853227941294,0
0.016894373849871677,-0.4148988432867531,0
-0.025396587161358716,-0.2829900855380711,0
0.14183673809588185,-1.2598926358392801,0
-0.1377563852891369,-0.3917383732680108,0
0.029599164690486658,0.4441268724779311,0
0.0021636896104834436,-0.12921506135430894,0
-0.05032026306037382,0.385410042005357,0
-0.13398817307464125,-0.21298991401092005,0
-0.1377563852891369,-0.3917383732680108,0
0.09646508117867279,0.9403956669740554,0
-0.13398817307464125,-0.21298991401092005,0
0.02914540342847454,-0.5595498372559394,0
0.13414325936410465,2.991672325789736,0
-0.1377563852891369,-0.3917383732680108,0
-0.1377563852891369,-0.3917383732680108,0
-0.1377563852891369,-0.3917383732680108,0
-0.1377563852891369,-0.3917383732680108,0
0.007752718337408138,1.022596500695517,0
0.0022787011114491535,-0.7052925362517863,0
-0.04191715396997341,0.5166165901673964,0
0.012545360165393286,0.030107430713815882,0
-0.043046359776193796,0.850150799218085,0
-0.001759159691199727,-0.319287917557663,0
-0.004265468325104862,-0.17765116056336164,0
-0.059264238433776144,-0.39508765922940253,0
-0.1377563852891369,-0.3917383732680108,0
-0.016509020269633443,-0.8704738278829485,0
-0.1377563852891369,-0.3917383732680108,0
-0.1377563852891369,-0.3917383732680108,0
0.03166133430176374,-0.3158531319922418,0
0.08188655871453669,1.3906509537474474,0
-0.1377563852891369,-0.3917383732680108,0
-0.1377563852891369,-0.3917383732680108,0
-0.1377563852891369,-0.3917383732680108,0
-0.005713524254967655,0.5232294453161942,0
0.06275849191169931,0.16862357354913665,0
0.02252906274801613,-0.06423117533539392,0
-0.056617546496062154,0.06752875786941893,0
-0.1377563852891369,-0.3917383732680108,0
0.05695293577115973,-0.5379419517573703,0
0.037498367319297655,-0.1789727060129341,0
-0.1377563852891369,-0.3917383732680108,0
-0.1377563852891369,-0.3917383732680108,0
-0.046790011488053514,0.5408902085538625,0
-0.03499088347165981,0.7650255156597661,0
-0.059580968735457505,-0.1864971894497549,0
-0.1377563852891369,-0.3917383732680108,0
-0.1377563852891369,-0.3917383732680108,0
-0.1377563852891369,-0.3917383732680108,0
-0.1377563852891369,-0.3917383732680108,0
-0.1377563852891369,-0.3917383732680108,0
-0.1377563852891369,-0.3917383732680108,0
0.010261690722203983,-0.0323082094050103,0
-0.1377563852891369,-0.3917383732680108,0
-0.1377563852891369,-0.3917383732680108,0
-0.1377563852891369,-0.3917383732680108,0
-0.030243154897881302,0.9602340427637371,0
-0.1377563852891369,-0.3917383732680108,0
0.09978467699267383,2.4041147476482676,0
-0.06503088271335737,0.2061041619490544,0
0.06148876480118339,-0.5118348428216375,0
-0.1377563852891369,-0.3917383732680108,0
-0.1377563852891369,-0.3917383732680108,0
-0.1377563852891369,-0.3917383732680108,0
-0.1377563852891369,-0.3917383732680108,0
0.13095405406771535,4.245585675922417,0
0.14819786158141382,-0.2108131561759434,0
-0.1377563852891369,-0.3917383732680108,0
-0.038326142074946286,0.39311563289867557,0
0.17893849956847008,3.104459174733005,0
-0.004418912776413294,1.7019662445861563,0
-0.008309784291565262,0.025014932093160063,0
0.08039982408914034,-0.819817594210644,0
-0.016296630564502153,-0.136153442440521,0
0.01630218455938069,-0.015732891293515936,0
0.2252047647414816,-1.7360666745270652,0
0.0014925343506697957,-0.16898606998758775,0
-0.013166142031839391,-0.2599880408187583,0
-0.1377563852891369,-0.3917383732680108,0
-0.014679775662018795,-0.6571104906269158,0
0.1866558866328096,-1.0590350505898025,0
-0.02942428440560564,0.8459751586582547,0
-0.0023424553751846405,-0.29615227725294857,0
-0.04817153016091093,-0.30486446717852733,0
0.12390879401952906,-0.7244963066124405,0
0.20342797126980208,-2.1258743813932743,0
0.158360814857844,4.566064022444868,0
0.030268674358765648,-0.09270666740648384,0
-0.010567316446570255,0.24056308925073835,0
-0.04745615989883682,0.4391385903494559,0
-0.07914231278869878,-0.25349968793536837,0
-0.1377563852891369,-0.3917383732680108,0
-0.1377563852891369,-0.3917383732680108,0
-0.1377563852891369,-0.3917383732680108,0
-0.1377563852891369,-0.3917383732680108,0
0.06491451076559188,-0.23935544576867573,0
-0.023330048665351755,-0.2810956044006738,0
0.012523797991705419,-0.5306470304760924,0
0.03654011200574732,-0.5284229951268167,0
0.2459467544337225,1.487832508538086,0
0.24559914353091886,-0.9393205394656167,0
0.1127221633348083,-1.065310688107909,0
-0.1377563852891369,-0.3917383732680108,0
-0.1377563852891369,-0.3917383732680108,0
-0.1377563852891369,-0.3917383732680108,0
0.05550117902238844,2.4748172672256064,0
0.016399193305240027,-0.6166479047303404,0
-0.13398817307464125,-0.21298991401092005,0
-0.048815591828604274,0.22265377118537086,0
-0.1377563852891369,-0.3917383732680108,0
0.001780717629672379,-0.14892981243928496,0
0.051839197458749785,1.3291061210974264,0
-0.1377563852891369,-0.3917383732680108,0
-0.023715438674700585,0.7034955012800611,0
-0.018651405957881093,-0.8749187706000363,0
-0.08871602377520595,0.26727556355871807,0
0.06793185226943053,1.9016973307153169,0
-0.1377563852891369,-0.3917383732680108,0
0.14973864008281956,-0.3942333107940963,0
0.20501597554317755,-0.9268112045665172,0
0.18532474017487702,-1.0952662677453164,0
0.0020089328115854097,0.13492073636580243,0
0.0010512995591083236,-0.7580968564588176,0
-0.1377563852891369,-0.3917383732680108,0
0.014841219281570714,-0.33601555910868647,0
0.2530438237155693,5.304238325746565,0
0.05924959880418069,2.474687769411296,0
-0.13398817307464125,-0.21298991401092005,0
0.020702503064450397,0.06208803403208436,0
-0.1377563852891369,-0.3917383732680108,0
-0.1377563852891369,-0.3917383732680108,0
0.07167463289564587,3.726409003853087,0
-0.1377563852891369,-0.3917383732680108,0
-0.029496576112658213,-0.300077936882489,0
0.05638311309380766,-0.6067672682987809,0
0.09780524216731205,3.07297971755877,0
-0.01661553302952866,-0.10076743016670434,0
-0.1377563852891369,-0.3917383732680108,0
-0.1377563852891369,-0.3917383732680108,0
-0.016810150950129873,-0.16797146376212924,0
-0.01629238544778062,-0.9682449751424504,0
-0.03216390629906123,0.4731804913639489,0
-0.009795789229261304,0.20076729514126124,0
0.009480349601173707,-0.21001273898757727,0
-0.1377563852891369,-0.3917383732680108,0
0.10395787072384861,-0.3319395244097619,0
0.17984253529998076,-1.9327225979998472,0
0.03405860667354287,1.417123509258472,0
-0.1377563852891369,-0.3917383732680108,0
0.04875231207555887,-0.7694630535788199,0
-0.1377563852891369,-0.3917383732680108,0
0.1060818792246143,-1.3275395965297958,0
-0.1377563852891369,-0.3917383732680108,0
-0.1377563852891369,-0.3917383732680108,0
-0.01594012833930449,-0.11699306095746391,0
0.07447881027019353,-1.0329853571189749,0
0.04089082690996041,0.2930799232321894,0
-0.03987405041306139,-0.618823160384897,0
0.04224006350888387,0.9975144520853064,0
0.18114481585709225,-0.6373009937520265,0
-0.0666140215117957,-0.4427426281392795,0
-0.025957632949462878,0.11626838163646787,0
-0.1377563852891369,-0.3917383732680108,0
-0.1377563852891369,-0.3917383732680108,0
-0.010280627938732065,-0.5226778464847447,0
-0.04182025322590213,0.239724712967393,0
-0.02144176362200914,0.5997320946133331,0
0.11279404647393064,0.6211475104507173,0
0.02511114362674781,-0.6497117165789952,0
-0.1377563852891369,-0.3917383732680108,0
0.2543726034528894,-2.218860337395263,0
-0.0409827849846975,-0.490149034200448,0
-0.010250364645394307,0.3777270089593229,0
0.3175196231583553,-1.4510322171144192,0
0.035626197361063455,-0.4665766999555319,0
-0.0626154976351065,-0.3859171929288031,0
0.08816773927383555,-0.9713132473830999,0
-0.1377563852891369,-0.3917383732680108,0
0.1612573424384146,-0.8101450280679938,0
0.029267508330728102,0.6644846844852104,0
-0.026864770666283195,0.7544449945108245,0
0.13065687640130766,-1.6989938960843967,0
-0.04693699089657219,0.16217530444397987,0
0.026137197342664727,-0.5423505767309147,0
0.052071580784099195,-0.34420498282938067,0
0.08236378535512559,-0.09704966979955423,0
0.04868457302230272,-0.5497217767057712,0
-0.029527574561773393,1.2935333733879988,0
0.034946484074106374,-0.9643170277980114,0
-0.012667936792938182,0.48695212759678064,0
-0.13398817307464125,-0.21298991401092005,0
0.04508890185074333,2.475176983376469,0
0.012391938823977544,-0.2720060651713603,0
0.010823159464145828,0.1991385794608339,0
0.07396532331645898,-0.1725955015518558,0
0.1247905770993133,-0.9299422647894324,0
0.023817590173076046,-0.5657583308714259,0
0.034818788707360666,-0.5202152244779529,0
3.181015229394213,3.68885226024675,0
-0.07016650516127966,-0.34731144963882726,0
0.09125600466976161,2.0913159239164654,0
0.006039144058046582,-0.5450264201877346,0
0.06569437714476786,-0.17332639645668432,0
0.018744367199944437,-0.6208618503765242,0
-0.1377563852891369,-0.3917383732680108,0
-0.1377563852891369,-0.3917383732680108,0
-0.1377563852891369,-0.3917383732680108,0
-0.003826712309985196,-0.5838364216373723,0
-0.05409357466331904,-0.35750809400915223,0
0.09854645141346449,-0.9031866535385997,0
-0.13398817307464125,-0.21298991401092005,0
-0.0032624477850942816,-0.13686519714470732,0
0.059658093322011295,1.2341128756337976,0
0.1568684002221148,0.8158844820847897,0
0.02724295519992737,1.3803589427423524,0
-0.0015131092952691341,0.7245422625540976,0
0.08587222715810919,-1.553136129411335,0
-0.07077055227239863,0.49465361888415094,0
-0.1377563852891369,-0.3917383732680108,0
0.007797161596197975,-0.816903319741575,0
-0.001698701791900081,-0.09077239082630162,0
-0.038209718640194464,1.0227993091655398,0
0.023721949540806055,-0.7619875658981811,0
0.0025390114879758267,-0.5432570645013076,0
0.04516655696546332,-0.40236032561848917,0
0.11025862604102671,0.3177673220103221,0
-0.1377563852891369,-0.3917383732680108,0
0.08426952114750828,0.34230355159174136,0
0.0008360992630049486,-0.39579244858754353,0
-0.1377563852891369,-0.3917383732680108,0
-0.1377563852891369,-0.3917383732680108,0
-0.019589570049526203,-0.1759201143927424,0
-0.015504802736525703,-0.20463492055439464,0
-0.13398817307464125,-0.21298991401092005,0
-0.1377563852891369,-0.3917383732680108,0
0.10095277500286845,-1.1867539056688838,0
-0.1377563852891369,-0.3917383732680108,0
0.013296570699014245,0.1331882051580726,0
0.35891759959707914,-1.1651374676369153,0
-0.05239809279335272,0.43420586280274914,0
0.22619047952176694,3.5442096710057256,0
-0.1377563852891369,-0.3917383732680108,0
0.10054718065670541,-1.255340288459165,0
0.017272446962186397,0.11166404577924136,0
-0.031234875453844783,0.5964314589825833,0
0.04198233868338722,-0.004581678303037909,0
0.005978019033594495,-0.04964485173318725,0
-0.13398817307464125,-0.21298991401092005,0
-0.005930925792763474,0.5907082833602362,0
0.11749261265342018,-0.9498918421045693,0
0.02253104846102024,-0.25178531065655174,0
-0.007369665659451899,0.15423251165888022,0
0.17155490898015702,-0.12195574786708113,0
-0.02955821090827395,0.4365403067733059,0
-0.07096559153592429,0.044222250436769805,0
0.22683974909049437,3.8397921679415075,0
0.041169234600746264,0.9292295573097146,0
-0.13398817307464125,-0.21298991401092005,0
0.06957085786138559,-0.6504208193680283,0
-0.012486028239442592,-0.3150752043246195,0
-0.011397882527679891,-0.7704664050191866,0
-0.13398817307464125,-0.21298991401092005,0
-0.032911669914566934,0.9461952413307031,0
0.3455278898384952,3.3787870526656896,0
0.2725865725412075,1.7644007991842776,0
-0.1377563852891369,-0.3917383732680108,0
-0.13398817307464125,-0.21298991401092005,0
-0.13398817307464125,-0.21298991401092005,0
0.12566581233480206,-0.14823650030840899,0
0.0756504694557739,0.6254495547398686,0
0.19579990419893323,-0.3114931170155886,0
0.037529680252703514,-0.1785926136313979,0
-0.020481130054484115,0.6091338860949534,0
-0.015548398147850497,-0.4213287954277775,0
-0.049796395898231705,0.08847459922432704,0
-0.01825394987315247,-0.5283952911823381,0
-0.13398817307464125,-0.21298991401092005,0
0.06932596418906621,0.31252204699881997,0
0.020188202943556915,1.1346880099415675,0
0.01905407417353693,0.4833255609470131,0
0.07600995968384092,-0.5179309666116321,0
-0.025932696264893952,0.6319611042679936,0
0.18802778354496008,-0.830392494290372,0
0.1877972473216569,-1.5733868215393068,0
0.32030573017878794,-2.8060832922178234,0
0.08147124690872866,-0.24922648725892543,0
-0.14152459750363255,-0.5704868325251016,0
0.1406089820053198,0.1632128725643234,0
0.06805528892647282,3.0110194790587745,0
-0.015440993797094803,0.40679794604073133,0
-0.013440265399068091,0.5904414536682074,0
0.11078952121417027,0.8726214001532105,0
-0.1377563852891369,-0.3917383732680108,0
0.19674622838756914,-0.9012655678403239,0
-0.012526638213917285,-0.5995701733438482,0
-0.021205554701418057,0.48324793125115956,0
0.07544679611131581,1.26155250507102,0
0.05009134039027652,-0.19115032181430078,0
-0.1377563852891369,-0.3917383732680108,0
0.4759670127478632,-0.646469787550317,0
1.250981489115417,-5.759601406579826,0
-0.13398817307464125,-0.21298991401092005,0
0.05392665446766681,0.11720416320415905,0
0.10271180307836011,2.8660932487641473,0
0.005414097245381004,0.04498474137622564,0
0.030700341466599237,-0.21306070304576932,0
0.004715235546491043,-0.9361687066359083,0
-0.026912596720189006,1.2209856980372167,0
-0.06102561761367848,0.7904116128397374,0
0.03796291558029802,0.501711437248287,0
0.03944704240277341,-0.8433606040131962,0
0.03537735449972784,-0.13139013356815904,0
0.015663171797404295,0.7069569425121948,0
0.07109901323170391,0.09687343570132757,0
0.14462091183548453,-0.5117674837230521,0
-0.018406100248100056,0.4068968277561034,0
-0.03721758539158723,0.39501982265547175,0
-0.1377563852891369,-0.3917383732680108,0
-0.1377563852891369,-0.3917383732680108,0
-0.1377563852891369,-0.3917383732680108,0
0.3052359269596016,-1.2730346354057946,0
-0.002178540264130341,-1.145919807181676,0
0.1009292001605923,-1.2562925949456984,0
-0.021485886148417354,1.5491136249595605,0
-0.006233713646993847,-0.640975526196942,0
0.15531261355671933,-0.7222010080909523,0
-0.037631586865732126,0.8408710098315186,0
-0.07194400442863208,0.30656081014112696,0
-0.01869937394156311,0.5190092142604983,0
-0.1377563852891369,-0.3917383732680108,0
-0.1377563852891369,-0.3917383732680108,0
-0.1377563852891369,-0.3917383732680108,0
-0.1377563852891369,-0.3917383732680108,0
-0.1377563852891369,-0.3917383732680108,0
-0.03840153846229257,0.3496626764312859,0
0.08452185018729375,-0.8501824573598,0
0.04781222283698584,-0.9657735693333502,0
0.025307909267336268,-1.0255873462464358,0
0.038808382001606676,-0.5518338826437067,0
-0.1377563852891369,-0.3917383732680108,0
-0.1377563852891369,-0.3917383732680108,0
-0.004384176953101282,0.11240201673398943,0
-0.07167930347893217,-0.1368380233144575,0
0.0021566326307296715,-0.018727297540073646,0
-0.03405945059744213,-0.28276947436218974,0
-0.006041482821917313,-0.04560614210034636,0
0.09203930441252756,0.7830457419235056,0
-0.0011282177341672998,-0.4524305140144304,0
0.13567476633436756,3.450252538720273,0
-0.1377563852891369,-0.3917383732680108,0
0.08866001408753323,-1.2259043974399,0
-0.1377563852891369,-0.3917383732680108,0
-0.1377563852891369,-0.3917383732680108,0
0.03259082981163843,2.0095879374757777,0
0.008669770101051289,-0.7792261324165688,0
0.017199739928494696,-0.0479681077249588,0
0.006402873760777805,-0.8653518611803411,0
-0.08676681574677624,0.08045686491678054,0
-0.1377563852891369,-0.3917383732680108,0
0.16953504856405413,1.5284422864660399,0
-0.03996938653467484,0.06240042308530146,0
0.04454053666511606,-0.7693719569847869,0
-0.1377563852891369,-0.3917383732680108,0
-0.004605981129851238,0.7595957851756938,0
-0.01826245255728987,-0.7901608137931062,0
0.12227781476803723,-0.8742045548183375,0
-0.07980242018541771,-0.08412353773338763,0
0.14526798149604572,4.049680165328437,0
0.11241016968743006,-0.5834757570390031,0
0.04103525505096698,-0.8846987639077541,0
0.14483027921542177,4.049692807390585,0
-0.001324072527823504,-0.7497269723147592,0
-0.0958701428491284,-0.2848087205510569,0
0.26325334752146284,-2.138956411213977,0
0.22390186501832235,-2.119476636829194,0
-0.008639018524754231,1.0970717797697622,0
0.01599374703593978,-0.36331525207339915,0
-0.056536409469348306,-0.6259936179337666,0
-0.0028943623084871396,-0.32951061032366347,0
0.20824485347230726,1.5798880224858085,0
-0.01694425870052641,0.10427497187222323,0
0.019091767681154552,0.03977526015503552,0
0.12340175843944134,-0.8408977770368286,0
0.01699206503599747,-0.2697506999770044,0
0.0016029924774167992,0.24668249699008948,0
0.047420485634728636,-0.6071131935784726,0
-0.04451479063432096,0.7706349699929738,0
-0.1377563852891369,-0.3917383732680108,0
-0.034846416533895926,-0.6486106383983798,0
-0.0639066378747476,0.3548577729984631,0
-0.092537838715189,1.7532431378170783,0
-0.03420440454908397,0.08030331189330626,0
0.028090090212171993,-1.0179854285163938,0
0.05245251633657653,-0.14794746966127548,0
-0.03307038647503798,-0.1308627104285615,0
-0.1377563852891369,-0.3917383732680108,0
0.032434987586171644,0.7123802265662126,0
-0.032754457573748945,0.20530076677745102,0
0.03477511726689777,-1.1461731623189049,0
-0.1377563852891369,-0.3917383732680108,0
0.051064444214411364,-1.1248620351589924,0
0.052247026065986114,0.26186750361981603,0
0.0058971602727170185,-0.5285610317613404,0
0.00924045332851063,-0.7711543213879644,0
-0.1377563852891369,-0.3917383732680108,0
-0.1377563852891369,-0.3917383732680108,0
0.049065359608671914,2.653918248310543,0
-0.0091367338730301,-0.7897850424914546,0
-0.018297470446818523,0.7539063819372225,0
0.03129886823056601,-1.2287824800341969,0
-0.1377563852891369,-0.3917383732680108,0
0.10232375076904818,-1.0818932661122647,0
-0.030446009311584376,1.2869441876639605,0
0.0070444595474119485,1.8584519152185421,0
-0.055525323840037014,0.3149553598091293,0
0.11043431564306667,-1.1706648205455654,0
0.03193766524903052,-0.963699308199128,0
-0.01893742924206233,0.19619294850288205,0
-0.03653780655776698,-0.17234673749348356,0
-0.1377563852891369,-0.3917383732680108,0
-0.1377563852891369,-0.3917383732680108,0
0.15633123172094127,4.22821792354974,0
-0.08782490138195236,-0.47037504165854604,0
-0.027956239353908178,0.35030177151830594,0
-0.008961289559174457,1.059332194452886,0
-0.05478107392336742,-0.23461658463775165,0
-0.001306100920365886,1.0016096845605795,0
0.028550142510038724,2.1927024739658045,0
-0.011331217622386577,0.5282291058014634,0
-0.026826312452612754,0.6994387787738537,0
-0.13398817307464125,-0.21298991401092005,0
-0.1377563852891369,-0.3917383732680108,0
-0.1377563852891369,-0.3917383732680108,0
-0.0019817336957704684,-0.8447426232064545,0
-0.004168591730358981,-0.08148242891288306,0
-0.024685658950831295,0.05214673230223062,0
-0.046284801138568525,0.25912280162374973,0
-0.08185188911247245,-0.009927718487478632,0
0.09811798042884042,-0.11948971672517746,0
0.08610406782873203,-0.30955658836156635,0
0.20895378918658913,-1.0463554908186061,0
-0.1377563852891369,-0.3917383732680108,0
-0.0718017907722012,-0.1260279416547311,0
-0.017926399236511195,0.04827192721467745,0
-0.1377563852891369,-0.3917383732680108,0
0.047553826521723644,2.27300291588644,0
0.04600422801415463,-0.577149454279344,0
-0.06300801547058098,-0.0822782873232113,0
-0.04402424359789789,0.5328518900518068,0
-0.013776161145934919,0.5602932216838575,0
-0.1377563852891369,-0.3917383732680108,0
0.03110934745302167,-0.4631302189654207,0
-0.08389600159887439,0.23687944995887938,0
-0.022030577734962795,-0.11908094477009296,0
-0.0312792858706326,1.3796932689130543,0
0.028542528739247446,0.42153848178354153,0
0.019864561393140075,-0.3086876413187837,0
-0.1377563852891369,-0.3917383732680108,0
0.0013971598826347357,1.744242644548429,0
0.1603154014705029,-0.7946656047769859,0
0.050639991628758846,0.3045933527310452,0
0.04119133177197017,-0.1910985228432527,0
-0.013382666437905274,1.1821053533696153,0
-0.1377563852891369,-0.3917383732680108,0
0.04654662065477362,2.475126623115348,0
-0.014678796216988371,0.5054129945722076,0
-0.1377563852891369,-0.3917383732680108,0
-0.1377563852891369,-0.3917383732680108,0
-0.1377563852891369,-0.3917383732680108,0
0.04793546740126213,2.170143701903852,0
-0.04386382232962282,0.9342559852940715,0
-0.005195599016960051,1.1348622467135416,0
-0.03875016377944332,0.09924396910681059,0
0.0059039956547681715,1.4307077202639824,0
-0.1377563852891369,-0.3917383732680108,0
-0.028172440520446027,-0.35334740374068857,0
-0.010401633318299743,0.12934241638065586,0
0.047705784801709124,-0.48820557159443023,0
-0.1377563852891369,-0.3917383732680108,0
0.020723171711306373,0.8568129106278485,0
0.04560594761245701,2.289430751756071,0
0.1269740546211523,-1.4791636860119368,0
0.0051719963822936975,-0.033032081098226196,0
0.014400892221500155,-0.8936534052843506,0
-0.036626363604607165,-0.2736540942848934,0
-0.03563314603455037,0.8432498976690602,0
0.032109422281309044,0.6738987689420681,0
-0.05971592062679754,0.5359833998733332,0
-0.1377563852891369,-0.3917383732680108,0
-0.1377563852891369,-0.3917383732680108,0
0.12252241533142881,-0.6748164127495805,0
-0.1377563852891369,-0.3917383732680108,0
0.13881622755743697,-0.8414381548786669,0
-0.007109577421999734,-0.23981574566593752,0
-0.1377563852891369,-0.3917383732680108,0
-0.07312245526813381,0.5951312255102318,0
0.011023506206623514,-0.044161103516397994,0
-0.031834483390798626,1.080934636730902,0
-0.1377563852891369,-0.3917383732680108,0
-0.008869084656788134,-0.2906815555234698,0
-0.1377563852891369,-0.3917383732680108,0
0.04066477505232098,0.08603200298437057,0
0.07707252953701911,1.0309511773307924,0
0.03843897022306683,-0.2962711996418944,0
-0.1377563852891369,-0.3917383732680108,0
-0.1377563852891369,-0.3917383732680108,0
0.114921740640053,-1.9462325958973188,0
0.017776633779374492,-0.4713075034248788,0
0.013290834118952991,-0.1934651128090032,0
-0.1377563852891369,-0.3917383732680108,0
-0.045106041843130065,-0.07634705195676864,0
0.054981274165670294,-0.7006562737211637,0
0.2464723034667188,-1.6370171742775088,0
-0.1377563852891369,-0.3917383732680108,0
-0.1377563852891369,-0.3917383732680108,0
0.011635944136415902,-0.675241217472407,0
-0.07928965466545454,0.11793424792440872,0
-0.02956943590716104,1.19616903519792,0
-0.0010707808862257893,-0.760499456309816,0
-0.0014577053909129167,-0.3112650393512995,0
-0.06416286034412115,0.7550049866841276,0
-0.1377563852891369,-0.3917383732680108,0
0.03986802776110278,-0.3232611270950616,0
0.0002492336097223965,0.3088073842756413,0
-0.054138949617348615,-0.778349951713168,0
-0.029777671626435402,0.3910767064167804,0
-0.0573357231983473,0.6339172427238341,0
-0.04014065399007389,0.0066890820931040625,0
0.16347901979546733,2.0122553299412194,0
0.026038293251229354,-0.9431733511349905,0
-0.02881174355612109,1.032614220321307,0
-0.061486961591528215,0.24780895921480445,0
0.062245083119303664,0.21712889440061472,0
0.06312589864513442,1.323411004102605,0
0.003755555214725506,0.1477770909325676,0
0.0003448266691256214,0.3213333032570663,0
-0.05380074763007288,0.49431081081303596,0
-0.008192508135617905,0.44206217382407986,0
-0.09032066265297402,0.34848315812191133,0
-0.1377563852891369,-0.3917383732680108,0
-0.1377563852891369,-0.3917383732680108,0
-0.020044829411744045,0.6819690937819264,0
-0.1377563852891369,-0.3917383732680108,0
0.03517723404505296,0.41968426694822414,0
0.0015260824206637968,0.9367192830315973,0
-0.025141442914357017,0.26857743541764567,0
-0.05658316915831161,0.4184430709992393,0
-0.1377563852891369,-0.3917383732680108,0
-0.0204429969757545,-0.37362316737584467,0
-0.03191187796965086,-0.40995492632700814,0
-0.04245506033931283,0.7882685347079853,0
-0.1377563852891369,-0.3917383732680108,0
0.04373554983352368,1.3006902438530494,0
-0.1377563852891369,-0.3917383732680108,0
0.08815587553949501,-0.4218492264794005,0
-0.037997677919001854,1.4461313762762884,0
0.08071911696595795,-1.0644573702897124,0
-0.1377563852891369,-0.3917383732680108,0
-0.05525020356572989,0.44683070216243026,0
0.49423045591548004,0.6542105250745041,0
-0.08928915236165125,0.03504322984466335,0
-0.031739409034693716,1.1782890518648232,0
-0.017593365576030483,0.9249458112413731,0
-0.00143432996847642,-0.42895362358149686,0
-0.07958721791259034,0.47645884612390854,0
-0.1377563852891369,-0.3917383732680108,0
-0.11301137093127683,-0.45938465725707217,0
-0.04018832275372332,0.8757301115936063,0
-0.02762530818101962,0.24369543194367313,0
-0.1377563852891369,-0.3917383732680108,0
-0.024553540880985866,0.3835384622192736,0
0.060375648439067904,3.036012613996207,0
-0.1377563852891369,-0.3917383732680108,0
-0.1377563852891369,-0.3917383732680108,0
0.05812923815138879,1.83210442221084,0
-0.14152459750363255,-0.5704868325251016,0
-0.1377563852891369,-0.3917383732680108,0
0.04488065630731043,2.4751841776994867,0
-0.028765952226858585,0.723570485815781,0
0.0860565880003238,0.5696157118931108,0
-0.14152459750363255,-0.5704868325251016,0
0.09765484989516114,1.7751878896705298,0
-0.1377563852891369,-0.3917383732680108,0
-0.1377563852891369,-0.3917383732680108,0
-0.00754052435941234,-0.3363671898179542,0
-0.1377563852891369,-0.3917383732680108,0
-0.1377563852891369,-0.3917383732680108,0
-0.05081847505153701,0.98913059745116,0
-0.1377563852891369,-0.3917383732680108,0
-0.1377563852891369,-0.3917383732680108,0
-0.05097812646841204,0.28863877305872837,0
-0.04426266743883638,0.8503551627492829,0
0.007362793275162923,0.9941785979700424,0
-0.1377563852891369,-0.3917383732680108,0
0.015085945746655867,0.5587147477653771,0
-0.1377563852891369,-0.3917383732680108,0
-0.01890941859784557,-0.4189421655310498,0
-0.1377563852891369,-0.3917383732680108,0
-0.013926441720956055,0.8270578955593466,0
-0.04491208227889641,0.5323384601346606,0
-0.013800057122440618,0.24971606313994144,0
-0.1377563852891369,-0.3917383732680108,0
-0.06016118205722507,0.5520863718883942,0
0.006547574788431695,0.6838439506693867,0
-0.03298325801530896,0.43676010343927085,0
-0.1377563852891369,-0.3917383732680108,0
0.1042675342822013,3.0736664810222103,0
-0.1377563852891369,-0.3917383732680108,0
0.05136461554248721,-0.6398650958406069,0
-0.1377563852891369,-0.3917383732680108,0
0.023728602236978414,-0.1475090081726143,0
0.03219659794478499,1.79618459643189,0
-0.1377563852891369,-0.3917383732680108,0
-0.1377563852891369,-0.3917383732680108,0
0.05853532206931219,0.8636252155336861,0
0.04508890185074333,2.475176983376469,0
-0.1377563852891369,-0.3917383732680108,0
0.011461397901518225,0.7356739535480928,0
-0.1377563852891369,-0.3917383732680108,0
0.014279311734628812,0.8154124041572092,0
0.11082622412653105,-0.4396702503576918,0
0.16246705196004907,0.4837828849425092,0
-0.1377563852891369,-0.3917383732680108,0
-0.1377563852891369,-0.3917383732680108,0
-0.015659590661954426,-0.25692396045886773,0
-0.03940368756832519,-0.12398068074105097,0
0.012537023373182955,-0.1654548853292923,0
-0.054233737352778325,1.0148773183867241,0
0.22619804831529255,-0.8966339978363621,0
0.2969442607255459,-0.2696721682160165,0
-0.06951120929801048,0.36903950018522447,0
0.23772378131023753,-2.187235771297076,0
0.05510448036822604,2.6537096129430418,0
-0.05440989864009027,0.04564825292527902,0
0.19624829539160898,-0.4842352937109225,0
0.34316975742837125,-1.3723903397866795,0
-0.038454895752422454,0.9002130613993636,0
-0.008764843482658144,0.03625230126073438,0
-0.008896562859062743,1.3254725962324878,0
-0.046804774342688794,0.9403262979135567,0
-0.06364140564015586,-0.18423700336958243,0
-0.1377563852891369,-0.3917383732680108,0
0.30109775465496463,-0.21033174833576745,0
-0.1377563852891369,-0.3917383732680108,0
-0.1377563852891369,-0.3917383732680108,0
-0.041088711706527635,0.0014916851844831275,0
-0.1377563852891369,-0.3917383732680108,0
-0.06272945954419289,-0.6949096509761882,0
0.03681625590360824,1.0186427031828313,0
-0.07029356109200724,0.26918254033879024,0
-0.1377563852891369,-0.3917383732680108,0
0.013029258825362862,0.22037469023288841,0
-0.0431170706446101,0.024044304538268495,0
-0.04100312590498894,0.7657739661913369,0
0.020212763188939727,1.3494343396835589,0
-0.03732954263257719,0.005966732371573563,0
-0.029026989163296334,0.02009193594624332,0
-0.1377563852891369,-0.3917383732680108,0
-0.1377563852891369,-0.3917383732680108,0
-0.1377563852891369,-0.3917383732680108,0
-0.13398817307464125,-0.21298991401092005,0
0.12783722495756966,-0.4449282119618493,0
-0.1377563852891369,-0.3917383732680108,0
-0.020191808396241923,-0.520402566495169,0
-0.029520273125641268,-0.09031388989825143,0
-0.059089641500127424,-0.440579076159739,0
-0.04403406905696973,0.2667326843612234,0
-0.019310965665952008,-0.4229478336416277,0
-0.01063699533079116,-0.20704868267910978,0
0.011538567900901587,-0.183614768128636,0
-0.026193834353078965,-0.03748004570814473,0
-0.04328706472936243,-0.16841687498161492,0
-0.1377563852891369,-0.3917383732680108,0
-0.04858731050301601,0.7290108286887383,0
-0.048477081717629336,0.9788288638963931,0
-0.07575607512375021,0.2866440805319505,0
-0.044911698932525126,-0.583432226457791,0
-0.021124701366031534,0.06532588578301037,0
-0.03191020065942673,0.6245849125718268,0
-0.13398817307464125,-0.21298991401092005,0
0.021126946162629657,-0.018562771735413475,0
-0.03454314338579898,0.12913913868274018,0
0.010076218893602102,-0.5230573754753198,0
-0.1377563852891369,-0.3917383732680108,0
0.3110727522623078,-0.7804736892274389,0
-0.004996994906356637,-0.4797835718749888,0
0.08781515889326058,-0.31842118969027133,0
0.05653308495690429,-0.7377514683182484,0
-0.1377563852891369,-0.3917383732680108,0
0.06140620202914638,0.07068020154915801,0
-0.02348518686058933,-0.3960423423668932,0
-0.1377563852891369,-0.3917383732680108,0
-0.049490005107529045,0.4994926940802574,0
-0.1377563852891369,-0.3917383732680108,0
0.07902836168822286,0.5389884918078836,0
0.04613041976115205,0.5595311478897662,0
0.22008694130021755,1.3324993803487084,0
0.2767103315838495,0.786606694257645,0
0.01334576538188351,-0.18184492035330366,0
-0.0732312394149674,-0.12622867439653737,0
0.029297897912192877,-0.4947339146764596,0
-0.027733558623860836,0.07569396176466477,0
-0.032923021482475945,-0.3799391323637275,0
-0.03945933210725554,0.0011246345639632622,0
-0.1377563852891369,-0.3917383732680108,0
-0.1377563852891369,-0.3917383732680108,0
-0.0459090483055336,-0.10169175573032264,0
-0.018083491247638604,-0.43537985986428696,0
0.005194010845394086,-0.18516658092279786,0
0.07992534706230103,0.6880497802527736,0
0.02713936916507696,-0.1525514270663885,0
0.03234907577060525,0.6227381611234342,0
-0.04839238211117371,0.45728085266349794,0
-0.1377563852891369,-0.3917383732680108,0
-0.1377563852891369,-0.3917383732680108,0
0.09298593366003739,-0.7916645752900963,0
0.09816380952253272,1.9781015569269058,0
-0.13398817307464125,-0.21298991401092005,0
0.11062514192458792,0.7948941209041909,0
-0.07684490066550277,-0.44229158785476297,0
0.05005954608393296,-0.08957553619231975,0
0.19977269038953757,0.07826148288459708,0
0.14058571613647705,-0.11909075780561165,0
-0.09630605092968465,1.5744946785599876,0
0.024928033842677718,0.3761350307933199,0
-0.1377563852891369,-0.3917383732680108,0
-0.02272816417967096,-0.37050492974684557,0
-0.1377563852891369,-0.3917383732680108,0
-0.1029295869859071,0.020645965643602753,0
-0.028117173858766997,-0.6966046903222004,0
0.31463355654661873,4.2236457110731305,0
0.10483238586356068,-2.0055410365431334,0
-0.1377563852891369,-0.3917383732680108,0
0.0315777219209701,-0.6108188499285054,0
-0.043323997683777406,0.21583439593572085,0
0.003080335667669939,-0.17211373702067667,0
-0.1377563852891369,-0.3917383732680108,0
-0.1377563852891369,-0.3917383732680108,0
0.10906763482950178,0.06639213190016534,0
0.06242638293051051,-1.2821886224977332,0
-0.1377563852891369,-0.3917383732680108,0
0.06461166505120829,-0.820379438462021,0
0.03959214724391959,-0.021507589456258056,0
-0.0940410162427169,0.1673324542216029,0
0.06328501226322669,-1.1563665397478933,0
0.07049909715731968,0.2384934299455751,0
-0.020921707575958112,0.15552397991035385,0
-0.1377563852891369,-0.3917383732680108,0
-0.046417181838957974,0.538986427595802,0
0.06353531679661265,-1.0622277399216828,0
-0.06778457758847967,0.07821721161184762,0
-0.02818515625065725,-0.09525403291585922,0
-0.07534842167027346,0.0015582422808314545,0
-0.12645174864564993,0.14450700450326134,0
0.008759212077928884,-0.803263800054458,0
0.03313650827716459,-0.8739741393020404,0
-0.1377563852891369,-0.3917383732680108,0
-0.1377563852891369,-0.3917383732680108,0
-0.06748071636628761,-0.5256764791822783,0
0.006086375121685358,0.21042239785562789,0
-0.016564107684068206,-0.3126815297181522,0
-0.1377563852891369,-0.3917383732680108,0
-0.053541933954359695,0.16587312152545317,0
0.0843177008247772,-0.7001225294442597,0
0.15236996712780548,-1.2699494731481134,0
0.01268037504520583,1.4887207716048108,0
0.06056919998077488,-0.9690874480413518,0
-0.06214609772099601,0.01911093918495314,0
-0.04564401359392309,0.564046337092174,0
0.03879374631312424,-0.7395345468585888,0
0.07967647216147626,-1.233617347718304,0
-0.1377563852891369,-0.3917383732680108,0
-0.03741550738843291,0.4733858692929923,0
-0.04622611027115019,-0.10634732301959618,0
-0.05826529781680233,0.41424163554294,0
-0.005384833599735199,-0.2303154017392267,0
-0.1377563852891369,-0.3917383732680108,0
-0.05468713507215374,0.6387359765185371,0
-0.031241536327726083,-0.4955141048214726,0
-0.10384247535867598,1.216997760045806,0
-0.050516664602265886,-0.40878595529539896,0
0.04696311174163944,2.475112234469314,0
0.025727673296468224,-0.7345400956938809,0
-0.03015191018003644,0.06124134184965334,0
-0.1377563852891369,-0.3917383732680108,0
-0.1377563852891369,-0.3917383732680108,0
-0.1377563852891369,-0.3917383732680108,0
-0.02972242489958968,0.44030283448390395,0
-0.00450482003550998,0.23865173707137105,0
0.20247150925371177,0.5157763594362004,0
-0.11137889978766728,0.8595008415316244,0
0.2247850156251298,0.1101690968364963,0
-0.1377563852891369,-0.3917383732680108,0
-0.1377563852891369,-0.3917383732680108,0
0.14526798149604572,4.049680165328437,0
-0.1377563852891369,-0.3917383732680108,0
-0.049905862936896035,-0.49845674803576473,0
0.11450351348903812,-0.9779381850628367,0
-0.011326133505813222,-0.14962905784356836,0
-0.02313911573491698,-0.5360774811765346,0
-0.05297789154961931,0.3613864519206217,0
-0.1377563852891369,-0.3917383732680108,0
-0.1377563852891369,-0.3917383732680108,0
-0.1377563852891369,-0.3917383732680108,0
0.052160421449699595,-0.6483905404562313,0
0.05508814410670336,-1.0999075360053323,0
-0.029691106333895816,1.2771453815428915,0
-0.03367111023785981,-0.05812821373344881,0
0.04137364185044982,0.85839539177386,0
0.08174644535921727,-0.7809921470803604,0
-0.1377563852891369,-0.3917383732680108,0
0.07930808849592323,-0.06810725338065694,0
0.14957871134826276,0.05458603068481267,0
0.34370677687067,-0.25087841785385145,0
0.1000850298367724,0.22345538378045093,0
-0.03665402321827205,-0.017233375940972354,0
0.025755250024987755,-0.44182544222992076,0
0.021975906921602176,-0.47043128060568523,0
-0.02361089354435587,0.08519712951302301,0
0.00994388183533893,-0.5214562577829507,0
-0.14152459750363255,-0.5704868325251016,0
-0.1377563852891369,-0.3917383732680108,0
0.033403835909625014,0.889275873581003,0
0.04444800653719501,-1.5270507283392833,0
-0.050664234644378955,-0.17732145500690857,0
-0.04143615379462296,-0.27979849335271695,0
0.03016799004141514,-0.2571284281596992,0
0.05226375583401852,-0.07489655176356459,0
0.04302987170001636,-0.041176006820867174,0
0.22793049618412142,0.11861021685563873,0
-0.1377563852891369,-0.3917383732680108,0
-0.009968132769093372,-0.4619981477994258,0
0.07815725678606669,-1.0177615564133395,0
-0.1377563852891369,-0.3917383732680108,0
-0.1377563852891369,-0.3917383732680108,0
0.1992688192912924,-1.8443863574993753,0
-0.1377563852891369,-0.3917383732680108,0
0.0785040440489955,-1.0181065738954702,0
0.013370311272042657,-0.7315282604555035,0
0.004105272254050656,-0.11295605490931276,0
0.08701315222529653,-0.5063945978606129,0
-0.1377563852891369,-0.3917383732680108,0
-0.010031064099763471,-0.3894896199310188,0
0.07730556137527417,1.260497646098494,0
-0.1377563852891369,-0.3917383732680108,0
-0.0626452344690123,0.5907378407036724,0
-0.04851979463709757,-0.017488216574980602,0
-0.03581962967287516,-0.0027374987807459194,0
0.050608132266791415,2.081500543904161,0
-0.1377563852891369,-0.3917383732680108,0
0.07728929594506183,-0.865973129538392,0
0.12902683304345142,-1.2955976130944946,0
-0.1377563852891369,-0.3917383732680108,0
-0.1377563852891369,-0.3917383732680108,0
0.058630873956346745,-0.5423223030700236,0
0.13976008410655608,-0.5853344947908435,0
-0.1377563852891369,-0.3917383732680108,0
0.06120831015496237,-0.6034133009779101,0
-0.035781851529008056,0.12257565774918396,0
-0.008312481634618231,-0.21293170716457852,0
-0.05922195623148217,-0.4338548992019809,0
-0.1377563852891369,-0.3917383732680108,0
-0.14152459750363255,-0.5704868325251016,0
-0.1377563852891369,-0.3917383732680108,0
-0.1377563852891369,-0.3917383732680108,0
-0.05211287114998646,0.6705425558428649,0
0.008338962589704206,1.0693624463746345,0
-0.1377563852891369,-0.3917383732680108,0
-0.04682942911491129,0.14436477977918405,0
0.14483027921542177,4.049692807390585,0
0.034679621737536546,-1.0116702274730431,0
-0.03632657526148023,-0.0752341864829326,0
-0.06945000107773672,0.4762065626438514,0
-0.1377563852891369,-0.3917383732680108,0
-0.1377563852891369,-0.3917383732680108,0
0.050060348362184516,-0.7233740737946948,0
0.015420680536246272,-0.1015271548041112,0
0.08808644596143829,3.368084738191921,0
0.11783555252884709,-0.7245957851182958,0
-0.1377563852891369,-0.3917383732680108,0
-0.1377563852891369,-0.3917383732680108,0
0.05525118037034311,-0.3575956202045873,0
-0.05173667157781837,0.3527301817790458,0
0.008295365313898014,-0.43971464992155795,0
-0.1377563852891369,-0.3917383732680108,0
-0.038059548797746756,-0.18063794231843233,0
-0.1377563852891369,-0.3917383732680108,0
0.10159335177210274,-1.7192203666044177,0
-0.1377563852891369,-0.3917383732680108,0
5.965452924123414e-05,0.6315899950236913,0
0.06278854974184633,-0.7241912887797228,0
-0.006319916757796743,1.4572516709622412,0
-0.0030582244451802685,0.6550228216691923,0
-0.05138095901556159,0.9597289666399853,0
0.018686149819181163,-0.6692325981717668,0
-0.1377563852891369,-0.3917383732680108,0
-0.1377563852891369,-0.3917383732680108,0
-0.06593211958316372,-0.610459665626222,0
-0.1377563852891369,-0.3917383732680108,0
0.35997074126496315,-1.4507391869310529,0
-0.1377563852891369,-0.3917383732680108,0
0.10177159632874956,-0.22197554758673554,0
0.21147584284488188,-0.6068368857809923,0
0.02561311150449567,0.22483912899680003,0
-0.10702376236409808,-0.02334229741449226,0
0.26970478750759724,0.16158478815517027,0
-0.05276028040362345,-0.08552450822369011,0
-0.1377563852891369,-0.3917383732680108,0
-0.11732113418855755,-0.13703075711094703,0
-0.012266569791192582,0.6206812811844886,0
-0.1377563852891369,-0.3917383732680108,0
-0.1377563852891369,-0.3917383732680108,0
0.03901710750864591,0.06265373726738362,0
-0.0007110756192759295,0.03812383449491946,0
-0.1377563852891369,-0.3917383732680108,0
0.2010190902108205,-1.0404873180455534,0
0.17039169716183977,-0.18914376067027408,0
-0.1377563852891369,-0.3917383732680108,0
0.0573686037328442,-0.743936066287492,0
-0.03977635303562941,0.38056241176932826,0
0.030316439196961774,2.160876452108994,0
-0.1377563852891369,-0.3917383732680108,0
-0.1377563852891369,-0.3917383732680108,0
0.27903710085621053,-1.177331791583155,0
0.045713638481042033,2.4751554004074174,0
-0.03717437195557053,-0.03956225523798061,0
-0.025696052777708568,0.31792212393374397,0
-0.1377563852891369,-0.3917383732680108,0
0.011759133194567617,0.27839933422734425,0
0.16302834407573555,-2.344612315589664,0
-0.1377563852891369,-0.3917383732680108,0
0.0726679937761444,-0.6769892481834059,0
0.011854574640081024,-0.7676611793409004,0
-0.1377563852891369,-0.3917383732680108,0
-0.09539609520135788,0.08129317090776685,0
-0.1377563852891369,-0.3917383732680108,0
0.16499340421553074,-0.304046097401749,0
-0.038704912281497125,-0.2315937924925458,0
-0.1377563852891369,-0.3917383732680108,0
-0.1377563852891369,-0.3917383732680108,0
0.06257480943415013,1.8990967867121407,0
0.0076020910955987234,1.4627263223032867,0
-0.1377563852891369,-0.3917383732680108,0
-0.1377563852891369,-0.3917383732680108,0
-0.1377563852891369,-0.3917383732680108,0
0.05087501555683126,1.0340253195079954,0
-0.0306259362157082,0.8870591586175866,0
-0.022095746625725728,-0.08585083685018494,0
-0.002273785422820639,0.4034602071663453,0
-0.05199602170852449,0.4336680994303628,0
-0.00859716907710648,-0.4303323982721141,0
0.05720775102275688,-1.2454359061384628,0
-0.010106802709319958,-0.8275215994697993,0
-0.1377563852891369,-0.3917383732680108,0
-0.07154436971551985,-0.2430823694236475,0
-0.1377563852891369,-0.3917383732680108,0
-0.053497249040430746,-0.017892318936944446,0
0.08176147629468572,0.41890175226010484,0
-0.003178876564026444,1.5371878477635745,0
-0.1377563852891369,-0.3917383732680108,0
-0.1377563852891369,-0.3917383732680108,0
-0.1377563852891369,-0.3917383732680108,0
0.38586361699080884,-1.0515921916885158,0
-0.012740571120926872,-0.4592838613007784,0
-0.1189153242166586,0.5020039230174429,0
-0.11137889978766728,0.8595008415316244,0
0.044672410763877526,2.475191372022504,0
-0.1377563852891369,-0.3917383732680108,0
-0.046974763173070255,-0.08007823352054917,0
-0.07667976791515968,0.29731096112242694,0
0.007234823557018242,1.1993368063500782,0
0.054601767994617786,-0.8657408024696589,0
0.023562167684109472,-0.005140656484775355,0
-0.0010619854026444474,-0.6268126022012492,0
-0.10999784999176852,-0.13943179761646057,0
0.03709652928034266,-0.7601481041599659,0
0.12886390456347516,1.1992089107593809,0
-0.14152459750363255,-0.5704868325251016,0
-0.1377563852891369,-0.3917383732680108,0
-0.1377563852891369,-0.3917383732680108,0
-0.08290670292857313,0.4138564591388375,0
0.044672410763877526,2.475191372022504,0
-0.1377563852891369,-0.3917383732680108,0
0.18685317748631233,-1.7533601368939353,0
0.004049564215124226,0.01721187617893488,0
0.036996275389435465,-0.06416466065036688,0
-0.1377563852891369,-0.3917383732680108,0
0.08733196165046217,0.1845689967458855,0
-0.010201399275590111,-0.17432981066226336,0
-0.1377563852891369,-0.3917383732680108,0
-0.1377563852891369,-0.3917383732680108,0
0.0047584427801842235,-1.2450082076914182,0
0.03843706548728388,-0.48685434917315323,0
0.08144689201273927,0.14573553867788558,0
0.0038638355709982616,-0.08190044134495728,0
0.12924598180331567,-0.8008610442410138,0
-0.03393985439481907,0.9293612528459132,0
0.22376024447171236,-0.6217127772011369,0
-0.002849438987391518,1.324639146136645,0
-0.0157214670949645,0.8936198183121966,0
-0.009068727717982731,0.3992165249802403,0
-0.06466902574404441,0.16856377213779425,0
-0.1377563852891369,-0.3917383732680108,0
-0.1377563852891369,-0.3917383732680108,0
0.1294224776187085,1.6361529194850333,0
0.1914699238248573,2.2056930318885115,0
0.1418736980514233,-0.8744455987231337,0
-0.025277499479449392,-0.1287341104254985,0
-0.1377563852891369,-0.3917383732680108,0
0.1338316593537781,1.267847212393846,0
-0.04958568115742566,0.01621041700508836,0
0.03177333162920899,0.6656415431761428,0
0.13765043440740402,-1.3044610951090612,0
0.008867951917384603,-0.8903889537829757,0
0.06550180698160372,-0.884094944437685,0
-0.021478692318296296,0.8782501408210388,0
0.16133531467593432,-1.5748533320518376,0
-0.013211669983268101,0.12233176364002739,0
-0.007850188514934717,-0.3163792565787107,0
-0.10153231885800479,-0.0887498529918779,0
-0.0639496164180719,0.2622035205302413,0
0.2772840842136694,-0.6025876892597577,0
-0.1377563852891369,-0.3917383732680108,0
-0.1377563852891369,-0.3917383732680108,0
0.06707509955910548,-1.3167854932384173,0
0.028509078403402183,-0.9554185437519691,0
-0.015466572144683513,0.43301995699815743,0
0.12513973769677783,0.7247068577619342,0
-0.03458726734440187,-0.26846536261236653,0
-0.1377563852891369,-0.3917383732680108,0
0.031437829173219536,-0.7208874266984422,0
-0.1377563852891369,-0.3917383732680108,0
-0.04714186349612003,-0.18274019909332734,0
-0.03308669408563062,-0.38451308796985584,0
0.045108641197864466,-0.6833243532628483,0
-0.1377563852891369,-0.3917383732680108,0
-0.09113471886327489,-0.18931216863888772,0
-0.07457894406966556,-0.028099409448035424,0
0.0289855647648773,2.223292171454102,0
-0.1377563852891369,-0.3917383732680108,0
0.037595446593742636,1.5359132738253531,0
-0.1377563852891369,-0.3917383732680108,0
-0.037356577642371394,-0.5202995458931772,0
-0.1377563852891369,-0.3917383732680108,0
0.024151818468102968,2.1216150146882575,0
0.06502819684896054,2.3816067193168076,0
0.05044682473581502,-0.13429020531349792,0
-0.013166427679737237,-0.18114060394036,0
-0.0002300008013199697,-0.6289633052338294,0
-0.039065568745253826,0.4020437282943762,0
-0.1377563852891369,-0.3917383732680108,0
0.022768529399505306,-0.7826097929762426,0
-0.13398817307464125,-0.21298991401092005,0
0.011687523865084594,-0.8578554774454751,0
-0.1377563852891369,-0.3917383732680108,0
-0.08810788550032383,0.30731341558548014,0
-0.1377563852891369,-0.3917383732680108,0
0.05404994275185082,-0.45482917735908607,0
-0.02886810922470587,-0.3680160761125613,0
-0.021915385727177605,-0.596589423000279,0
-0.1377563852891369,-0.3917383732680108,0
-0.1377563852891369,-0.3917383732680108,0
-0.1377563852891369,-0.3917383732680108,0
0.016782111704510234,-0.4711712629364053,0
0.027596630132086197,-0.8053936558353069,0
-0.032918828900486426,-0.7032847181815258,0
-0.1377563852891369,-0.3917383732680108,0
-0.1377563852891369,-0.3917383732680108,0
0.019009820648522652,-0.6503720105452293,0
0.01815334175138724,0.0015540425969465372,0
-0.04087693388559296,0.41826582515084004,0
-0.028032529018655473,-0.29649824952195203,0
-0.09603920234507164,0.010364908881476158,0
-0.1377563852891369,-0.3917383732680108,0
0.07251817175841868,-1.461849984206596,0
-0.02081753165441979,0.8883232194761107,0
-0.1377563852891369,-0.3917383732680108,0
-0.1377563852891369,-0.3917383732680108,0
0.11933575176396603,-0.4492334562130598,0
-0.02474500214664147,1.1338608041182563,0
0.0678320059883637,-0.9237694405123964,0
0.09480123980585319,-0.896296613726116,0
-0.06365444121781395,-0.1277098116215116,0
0.04488065630731043,2.4751841776994867,0
0.04870311862271366,-1.019241637505955,0
-0.06272531454026467,-0.5482876312409997,0
-0.056604707014114033,0.6025999947404187,0
-0.02633490917557584,1.7147801068925028,0
-0.1377563852891369,-0.3917383732680108,0
0.008742737962508828,-0.7686322578674186,0
0.20920232285512086,-2.1816539919607387,0
0.009202321297399702,-0.7773885265389007,0
0.00550275919018569,0.2726045841088686,0
-0.0786086219324061,0.2673961959956202,0
-0.1377563852891369,-0.3917383732680108,0
-0.1377563852891369,-0.3917383732680108,0
-0.1377563852891369,-0.3917383732680108,0
-0.1377563852891369,-0.3917383732680108,0
-0.1377563852891369,-0.3917383732680108,0
-0.017362436035724623,-0.06397717191969554,0
-0.007184514439709354,0.37261892535619334,0
-0.1377563852891369,-0.3917383732680108,0
0.01638805777779749,-0.874587499009526,0
-0.00427232216339062,-0.8524407241409596,0
0.07649526134241266,0.6636076184151741,0
-0.1377563852891369,-0.3917383732680108,0
-0.0339040255827364,-0.28770442172603955,0
-0.1377563852891369,-0.3917383732680108,0
-0.019561512176857625,0.9538172570686989,0
0.03197655178457478,0.5923087901591615,0
-0.1377563852891369,-0.3917383732680108,0
-0.1377563852891369,-0.3917383732680108,0
0.058820228919963725,-0.9267333278112909,0
0.002282333856379717,-0.749590423491888,0
0.15751309994645807,-1.9399450769489577,0
-0.008935745317115934,0.043381930695666246,0
0.1010169906948837,-1.4638244680278212,0
-0.11077496719146135,-0.32615892316015427,0
-0.057550244683787076,-0.19618021209435027,0
0.24345466935470686,-1.497453596420022,0
0.14497617997562975,4.0496885933698685,0
0.11889064753578474,-0.39032793414418415,0
-0.1377563852891369,-0.3917383732680108,0
-0.1377563852891369,-0.3917383732680108,0
-0.1377563852891369,-0.3917383732680108,0
-0.1377563852891369,-0.3917383732680108,0
0.004354076505889127,-0.7946515053100178,0
-0.08664210702559288,0.07987234820899629,0
-0.08693136822448314,-0.33101030644201623,0
0.033252239404338794,-0.713325510176097,0
0.027791369238385093,-0.984843978028489,0
-0.1377563852891369,-0.3917383732680108,0
0.08815862080646222,-0.4421627139416223,0
0.04696311174163944,2.475112234469314,0
-0.1377563852891369,-0.3917383732680108,0
-0.1377563852891369,-0.3917383732680108,0
-0.07800605805718044,0.3583472612460246,0
-0.02829319568986376,-0.31405731908871054,0
-0.0587899925093938,0.6770699760385119,0
-0.1377563852891369,-0.3917383732680108,0
0.0038903641339947926,-0.03518329586269663,0
0.014217607486307144,-0.5395635998899908,0
-0.04860760173095762,-0.6055788623674796,0
-0.10744473631169534,-0.29286037626399236,0
0.07982790214399019,1.6116133184366221,0
0.09924366844786967,1.0003407829246176,0
0.04490467559226193,-0.8097826971558659,0
0.024464082890429624,-1.018475984635649,0
-0.056795050390867456,-0.12783544495162516,0
0.04748319366277633,2.1662624809723225,0
-0.1377563852891369,-0.3917383732680108,0
-0.1377563852891369,-0.3917383732680108,0
0.2903772862278298,1.9287328113958762,0
0.06463107011939183,-0.6480088805387684,0
0.04829544838383536,-0.5741914055314224,0
-0.1377563852891369,-0.3917383732680108,0
0.22554737588572124,-1.3907692646610472,0
-0.1377563852891369,-0.3917383732680108,0
-0.0031744908777890154,1.3968017669175605,0
-0.1377563852891369,-0.3917383732680108,0
-0.1377563852891369,-0.3917383732680108,0
-0.14152459750363255,-0.5704868325251016,0
0.022043254342239155,1.8711154954666005,0
-0.06038902266054242,0.3432741763582016,0
0.025073891375897682,-0.794613163198054,0
-0.011268908603454251,-0.23694559356484537,0
-0.028118364378952418,0.9201854013847978,0
-0.049294606856668,0.9548215051293834,0
-0.1377563852891369,-0.3917383732680108,0
-0.1377563852891369,-0.3917383732680108,0
-0.1377563852891369,-0.3917383732680108,0
0.052118857686278414,-1.1460559363172307,0
-0.07194046312229259,-0.35617027629627196,0
-0.004860577209226067,-0.4839219494493578,0
-0.1377563852891369,-0.3917383732680108,0
-0.1377563852891369,-0.3917383732680108,0
-0.050819876441806314,0.9403935796192255,0
-0.027450804292976774,-0.006159323210109246,0
0.031141845236146076,-0.7614826511664431,0
-0.037934631317844865,-0.5593874294411141,0
-0.01953605994229488,0.14295817618241122,0
0.0609400226807675,-1.0211125823884761,0
-0.1377563852891369,-0.3917383732680108,0
-0.07489267477969888,0.5692196887803131,0
-0.004488162432535127,1.0801171365213253,0
-0.04643225833584085,-0.0581153413175611,0
-0.017408403791412567,-0.5699603374054035,0
-0.1377563852891369,-0.3917383732680108,0
-0.00726647110441207,1.5271368088852186,0
-0.05797230710145893,0.08971631174208981,0
0.13484506297907917,-1.4195279921798454,0
0.011657608602834013,1.5532162641999914,0
0.0056175193401728826,0.7799465586341855,0
-0.04987295786611666,-0.1445074980684746,0
-0.04139192666412302,0.18914450610000266,0
-0.1377563852891369,-0.3917383732680108,0
-0.1377563852891369,-0.3917383732680108,0
-0.11573527668723643,-0.2001806429302948,0
-0.06508647733815616,0.19234153313419325,0
-0.05218329042473646,-0.3754327515773048,0
-0.0331911779179783,-0.12559480383628885,0
-0.011989236109399398,0.05357374639781272,0
0.1957056605861112,-1.6023989831912926,0
0.03236097097377164,-0.8409897200007869,0
-0.05026278599159509,0.7084625247854204,0
-0.1377563852891369,-0.3917383732680108,0
-0.1377563852891369,-0.3917383732680108,0
-0.048539315087689765,0.5409652395986856,0
-0.04911733780363694,-0.11711257990735036,0
-0.04220089506757272,-0.08703726858572067,0
-0.04232696170968901,0.5031493986911516,0
-0.07671249042136977,-0.11290279446655542,0
-0.0010685398776460377,-0.5521120524755918,0
-0.056909593511156924,0.3456302190328765,0
-0.1377563852891369,-0.3917383732680108,0
-0.029905953431153903,0.36097656766991365,0
0.010137188722505769,0.6321031205525725,0
-0.06651482728290874,0.058859686835284315,0
-0.0019190956443047476,0.138303283623161,0
0.047799350705456496,-0.7728572059757746,0
-0.14152459750363255,-0.5704868325251016,0
-0.04798798394226956,-0.2107506748110548,0
-0.0037293300766601057,-0.9941591894346591,0
-0.027024807881628646,0.27862594316090467,0
0.036297697874597364,0.3096039909122098,0
0.09277936596892845,0.5332001412057099,0
-0.1377563852891369,-0.3917383732680108,0
-0.1189153242166586,0.5020039230174429,0
0.022969541340602022,-0.7101844037203615,0
-0.1377563852891369,-0.3917383732680108,0
-0.1377563852891369,-0.3917383732680108,0
-0.00807658220568195,-0.525568381214644,0
-0.1377563852891369,-0.3917383732680108,0
-0.1377563852891369,-0.3917383732680108,0
-0.017683633423266894,0.6380028817004897,0
0.003837359658809113,0.015188057188887534,0
0.215812897593895,0.25215477080067733,0
-0.1377563852891369,-0.3917383732680108,0
-0.1377563852891369,-0.3917383732680108,0
0.06580883853784548,-0.28224296809811533,0
-0.017367667605320773,0.4893097344810554,0
-0.04727337186171411,0.35642783228888947,0
-0.1377563852891369,-0.3917383732680108,0
-0.1377563852891369,-0.3917383732680108,0
-0.1377563852891369,-0.3917383732680108,0
-0.07229393025021272,0.05300714144017386,0
0.02369184656210501,-0.6421264686063882,0
-0.0521208374317729,-0.35517834259642816,0
-0.02404421988297453,-0.09225505974930887,0
-0.04539761858994548,-0.14600443995205856,0
0.004577756514189467,-0.20540177533639437,0
-0.05257332640184428,0.14584056184301164,0
0.11161201102647852,3.1828663702230218,0
-0.05215442077540896,-0.715228576210311,0
-0.04820288848135257,-0.7321896387601925,0
-0.035895749596258256,0.21471323107526735,0
-0.03454472594751718,-0.02673669033058222,0
0.002568613217298231,-0.014240115316990003,0
-0.02522771635348958,0.12488650324217324,0
0.1079646436455639,0.1483594328332457,0
-0.01240309520800379,0.12615144037405976,0
-0.09689692154661496,0.022107381792537847,0
0.04529714739417626,2.475169789053452,0
-0.1377563852891369,-0.3917383732680108,0
0.3065124488004015,-2.537880117604832,0
0.04945476987941342,-0.08597336850442451,0
0.007871363513438366,-0.8819792273685981,0
-0.03901858195472021,-0.6415635143147973,0
-0.1377563852891369,-0.3917383732680108,0
0.14497617997562975,4.0496885933698685,0
-0.1377563852891369,-0.3917383732680108,0
-0.004168494856606924,-0.12364311573309603,0
0.03640959459663425,0.5408933285199304,0
-0.03110696258605408,0.4474756897588608,0
-0.004643221849127877,-0.5037698194113834,0
-0.029175568677536297,0.28374366174445753,0
-0.14152459750363255,-0.5704868325251016,0
-0.1377563852891369,-0.3917383732680108,0
0.02155847990906349,1.7009670863559112,0
0.044672410763877526,2.475191372022504,0
-0.1377563852891369,-0.3917383732680108,0
-0.1377563852891369,-0.3917383732680108,0
-0.011319004491503009,-0.32754503903940396,0
-0.018845700599948827,0.32831333915652255,0
-0.1377563852891369,-0.3917383732680108,0
-0.0017399749675057153,-0.5821753562127524,0
-0.1377563852891369,-0.3917383732680108,0
-0.01887827665849403,-0.728745040931419,0
-0.1377563852891369,-0.3917383732680108,0
-0.03968068431382052,-0.05889570365172477,0
-0.06648346451608053,0.3996736062436545,0
0.007572201627162642,0.43667886248050647,0
-0.1377563852891369,-0.3917383732680108,0
-0.06145109442284202,0.7535985814060768,0
-0.1377563852891369,-0.3917383732680108,0
-0.1377563852891369,-0.3917383732680108,0
-0.07628679977160804,0.16161510461879405,0
0.00566222951460002,-0.707036485956361,0
-0.05265918308590269,0.16629730315344057,0
0.10211393877299209,-0.9494011578552582,0
-0.02793256420309609,1.0849805678474684,0
-0.03732901230409602,1.1785217987393146,0
-0.08088286958982135,-0.5263008094570186,0
-0.01829264418845535,-0.3609378008609755,0
0.014098912846333907,2.098366110231083,0
-0.1377563852891369,-0.3917383732680108,0
-0.02661281010741266,-0.1493616233961032,0
-0.05169843618731934,-0.34263789725886346,0
0.009597657114390604,-0.7842051210644633,0
-0.1377563852891369,-0.3917383732680108,0
0.0929853768403109,2.4735222890825006,0
0.004122861521147412,1.5501084997786978,0
0.08285486006668497,-0.6174501361699091,0
-0.13398817307464125,-0.21298991401092005,0
-0.1377563852891369,-0.3917383732680108,0
0.0087125040160951,-0.6416284628714237,0
-0.054447629130273276,0.005164003884393487,0
0.03940061978091773,2.724488541235777,0
-0.12645174864564993,0.14450700450326134,0
0.016927832924819666,1.2626484326190528,0
0.01751032725707097,-1.24728893367352,0
-0.01173434556343704,-0.6048425620271864,0
-0.03149790983898752,0.16674780358214408,0
-0.015805218030981005,-0.2945188773170456,0
-0.04639465610417933,-0.5215029058634161,0
0.029181699924708537,0.43082069947724366,0
-0.05193301831655562,-0.27108808221144337,0
0.060605780245224325,-0.18647483088936828,0
-0.1377563852891369,-0.3917383732680108,0
0.03779710614191826,0.43926713917031357,0
0.039733485069203524,0.4032432601136868,0
-0.048007985584306245,0.9692317762052991,0
-0.05314483272731393,0.3775408807034386,0
-0.00700557320255265,-0.5828454263038925,0
-0.005290566513455957,-0.0887785559269973,0
0.15325257007518403,-1.7377239852752422,0
-0.03600830369815496,-0.44350028038474704,0
-0.0021041253358621073,-0.16983291430847575,0
-0.1377563852891369,-0.3917383732680108,0
-0.02094624369579491,0.5102289345582881,0
-0.00406691367736706,-0.7181341454075428,0
-0.1377563852891369,-0.3917383732680108,0
-0.1377563852891369,-0.3917383732680108,0
-0.1377563852891369,-0.3917383732680108,0
-0.039323813750480836,-0.5647600408265913,0
-0.04150119500927958,0.8700720591416812,0
-0.06307305911040775,0.4738587028937782,0
-0.023758746345484864,0.48379924926866236,0
-0.1377563852891369,-0.3917383732680108,0
0.04640656890636977,-0.5126660332441416,0
-0.015442002518146578,-0.628160901071698,0
-0.01173933768264484,-0.16745412542959795,0
-0.1377563852891369,-0.3917383732680108,0
-0.1377563852891369,-0.3917383732680108,0
-0.1377563852891369,-0.3917383732680108,0
-0.1377563852891369,-0.3917383732680108,0
-0.1377563852891369,-0.3917383732680108,0
-0.009394057210698373,-0.591680606242178,0
-0.1377563852891369,-0.3917383732680108,0
0.04654662065477362,2.475126623115348,0
-0.1377563852891369,-0.3917383732680108,0
-0.1377563852891369,-0.3917383732680108,0
-0.1377563852891369,-0.3917383732680108,0
0.011226181739755304,-0.4106305503581577,0
-0.02464871899925757,-0.21975509648208297,0
-0.03206575373821864,-0.29954626543809243,0
-0.07023205643870628,0.35429581898566953,0
-0.0007943127783263638,0.5791933952060421,0
-0.0836940831946773,0.42536537373035854,0
-0.1302199608601456,-0.03424145475382931,0
0.011812346100440518,-0.8030528825043264,0
-0.11844021139349202,-0.17013793157928597,0
-0.1377563852891369,-0.3917383732680108,0
0.013803025675146996,1.98228660156653,0
0.013871896750431049,-1.078224404187971,0
-0.018665138654282726,1.922176585434812,0
-0.029644060657223643,0.6483223329904971,0
0.21846717420233316,-2.340446473927458,0
0.023090499908707738,1.6459073242858897,0
0.17447361809675577,-0.688649803407184,0
-0.02888581630410438,-0.018304976119433426,0
-0.002204066369154299,-0.44677860980519707,0
-0.08793514946375203,0.13450368393780082,0
-0.02586996382120188,-0.43454437081730973,0
0.03394204787240977,-0.5508684084760168,0
0.02357206991919613,0.03238340435966751,0
-0.03003496185088998,1.2330529970943778,0
-0.06653838183572151,0.2290437738917424,0
-0.04277472601979177,-0.29819474473950325,0
-0.013427811001853043,-0.756231899564949,0
0.08215525064673079,0.03987756667304489,0
-0.06086539067480845,0.28282283123775803,0
-0.02568308925842959,-0.018782564237744426,0
0.04675486619820651,2.475119428792331,0
0.06160757674369403,2.7606715153522208,0
0.04242352591480914,-0.2813048895348429,0
0.031989550566120475,-0.6561580147662531,0
0.016616819460237846,-0.5438836529501166,0
0.01331479191535721,2.0983943977552495,0
0.023792619574654696,-0.9924898999948764,0
-0.031111500612059164,1.179091187112602,0
-0.07756929123381785,0.31129686896198827,0
-0.012074538359202133,-0.4696196621357301,0
-0.1377563852891369,-0.3917383732680108,0
-0.1377563852891369,-0.3917383732680108,0
-0.1189153242166586,0.5020039230174429,0
-0.06204426257273386,0.4588737288912711,0
-0.08921837455080395,0.156513425300871,0
0.1585728467374134,4.135731881575055,0
-0.06867757708533938,0.12205389467151721,0
0.10760756143638779,-1.472068857845697,0
-0.053418491806119225,0.9379014915466624,0
0.04283047572128378,0.6734836151148512,0
0.11800448406307751,0.9161803419219346,0
-0.013084365939784499,0.606304203392218,0
-0.01038381214413921,-0.3883510442001377,0
-0.07417839956993172,-0.2254528490446695,0
-0.0183464789612711,-0.07482850108440844,0
-0.049901630788335066,0.21882093002654585,0
-0.1377563852891369,-0.3917383732680108,0
-0.051962083552698796,0.8963725458249585,0
-0.13398817307464125,-0.21298991401092005,0
-0.061802655970499484,-0.07506782120052803,0
-0.05145531278556819,-0.06209580006174267,0
-0.1377563852891369,-0.3917383732680108,0
-0.1377563852891369,-0.3917383732680108,0
-0.028034765846716003,-0.7341093210391487,0
-0.09097897931331203,-0.20357334181105236,0
-0.1377563852891369,-0.3917383732680108,0
-0.016519361288348185,0.26137517420801126,0
0.09844797319780527,0.6677028246163992,0
0.05439733637953699,2.1476763100466427,0
0.11977102043804526,2.196512592584252,0
0.037923606263766896,-0.1604888302204414,0
-0.1377563852891369,-0.3917383732680108,0
-0.007470915243755005,-0.7437310902802968,0
-0.1377563852891369,-0.3917383732680108,0
0.014142768272565456,-0.7917071061988187,0
-0.01585381796675579,-0.8472274970091259,0
0.039271710154142866,-0.03664532758257115,0
-0.1377563852891369,-0.3917383732680108,0
-0.1377563852891369,-0.3917383732680108,0
-0.1377563852891369,-0.3917383732680108,0
-0.1377563852891369,-0.3917383732680108,0
-0.1377563852891369,-0.3917383732680108,0
0.04654662065477362,2.475126623115348,0
0.012980824118618582,0.45170706781286074,0
-0.06880406018923302,0.22769239718435114,0
0.030672035632549798,-0.1779267004727481,0
-0.024928558603774263,0.01943084116310957,0
-0.0034670783912064823,-0.6885151850034669,0
-0.01078191610698443,-0.01731493486287983,0
0.15703170316895101,-2.43822059732567,0
-0.04776097696547838,-0.4749577404247353,0
-0.1377563852891369,-0.3917383732680108,0
-0.1377563852891369,-0.3917383732680108,0
0.08433356928220542,-1.6836040336428204,0
0.04748469201806389,-0.19264329111666878,0
-0.1377563852891369,-0.3917383732680108,0
-0.1377563852891369,-0.3917383732680108,0
0.005418860993302899,-0.3133108529395928,0
-0.014005464619081759,0.06946590539850568,0
-0.1377563852891369,-0.3917383732680108,0
0.049350337361622636,-0.5916254451165687,0
-0.1377563852891369,-0.3917383732680108,0
0.15387612634831763,4.049431538106207,0
0.05168182761358363,-0.8355056957917423,0
0.07197013930702503,-1.3111032474709012,0
-0.03338047817319709,-0.34148773217797873,0
0.0057743655221943945,-0.22515194470675923,0
0.022400975633638312,1.865391246356052,0
-0.1377563852891369,-0.3917383732680108,0
0.07108386607544202,-0.24562236751972863,0
-0.1377563852891369,-0.3917383732680108,0
-0.009949003033687018,0.6847700904550573,0
-0.02875553643311453,-0.3732799469701877,0
-0.1377563852891369,-0.3917383732680108,0
-0.09156721881137653,-0.34539496262490166,0
-0.01633066747217246,-0.11630938708918921,0
-0.11847483740572623,-0.1762184763947288,0
0.09513819499698918,0.4243476262595822,0
0.08149533681392118,1.9116764382231188,0
-0.1377563852891369,-0.3917383732680108,0
-0.1377563852891369,-0.3917383732680108,0
0.30860818590471784,-0.8648270252078138,0
0.018792804858145547,0.09638204307783176,0
0.04168132620929088,-0.43477831116061977,0
-0.1377563852891369,-0.3917383732680108,0
-0.042244015173635255,-0.31397108805533086,0
-0.03994889016609368,0.05397151551964545,0
-0.14152459750363255,-0.5704868325251016,0
-0.1377563852891369,-0.3917383732680108,0
0.20409902032722668,-1.0342533268605045,0
-0.1377563852891369,-0.3917383732680108,0
0.021550621032997593,-0.37372917556317625,0
-0.03494772573807745,0.7515569954941262,0
0.002000718054512581,1.7869267616736138,0
0.2300771949131508,-1.8168623978466423,0
-0.0203801182845102,-0.49338551273702047,0
-0.06455878455901112,0.4883353723435563,0
-0.1377563852891369,-0.3917383732680108,0
0.020466461233992424,-0.001959133005164707,0
2.166003193708677,0.4626311809563718,0
0.13985568651457478,0.08981303471940831,0
0.0247806112856544,1.7729253151524682,0
-0.0314791474386742,-0.5208125996547921,0
-0.1377563852891369,-0.3917383732680108,0
-0.1377563852891369,-0.3917383732680108,0
-0.08185129682596172,-0.5786790472966358,0
-0.1377563852891369,-0.3917383732680108,0
-0.06458292856275956,0.5878982950316555,0
-0.08472119624318504,0.36349961439672107,0
-0.1377563852891369,-0.3917383732680108,0
-0.03468085978364593,-0.6596058357249078,0
-0.006427924773713246,-0.7225632546553251,0
-0.027223499378204286,0.4108834202641299,0
-0.092537838715189,1.7532431378170783,0
-0.1377563852891369,-0.3917383732680108,0
-0.1377563852891369,-0.3917383732680108,0
-0.027068016706866687,1.1980038262423163,0
0.005435079115128922,0.1903083739071511,0
-0.05503785021648374,-0.02147968201839449,0
-0.004856788145632752,0.0061924622968607375,0
0.046832946282618436,-0.35765997206479544,0
0.04359155074680688,1.867137414495775,0
-0.022414979986774275,-0.45290464362958827,0
-0.040501102440341004,-0.5052145167537392,0
-0.0748263489576604,-0.4057128835201609,0
-0.011754711814995735,0.26964717403478705,0
-0.06680530636093597,0.22651540087186212,0
-0.007348799928422995,1.4436052838462206,0
-0.1377563852891369,-0.3917383732680108,0
-0.02926593265270737,0.04066043639981952,0
0.11212937412922148,3.30328197669982,0
-0.003412460840017635,0.38601765994665,0
-0.1377563852891369,-0.3917383732680108,0
-0.1377563852891369,-0.3917383732680108,0
-0.1377563852891369,-0.3917383732680108,0
-0.1377563852891369,-0.3917383732680108,0
0.08763037000916563,3.0103432126951524,0
-0.03558636213640701,1.0554249915167544,0
-0.1377563852891369,-0.3917383732680108,0
-0.06135332586664093,-0.2547794797005835,0
-0.08090268431377602,-0.06658133661033741,0
-0.09981220013712766,-0.056220247745019374,0
-0.0680442768186162,-0.27835317317327934,0
-0.025682591592088484,0.26661559617556896,0
0.005326909259438325,0.2593284283239748,0
-0.014674138180797587,0.9980344499407781,0
-0.1377563852891369,-0.3917383732680108,0
0.1686967223380137,-0.47614330529962984,0
0.10369213702912183,-0.32155420495568987,0
-0.08238869116750892,0.336679025497855,0
-0.1377563852891369,-0.3917383732680108,0
0.05092226810078685,2.3740375104645906,0
-0.09813136033959804,0.37685849302950236,0
-0.035660268134877764,-0.13332918243947234,0
-0.07626852700011015,0.5326963249059979,0
-0.06427218493408421,0.308588703806309,0
0.040221808461492606,0.39114178893527213,0
-0.05078797710451739,1.2815248434705104,0
-0.030529311552518063,0.2619998607378803,0
0.01692171026697096,-0.20869737466071436,0
-0.05941768884019401,0.06887968736207635,0
-0.04528516466474423,0.3910578503983943,0
0.05419786223691139,-1.0632216461767607,0
-0.034602239109870724,0.6584839831224045,0
-0.11633825510864466,-0.10597858456160557,0
-0.1377563852891369,-0.3917383732680108,0
-0.011238875167128551,0.3308574200265674,0
-0.0335460445795896,0.0032227405752243954,0
-0.05800194956727398,0.8361288591296333,0
-0.026073274985414268,-0.6102400133079462,0
0.04721513409928095,-0.9881040402947713,0
0.05423789027102288,-1.036936082370649,0
-0.10052685828435985,-0.3501014667909319,0
-0.06451551271471272,0.7550206946307647,0
-0.033603796893168926,1.2068119809165136,0
-0.1377563852891369,-0.3917383732680108,0
0.05684434035705268,-0.2504840641342191,0
-0.07505138925068397,0.5454210928062079,0
0.12033126994857145,1.5027240296101183,0
-0.1377563852891369,-0.3917383732680108,0
0.010379552484662206,-0.9923491495519987,0
-0.1189153242166586,0.5020039230174429,0
0.024671955831008903,-0.17475998479415927,0
-0.1377563852891369,-0.3917383732680108,0
-0.06273497776079029,-0.5177671682913195,0
-0.040478295743435394,0.060184362542136785,0
-0.1377563852891369,-0.3917383732680108,0
-0.03571748037091386,-0.011146125518984225,0
-0.02160200316191822,-0.5387407105876777,0
-0.025631991699027416,0.2858670355923424,0
-0.008944036247443905,-0.521915527065789,0
-0.1377563852891369,-0.3917383732680108,0
0.06031061895404859,2.6535297548676104,0
-0.13398817307464125,-0.21298991401092005,0
-0.1189153242166586,0.5020039230174429,0
0.21854167165734817,-0.561591168304034,0
-0.023271670598091928,0.12079861181600597,0
-0.04258168378751356,0.6495059965242054,0
0.08253376723536641,0.00759055676224783,0
0.1835402954204013,-0.9788699768815916,0
-0.022469640335563066,0.38979974897122216,0
-0.022716267130299027,0.17068506694079225,0
-0.06662790356011436,-0.33769067347721493,0
0.04770542750795971,-0.8227540120849407,0
0.06168436695411895,1.9403966358335192,0
-0.03695767370267839,0.9465974494860376,0
-0.018566050237469274,1.2720837777690583,0
-0.1377563852891369,-0.3917383732680108,0
-0.08126658369962465,0.3501936111468197,0
-0.1377563852891369,-0.3917383732680108,0
-0.1377563852891369,-0.3917383732680108,0
-0.1377563852891369,-0.3917383732680108,0
-0.1377563852891369,-0.3917383732680108,0
-0.054467333343623005,-0.054440197694006695,0
-0.1377563852891369,-0.3917383732680108,0
-0.07565374090720624,0.05583610117066114,0
-0.049475371161736004,0.09269626313500924,0
0.02183865347052369,0.3917139345522366,0
-0.03242940587205133,1.23320388209507,0
-0.053883071731126685,0.594221776617952,0
0.12099143174017467,1.7074330470170462,0
-0.02763462434268608,0.0578231109821042,0
0.07073722331463607,-0.876159733825673,0
-0.030925154552449517,-0.797497899038627,0
-0.1377563852891369,-0.3917383732680108,0
-0.1377563852891369,-0.3917383732680108,0
-0.1377563852891369,-0.3917383732680108,0
-0.1377563852891369,-0.3917383732680108,0
-0.043846038996746266,0.0460058832796567,0
0.02079839551873699,-0.20708421244826486,0
-0.009847306757447294,-0.22047151555046793,0
-0.13398817307464125,-0.21298991401092005,0
-0.030469142628100736,-0.0728438653567901,0
0.0016662041682967957,0.08963484475295143,0
-0.03921640460086657,-0.0009130986166516503,0
0.039240709612847,-0.5035505357939316,0
-0.1377563852891369,-0.3917383732680108,0
-0.14152459750363255,-0.5704868325251016,0
-0.1377563852891369,-0.3917383732680108,0
0.09390260726812702,-1.1447321092661802,0
-0.1377563852891369,-0.3917383732680108,0
-0.020917206355677946,-0.4109109219803048,0
0.1505204088635337,4.04952846058267,0
0.17364729083208041,-1.2211416314510017,0
0.11971152264982729,-1.0282879227986808,0
-0.027810558797221475,-0.19320063905827778,0
0.03238835046224281,-0.450899612562703,0
-0.08189249781437338,-0.2776710195398448,0
-0.044091106545583465,0.22595021213730485,0
-0.04684036137006116,0.34467435072423924,0
-0.1377563852891369,-0.3917383732680108,0
-0.1377563852891369,-0.3917383732680108,0
-0.06645446349340395,0.04518975378682474,0
0.04746782441885245,1.5743597344602496,0
-0.1377563852891369,-0.3917383732680108,0
-0.05428859396755722,0.7545651641782871,0
-0.021828967974571185,0.16537465198864634,0
-0.02514255191094542,0.6814143074810577,0
-0.012962857926890387,1.5498407884332013,0
-0.018267623687473297,0.31773958591183316,0
-0.007545418878757788,-0.5864003939229903,0
-0.04144176801548664,-0.057468931247626615,0
-0.05282149891146019,1.0350899656578663,0
-0.06803691218086272,-0.23249983948632147,0
0.05761453315154768,-0.3278510070730365,0
-0.1377563852891369,-0.3917383732680108,0
0.041316212692922016,-0.6886665630509063,0
0.04247806326477121,-0.7236971079205774,0
-0.1377563852891369,-0.3917383732680108,0
-0.1377563852891369,-0.3917383732680108,0
-0.1377563852891369,-0.3917383732680108,0
-0.1377563852891369,-0.3917383732680108,0
0.24929680596524698,-2.1361911586065574,0
-0.0341295406370042,0.01634130613369505,0
0.06799979045256503,-0.9308910888508595,0
-0.03861678777199308,-0.20648906811345136,0
-0.1377563852891369,-0.3917383732680108,0
-0.001083181657486899,-0.5034991277918306,0
0.15200495898689215,-0.842537641244421,0
-0.06006414690451513,0.30240765189678465,0
0.007070826970133799,0.3027821195519623,0
0.2759837656519073,2.0669561816329103,0
-0.013465649512765274,-0.4951543625264459,0
0.022917692877747996,0.01765667648956062,0
-0.03870472383026553,-0.6669350453165651,0
0.026971611160183224,-0.706659808214555,0
-0.1377563852891369,-0.3917383732680108,0
-0.03306856490944039,0.27544746182323243,0
-0.044874190856788614,-0.08031057203573978,0
-0.1377563852891369,-0.3917383732680108,0
-0.1377563852891369,-0.3917383732680108,0
-0.1377563852891369,-0.3917383732680108,0
-0.06455828311629683,0.6343463947864306,0
0.00781855463324604,0.5116567571809698,0
0.08669575062288905,-0.836859063691243,0
0.06026799885299775,0.8539533592038377,0
-0.1377563852891369,-0.3917383732680108,0
0.023373882622626286,-0.5402137964108895,0
-0.1377563852891369,-0.3917383732680108,0
0.04508890185074333,2.475176983376469,0
-0.1377563852891369,-0.3917383732680108,0
-0.014366672615200929,-0.29561819823282814,0
0.019625723327236663,0.07547062445502505,0
-0.14152459750363255,-0.5704868325251016,0
-0.1377563852891369,-0.3917383732680108,0
-0.042643623490370645,-0.3135105334999099,0
-0.14152459750363255,-0.5704868325251016,0
0.03661605658822566,-0.5724944777731548,0
0.04345066648867058,-0.16085021131653446,0
-0.1377563852891369,-0.3917383732680108,0
-0.1377563852891369,-0.3917383732680108,0
0.015440643661645184,-0.9675915140798236,0
0.028441200002649197,-0.22548911517201625,0
0.07502236128878641,-0.5992485810712175,0
0.14525796994749396,-0.9846946416792852,0
0.19073634677259388,0.5889744824918094,0
0.14799432476733818,0.025381365575199388,0
-0.06843570002003864,-0.06792295807202935,0
-0.13398817307464125,-0.21298991401092005,0
-0.1377563852891369,-0.3917383732680108,0
-0.13398817307464125,-0.21298991401092005,0
-0.09721624411534374,-0.017485098422190423,0
-0.1377563852891369,-0.3917383732680108,0
-0.1377563852891369,-0.3917383732680108,0
0.06039489309296196,-0.600862707295129,0
0.3570285551111162,-2.097480299486426,0
-0.021792837651711295,-0.25241052417404003,0
0.04183886115852947,-0.3592350704176163,0
0.0669844449223156,-1.1563666571357571,0
-0.14152459750363255,-0.5704868325251016,0
0.10458873286311256,-0.4726635909611373,0
0.02853746755119052,2.132620810484715,0
-0.05217221465096341,-0.17773015507411183,0
0.06540034966299693,1.0558715136690189,0
-0.012589829111889713,1.1138624480182788,0
0.01262328367822181,0.33535378873019456,0
-0.09089039263373955,0.17680100399295212,0
0.033901781849212075,0.2996302201105592,0
0.11512618550325338,-1.1336609284558257,0
-0.02672100782299798,0.0765966845414262,0
-0.027247618020652585,0.049890570902655265,0
0.04021647280896863,-0.5814791763135722,0
0.038075510135166205,-0.6013458465538305,0
-0.1377563852891369,-0.3917383732680108,0
0.39408913028141795,-2.747530753999531,0
0.02293379357703355,-0.2806250354996776,0
-0.06043628944778055,0.7725726108285749,0
0.017085418394272977,0.877205019468385,0
0.05175743801155488,-0.6549885648425327,0
-0.1377563852891369,-0.3917383732680108,0
-0.05441621165904178,-0.1298592950226748,0
-0.02880898601262183,-0.022080584874863255,0
-0.1377563852891369,-0.3917383732680108,0
0.1333034635065972,0.5991574413095295,0
-0.13398817307464125,-0.21298991401092005,0
0.00797784177960045,0.2748894050252857,0
0.046935983222331244,-0.9643418947809732,0
-0.12645174864564993,0.14450700450326134,0
0.021402234825967013,-0.37102348182050265,0
0.1081382558405394,-0.8310205986348849,0
-0.051558727868722426,-0.17843734201144276,0
-0.1377563852891369,-0.3917383732680108,0
-0.1377563852891369,-0.3917383732680108,0
-0.1377563852891369,-0.3917383732680108,0
-0.057586805917869445,0.11149863909642198,0
0.19274784389169416,1.5238316302883552,0
-0.14152459750363255,-0.5704868325251016,0
-0.10613998304880416,-0.005250182435107917,0
0.08985416324511684,-1.0842594172986981,0
-0.027967999324055807,0.43719659100730757,0
0.01610988610611117,-0.5422099935996796,0
-0.1377563852891369,-0.3917383732680108,0
0.006375209598466457,0.3324266851633062,0
-0.11654706234487766,-0.17174479130368367,0
-0.002327169237653239,-0.727441709081329,0
-0.053231399936273,-0.031129571178416218,0
-0.1377563852891369,-0.3917383732680108,0
-0.1377563852891369,-0.3917383732680108,0
-0.1377563852891369,-0.3917383732680108,0
-0.05503676192497837,0.18605126211111062,0
-0.04283406407423435,1.0180036463308662,0
-0.022092632332530632,0.20416832340250812,0
0.1843002643812408,3.1509233983847014,0
-0.1377563852891369,-0.3917383732680108,0
-0.1377563852891369,-0.3917383732680108,0
-0.02349421055959425,-0.2467052973147972,0
0.0203758809748381,1.8210636804386289,0
0.050269030690444964,1.929449130649129,0
-0.14152459750363255,-0.5704868325251016,0
0.06996680569500872,-0.31267651609542646,0
0.1293949087790976,-0.8737778752641547,0
0.04942150939924341,-0.9922026749677689,0
0.04072960637962927,2.112766337370857,0
0.02102324485836758,0.7805230899548972,0
-0.018346886146627852,0.045068004106771156,0
1.3034132532721208,-10.025321688729838,0
-0.1377563852891369,-0.3917383732680108,0
-0.1377563852891369,-0.3917383732680108,0
-0.08338973728034063,0.32629873861315545,0
-0.1377563852891369,-0.3917383732680108,0
-0.14152459750363255,-0.5704868325251016,0
-0.035240443036305885,0.12259656836927622,0
0.023180283996125397,-0.4052810735315641,0
0.04031836994272775,-0.6110858640824953,0
0.04018782446280746,1.2075321918989517,0
-0.02476169897543828,-0.40353236391006453,0
0.034395978368438454,-0.16482525364116912,0
-0.0020882012572097973,1.0120940409699624,0
-0.1377563852891369,-0.3917383732680108,0
-0.004744509015093944,0.7144484566830285,0
-0.1377563852891369,-0.3917383732680108,0
0.029202798039250553,-0.02933024859110119,0
-0.1377563852891369,-0.3917383732680108,0
-0.1377563852891369,-0.3917383732680108,0
0.11181927001432718,-1.609278644569367,0
-0.03711270248163036,-0.09453987984052768,0
0.07816474565177405,-0.8652780796407792,0
-0.022369504880231865,-0.586285471946756,0
-0.1377563852891369,-0.3917383732680108,0
0.004053014929901506,-0.18962977240160384,0
-0.038182708008152745,-0.19474928846473394,0
-0.046384030784848214,-0.412665317980868,0
-0.1377563852891369,-0.3917383732680108,0
-0.1377563852891369,-0.3917383732680108,0
-0.02027259319264476,0.19126918067115956,0
-0.1377563852891369,-0.3917383732680108,0
-0.1377563852891369,-0.3917383732680108,0
0.1283774709023681,-1.387425884611944,0
0.14276527939004482,-1.6100841786092577,0
-0.1377563852891369,-0.3917383732680108,0
-0.1377563852891369,-0.3917383732680108,0
-0.1377563852891369,-0.3917383732680108,0
-0.08174002572728747,-0.36111431195336113,0
-0.06891022829032055,-0.23165660413917152,0
-0.08244511064170593,0.2897973795101933,0
-0.1377563852891369,-0.3917383732680108,0
-0.1377563852891369,-0.3917383732680108,0
0.06434298409885257,0.4725678584766412,0
-0.01713905558332722,1.386904540473399,0
0.01303497065514017,-0.11768133612897022,0
0.03603801205725951,0.41324138873414484,0
-0.1377563852891369,-0.3917383732680108,0
-0.14152459750363255,-0.5704868325251016,0
-0.1377563852891369,-0.3917383732680108,0
-0.03860389696502906,0.762059988655086,0
-0.1377563852891369,-0.3917383732680108,0
-0.04093431581739256,0.3676866296297102,0
-0.07672093730739267,-0.36084198896323527,0
-0.12645174864564993,0.14450700450326134,0
0.03889540230223169,0.13120233418257152,0
-0.0733782204049654,-0.5222235994095015,0
0.011795915907214584,-0.9480695083494796,0
0.09300787057312955,-0.5454393613055227,0
0.024719542292219395,-0.6994619213017697,0
-0.025423220851679407,-0.14622497700636167,0
0.010031363830955034,-1.1016854724592626,0
0.023648872569952583,0.06330207588233215,0
0.08837219709489473,-0.3779040847816872,0
-0.1377563852891369,-0.3917383732680108,0
0.17912110077171503,-0.40256609783406083,0
0.011961576756365822,-0.33924286929584013,0
-0.04694118513430199,0.45684319526675893,0
0.6252275750963172,-1.946992245667767,0
0.05352682329200834,-0.6663846366157625,0
0.1459974852970857,4.0496590952248575,0
0.044801712908673796,2.139765642682958,0
0.12236291980462004,4.594713864647582,0
0.031110505335938836,2.223219010002459,0
0.06439639265884047,-0.9422042021436612,0
-0.04190341879754873,-0.7300528560684914,0
0.0024152913545767234,-0.5859765694940848,0
0.006897554126479936,-0.11542512707380057,0
0.08627269101602957,-0.09434262472702894,0
0.0010388354608222158,-0.2938526367258755,0
-0.1377563852891369,-0.3917383732680108,0
-0.1377563852891369,-0.3917383732680108,0
-0.00333132403447197,-0.09936644401625869,0
0.12078195028919418,-1.3241952140250122,0
-0.1377563852891369,-0.3917383732680108,0
-0.01005250547607834,1.584080238818514,0
0.0637721354496072,0.9835331464542536,0
0.012254089533382206,-0.34982674718376344,0
-0.1377563852891369,-0.3917383732680108,0
0.03470428886906883,-0.5050119204459078,0
-0.1377563852891369,-0.3917383732680108,0
-0.1377563852891369,-0.3917383732680108,0
-0.023832686249971768,-0.27759741747986105,0
-0.05006337219791872,0.40321520729831783,0
-0.06023063434281177,-0.3373565168343694,0
0.13961186170591053,-1.3011336818477546,0
0.03385757688731042,-0.11067105947461431,0
-0.004784532438589562,0.6862970202402964,0
-0.015206468786350711,0.5714335824419009,0
-0.13398817307464125,-0.21298991401092005,0
200.05904012447732,-1.5489889532166008,1
-0.1377563852891369,-0.3917383732680108,0
-0.0033677112795169164,-0.3586411118270014,0
-0.1377563852891369,-0.3917383732680108,0
-0.1377563852891369,-0.3917383732680108,0
-0.02230498049197829,-0.3834428975277765,0
0.03449178398298443,-0.7686525845388377,0
-0.1377563852891369,-0.3917383732680108,0
-0.0023078870659761557,1.082593528743983,0
0.06485162993674098,-0.07498485072081693,0
0.007120333528916349,-0.26477774681862043,0
-0.03063721394784321,0.42490997269040415,0
-0.04196275424106081,0.4796646042331202,0
-0.1377563852891369,-0.3917383732680108,0
-0.1377563852891369,-0.3917383732680108,0
-0.1377563852891369,-0.3917383732680108,0
0.046718538773931145,-0.21186610749708207,0
0.054083334573221814,-1.2331486848543378,0
0.16832974033138015,-1.5056007944013594,0
-0.06033110213534709,0.14060726407452365,0
-0.007573842889315623,1.009641881101501,0
-0.04699945499610161,0.36299325778812697,0
-0.1377563852891369,-0.3917383732680108,0
-0.1377563852891369,-0.3917383732680108,0
-0.13398817307464125,-0.21298991401092005,0
0.30754579100577045,-1.4115861990455791,0
0.14442202606823779,2.4717452912972386,0
0.06664329417605519,-1.1782113548308069,0
0.15243450768689557,-1.4584584793796587,0
-0.02967867888425841,0.07220671546406393,0
0.0014462268298779024,0.06075424407155078,0
0.05805192143302105,-0.7481262461576719,0
0.07515456068434487,-0.2427644459721321,0
0.7075300530989451,1.8445865217648594,0
-0.13398817307464125,-0.21298991401092005,0
-0.13398817307464125,-0.21298991401092005,0
0.19687379984993475,0.3298934166186241,0
-0.1377563852891369,-0.3917383732680108,0
-0.04482696239532884,0.47938088826427866,0
0.41303138141713247,1.5746780115313044,0
0.24533491600181312,-2.206034935874859,0
0.15386401987442894,-1.0957743010612382,0
-0.04030379745559667,-0.04819665041684471,0
0.1277090565229634,-0.7170300169915508,0
0.8804286463986518,-6.596612870023891,0
0.06226099757837223,-0.1215039301003917,0
0.37600298262513476,-2.0042206792299706,0
-0.02415760428275485,1.6348040781925723,0
0.053972308903985355,1.6197632607664145,0
-0.010665615378707373,-0.6862497761412466,0
0.015535192276101738,0.10169113905105516,0
-0.03733546640860143,0.09014676244452935,0
0.4967215098482444,-2.6480841200148695,0
-0.03648414172193169,0.9881938911884186,0
0.046639561976460193,0.6605369884173506,0
-0.03328420955416542,-0.23919716977013122,0
0.35227595268028217,4.222558493728464,0
0.037081552735058,0.7164777457836763,0
-0.13398817307464125,-0.21298991401092005,0
0.032049220201806526,-0.6083270641241252,0
-0.13398817307464125,-0.21298991401092005,0
-0.1377563852891369,-0.3917383732680108,0
-0.028453910973967315,-0.6731599966164205,0
0.08245362231106694,-0.5279084397704649,0
-0.13398817307464125,-0.21298991401092005,0
-0.04388812364559356,0.25658810960036205,0
0.01898762105480342,-0.9857618634009624,0
-0.13398817307464125,-0.21298991401092005,0
-0.13398817307464125,-0.21298991401092005,0
0.09885261162699967,2.0681081817280393,0
0.11479339401557496,-0.6714104823256624,0
-0.026916448549753298,1.455933649132381,0
0.10731460531317256,0.32262663182834733,0
-0.035074963524329275,0.8905340422067826,0
0.021809181605739622,0.20630553090924603,0
0.02349306619804153,0.02807872243500103,0
0.09001279220629463,2.9023794708434236,0
-0.07264878912359954,-0.027483556584258478,0
-0.028953339635384382,0.44181151302738075,0
-0.02130852896020818,0.6544338244434504,0
-0.13398817307464125,-0.21298991401092005,0
0.00019340276289337541,-0.1620144473678355,0
-0.1377563852891369,-0.3917383732680108,0
0.05346110960555998,-0.7570932870891336,0
-0.1377563852891369,-0.3917383732680108,0
0.5031051935807203,-3.681236309237006,0
0.024144991659134165,1.9583003964675554,0
0.4310915118690504,3.0615662316100347,0
0.22154627046710773,-1.0308948997023772,0
0.04023681283023875,2.2227657167951307,0
0.192911237316917,-0.5494992112955049,0
0.05596412797519973,-0.08671191745101489,0
0.055777121389337055,-0.463320287356312,0
0.029790945082557647,1.0649364337247056,0
0.21686608794043133,-0.283636138822372,0
0.057340458319324814,0.04664466085282132,0
-0.04730744814180135,0.12100384255376002,0
0.07664787416208135,-1.216380294578545,0
0.02073874280432002,1.2593558420900193,0
-0.05213458302308457,0.49422046427189326,0
-0.00821635733238337,0.7210471635335933,0
0.0027119679229206804,-1.126240631546778,0
-0.02751704285507981,0.48238606430372655,0
0.0478933794596791,0.7968212624177732,0
-0.13398817307464125,-0.21298991401092005,0
0.11335704724129288,-0.23712189781739038,0
0.16241166919013214,1.4735753581667552,0
0.09204981324746221,0.18683351027180992,0
-0.02475117586705385,1.3703451999381393,0
0.1698279823670519,2.4708675838891336,0
-0.022237228302004725,0.17356538404530056,0
-0.048202768449633664,0.6623024490171605,0
-0.1377563852891369,-0.3917383732680108,0
-0.03200158100922815,1.0658661662712157,0
0.09783616757589801,-1.1073156897290939,0
0.07501117063028129,-0.764045226172472,0
-0.003995568488199309,1.5148673198892841,0
-0.01969321164761392,0.12223485363625536,0
-0.1377563852891369,-0.3917383732680108,0
-0.1377563852891369,-0.3917383732680108,0
0.04675486619820651,2.475119428792331,0
0.044672410763877526,2.475191372022504,0
-0.04790169057776859,-0.05812559678373185,0
-0.05788021029508772,0.18731071664612264,0
-0.1377563852891369,-0.3917383732680108,0
-0.1377563852891369,-0.3917383732680108,0
0.030684837794756482,-0.5599883903027403,0
0.014450452882896314,-0.0707154128769317,0
-0.006211295624118783,0.9830699206852449,0
-0.08126129592693157,0.32916980099521276,0
-0.04136274581370109,0.6571103775104346,0
0.05227367420214478,0.48365213213961555,0
0.1940627441102857,-1.9129835553008376,0
-0.04968864831792894,-0.1866564326408497,0
0.02499961147713894,-0.26246587675095473,0
0.004572345045962772,-0.5634507892501212,0
-0.03513061932522263,0.5569684483122561,0
0.24634403074982852,1.380673322858575,0
-0.03676845978982267,-0.18691121594234303,0
0.04831150934960868,-0.5630993763061785,0
-0.023588645579473717,0.48410435139900365,0
0.008764408860000133,-0.47732632047525764,0
-0.07977237788459611,0.41111897187410523,0
0.0684219558885337,-1.199854611220397,0
-0.05403488341349146,-0.41828004259147555,0
-0.004728826447022203,-0.6506085470981107,0
-0.04789071924547918,-0.19337844332316206,0
-0.1377563852891369,-0.3917383732680108,0
0.054592301204287826,-1.0805189112208013,0
0.0025090246060454195,-0.34886364954254917,0
0.06479966280993235,-0.5750234598477127,0
0.05216925032746201,2.4749323763938826,0
0.4195041899234902,-2.2955540973506263,0
-0.011816980829679637,0.03764215125622189,0
-0.1377563852891369,-0.3917383732680108,0
0.06754079217075545,-0.005372824448022051,0
-0.1377563852891369,-0.3917383732680108,0
-0.017753844777029234,-0.03361099445715663,0
-0.1377563852891369,-0.3917383732680108,0
-0.048036445478977806,-0.1065973677837759,0
-0.1377563852891369,-0.3917383732680108,0
0.025961093335600396,-0.13485329308427382,0
-0.05121642924927646,-0.4483826278740732,0
0.031189419546368516,-0.6847317419237499,0
0.08476135796282024,-0.5601525280104248,0
0.934827632485491,6.0220342660169655,0
0.12838508252355113,1.7639090110338602,0
-0.0631745271514486,0.6938640746032347,0
-0.002171598810915294,-0.8461049755915635,0
-0.014739513770110608,-0.3133964323272797,0
0.05043506317192185,-1.5296973892360273,0
0.13559662778278514,0.4322262208261967,0
-0.1377563852891369,-0.3917383732680108,0
0.044672410763877526,2.475191372022504,0
-0.026009575068474757,1.309217705025495,0
-0.1170026443195569,-0.17259117629688486,0
0.012698929304781682,0.16327308682906796,0
0.10614679813480313,0.6351725840178383,0
-0.009686869941326738,-0.022282808141323125,0
-0.1377563852891369,-0.3917383732680108,0
-0.037086392603103396,0.4301065869634825,0
-0.1377563852891369,-0.3917383732680108,0
-0.08185337473868684,-0.4826976605918554,0
-0.028003484979131344,1.6193814303985616,0
-0.04451945039798894,-0.6029166181135546,0
-0.1377563852891369,-0.3917383732680108,0
0.046269954244283845,-1.1778339135139688,0
0.1551690833850289,0.06035328840070674,0
-0.1377563852891369,-0.3917383732680108,0
0.15280901853104586,-0.6124820998228895,0
-0.039265840674267465,-0.4189919109256368,0
-0.01934521834397018,-0.31616167212023677,0
0.0794738415550303,-1.0933168097721653,0
-0.1377563852891369,-0.3917383732680108,0
0.031485421143849085,-0.8045171381597437,0
0.03228465461414301,-0.40518459797026896,0
0.06720703884459019,-0.3073640211510947,0
0.07316904327230579,-1.4633925547395463,0
-0.0451002090204957,-0.40602316857981197,0
0.0046732657264271825,-0.9548005226194701,0
0.11690995369720965,-1.6289756582253576,0
-0.08900425349660328,-0.1208819777234137,0
-0.03877281624262677,0.047162451775731334,0
-0.1377563852891369,-0.3917383732680108,0
0.03224876284966974,2.0290319281394917,0
-0.1377563852891369,-0.3917383732680108,0
-0.1377563852891369,-0.3917383732680108,0
0.13288697053578236,-0.18408901174572306,0
-0.1377563852891369,-0.3917383732680108,0
-0.03698633799693659,0.5309250074949488,0
-0.07513868410003284,0.2185466582402884,0
-0.004418912776413294,1.7019662445861563,0
-0.1377563852891369,-0.3917383732680108,0
-0.1377563852891369,-0.3917383732680108,0
0.007555677824658583,-0.11224566785918583,0
-0.02463672944089711,-0.03243180600776296,0
-0.1377563852891369,-0.3917383732680108,0
-0.14152459750363255,-0.5704868325251016,0
0.15068927655263215,-1.758950163766619,0
-0.1377563852891369,-0.3917383732680108,0
0.00831435447516524,0.009071480337371454,0
-0.05643690211462851,0.9308065637223388,0
-0.1377563852891369,-0.3917383732680108,0
-0.1377563852891369,-0.3917383732680108,0
0.14949910354207768,4.0495579587276795,0
-0.1377563852891369,-0.3917383732680108,0
-0.1377563852891369,-0.3917383732680108,0
-0.1377563852891369,-0.3917383732680108,0
0.15670851313077908,2.471320826239221,0
-0.04083189824631919,-0.27457162075690295,0
0.044672410763877526,2.475191372022504,0
0.1579030005765251,-1.0887750275519443,0
-0.051903403547365876,-0.024460415344738144,0
0.1543138286289416,4.04941889604406,0
-0.1377563852891369,-0.3917383732680108,0
-0.1377563852891369,-0.3917383732680108,0
-0.1377563852891369,-0.3917383732680108,0
-0.00911944046981833,1.5258314781768356,0
-0.0018802357341157017,0.20835714278627115,0
-0.1377563852891369,-0.3917383732680108,0
-0.008047229499902574,-0.3686844605265949,0
-0.12645174864564993,0.14450700450326134,0
0.05230679431997714,-1.0154698382476561,0
-0.1377563852891369,-0.3917383732680108,0
-0.04278176881958086,0.04232736375926814,0
-0.010781462046291287,-0.17582974568215473,0
0.09057987703635127,-1.2789215111618453,0
-0.1377563852891369,-0.3917383732680108,0
-0.013027323573090187,0.30839169465787974,0
0.07886884942966771,-1.1199501999340356,0
-0.008437558801771496,0.19473272922008328,0
-0.013997126141070754,0.08292254828559247,0
0.03271108555849528,1.331369934961746,0
-0.1377563852891369,-0.3917383732680108,0
0.14497617997562975,4.0496885933698685,0
-0.1377563852891369,-0.3917383732680108,0
-0.05821161874458783,0.4722912147288818,0
-0.1377563852891369,-0.3917383732680108,0
-0.03988015936716705,0.5528889327539093,0
-0.1377563852891369,-0.3917383732680108,0
-0.04083097291971595,0.5798212633923037,0
-0.1377563852891369,-0.3917383732680108,0
-0.021952586566149804,-0.756869117413778,0
0.044672410763877526,2.475191372022504,0
0.08106404366365881,-0.6164929879089349,0
-0.1377563852891369,-0.3917383732680108,0
0.0510800669235636,0.0017912925807521524,0
-0.07058955220958908,-0.23080663572734017,0
-0.022943708019023755,0.10998327871435777,0
-0.027296260285097858,-0.2264941922118876,0
-0.011094555142406006,0.9761055941191765,0
-0.0025922523938999805,0.7724646409186493,0
-0.0068661511822175085,0.14590448610569914,0
0.11271407861472503,-0.3586753022599238,0
0.0028854644437351844,-0.3941075854037526,0
-0.07510423171211364,-0.10914927186518135,0
0.022992459936956,-0.6893278261967046,0
-0.1377563852891369,-0.3917383732680108,0
-0.019837871906897397,0.6563925607144808,0
-0.1377563852891369,-0.3917383732680108,0
0.009839449627205177,-0.594763340820617,0
0.07204279229157536,-1.13813185359886,0
0.1413278342782683,-0.16375202889839352,0
-0.1377563852891369,-0.3917383732680108,0
-0.1377563852891369,-0.3917383732680108,0
-0.014308881834971096,0.7715257163049557,0
-0.015366158143007,1.5603137712067785,0
-0.001295969224641837,0.8168802511719157,0
-0.07944879672372793,0.43674353141645167,0
-0.1377563852891369,-0.3917383732680108,0
-0.005517352678279801,0.751780809629836,0
-0.051081286668428524,0.4620664676899826,0
0.030062215583815374,-0.1566665471796662,0
0.16562394156692367,-0.9336016336539512,0
0.10077825321014718,-1.115069577261124,0
0.00951617508596101,-0.6090457348827695,0
0.17773435409784927,2.447091673474459,0
-0.011063213652831838,0.6778488491727103,0
-0.003369965354771943,0.22328285912325296,0
0.04712100072461904,0.057187786878110436,0
-0.05422326333610198,-0.11446444581296972,0
0.0074322594738241675,0.5473027911680793,0
-0.015681380235259234,0.43596228127871484,0
0.07561061900879985,-0.9232387419509261,0
0.017768231892511685,1.343273449644355,0
-0.011334017899553578,1.0216873384474703,0
-0.1377563852891369,-0.3917383732680108,0
-0.1377563852891369,-0.3917383732680108,0
-0.05695203291844814,0.06441154529252781,0
-0.1377563852891369,-0.3917383732680108,0
-0.03540306257423852,0.03396434202230676,0
-0.07008566722635454,-0.0595914424248898,0
-0.1377563852891369,-0.3917383732680108,0
-0.04824957950763733,-0.5022812876242984,0
-0.06894774720147309,0.16893711790564508,0
-0.03957817488458337,0.7738529772928177,0
-0.1377563852891369,-0.3917383732680108,0
-0.1377563852891369,-0.3917383732680108,0
-0.1377563852891369,-0.3917383732680108,0
-0.08836350546110626,0.15187697340999962,0
-0.1377563852891369,-0.3917383732680108,0
-0.060632900447558646,0.8535628885665377,0
-0.1377563852891369,-0.3917383732680108,0
0.037124123617090915,0.4803563706127869,0
-0.0357105947759436,0.15645540530764515,0
-0.034317059665483526,-0.12360754561327572,0
-0.0065371555927766735,0.8238084010168265,0
-0.021611737487197125,1.391609526131948,0
-0.011146622471024341,0.7777854039639783,0
-0.0048947287619419,-0.11454378726056075,0
0.05091977706686455,2.4749755423319852,0
-0.1377563852891369,-0.3917383732680108,0
0.07533021318973195,0.6391347090098058,0
-0.1377563852891369,-0.3917383732680108,0
-0.1377563852891369,-0.3917383732680108,0
-0.1377563852891369,-0.3917383732680108,0
-0.02525409836291301,1.3703651657024698,0
-0.1377563852891369,-0.3917383732680108,0
-0.06386771660428132,-0.23867641353645286,0
0.3733565938387362,-2.6833953139242244,0
-0.1377563852891369,-0.3917383732680108,0
-0.1377563852891369,-0.3917383732680108,0
-0.04652145916124435,0.598520349714607,0
-0.1377563852891369,-0.3917383732680108,0
0.12497553073148632,1.8345030531071616,0
0.17568659985761373,1.2615647615740748,0
-0.1377563852891369,-0.3917383732680108,0
-0.014019915789351021,0.2906995602466044,0
-0.0103906634540408,0.6824513794020541,0
-0.04228451427608513,-0.4646060484408236,0
0.06805779051606783,1.3635846307985018,0
0.03409720171793724,1.6768502324529373,0
-0.1377563852891369,-0.3917383732680108,0
-0.04254768320226186,-0.24587280783611215,0
-0.1377563852891369,-0.3917383732680108,0
-0.1377563852891369,-0.3917383732680108,0
0.056737951374362224,1.5599898274530923,0
-0.1377563852891369,-0.3917383732680108,0
-0.1377563852891369,-0.3917383732680108,0
-0.1377563852891369,-0.3917383732680108,0
-0.035313964639752546,0.5148227485032507,0
-0.1377563852891369,-0.3917383732680108,0
-0.1377563852891369,-0.3917383732680108,0
-0.03874480417507598,0.5292196500235322,0
-0.1377563852891369,-0.3917383732680108,0
-0.1377563852891369,-0.3917383732680108,0
-0.1377563852891369,-0.3917383732680108,0
0.038754265417080894,0.22650614357776963,0
-0.022655991675480984,0.4817437289986993,0
0.0640934965720338,0.462624162498234,0
-0.053764267108999474,0.6163474460468159,0
-0.003485712056193172,-0.49183247205171066,0
0.1331720455304166,0.0854096881956998,0
-0.011836799739941018,0.3248363920932806,0
-0.07019939036947927,0.6304848142629063,0
0.13431647456797874,0.41494912103001463,0
-0.03434102100532784,0.4286040260538764,0
0.07320205021418512,2.474205749769139,0
-0.01900075074698106,1.1936884373098051,0
0.23922534087547678,-2.3152727638784536,0
0.05151300523965477,-0.6851498975851609,0
-0.0016669750338032217,1.44433617687204,0
0.28146738607979105,2.6458893838232873,0
0.12330979481449596,-1.1814213220166208,0
0.041412378458994835,-0.885117659761131,0
0.0020701124122823977,1.776281928412808,0
-0.1377563852891369,-0.3917383732680108,0
-0.1377563852891369,-0.3917383732680108,0
-0.0010219407206585472,0.8416106407787323,0
0.2212570700135002,4.226342684331223,0
0.0005333062759839112,-0.8594070198422077,0
-0.1377563852891369,-0.3917383732680108,0
0.0002094716982313245,0.9079085418594505,0
0.00523056712750191,0.48512497870768834,0
-0.1377563852891369,-0.3917383732680108,0
0.02079940429977476,0.45564614370842027,0
-0.1377563852891369,-0.3917383732680108,0
-0.02991468119437575,0.5254330236077013,0
0.041665792596859076,2.3380918156344177,0
0.04550539293760909,2.4751625947304343,0
0.011866853850490683,0.4588528413133225,0
0.0016085306014516777,-0.0245555673348602,0
-0.05161608996490035,0.11854516837624193,0
-0.021929125468960375,-0.06505533539438459,0
0.010085968802176605,-0.33869949510049857,0
-0.1377563852891369,-0.3917383732680108,0
0.01037205043971565,-0.4356189141598799,0
-0.08022892460944268,0.2318407079935489,0
-0.1377563852891369,-0.3917383732680108,0
-0.12645174864564993,0.14450700450326134,0
-0.06319662466325594,-0.20504659683256776,0
-0.1377563852891369,-0.3917383732680108,0
-0.04766826659237033,0.6966881456831954,0
0.022400893522266114,-0.14622530846188816,0
-0.01768664310527991,-0.07342863879700837,0
0.015916329843672625,-0.4106011919267473,0
0.24195153563243946,1.2100402775691768,0
0.41854010536562536,4.041787304527804,0
-0.03947623706729496,0.12129745568524088,0
0.002739994830629327,1.27779362991921,0
-0.07493588508347318,0.40889436820264,0
0.05210011750332031,-0.5260146267488658,0
-0.04950542487389191,0.9309043381853852,0
0.04550539293760909,2.4751625947304343,0
0.11772038868768125,-0.945182213422032,0
0.11320165318067472,0.5278581689137452,0
-0.03965090811248909,0.5801012171280967,0
-0.050553029941378565,0.623253367784128,0
0.05754288602758088,0.5755899509724334,0
-0.04438250616306109,1.0457664211460544,0
0.024847415167480482,0.34564162406371773,0
-0.1377563852891369,-0.3917383732680108,0
-0.1377563852891369,-0.3917383732680108,0
-0.1377563852891369,-0.3917383732680108,0
0.04052283037086503,-0.48688629028007263,0
-0.05747062786501915,-0.09030471876137855,0
-0.011177280390918237,-0.1668253071441421,0
0.001873392510214378,1.6377747383669234,0
-0.12645174864564993,0.14450700450326134,0
-0.013520003309698362,-0.18495669630486233,0
0.02011034912011569,-0.16626263471910122,0
0.042306679865801486,-0.998994058952578,0
0.21684049055421278,-0.7562117542994627,0
0.039363954931410344,0.0474808536811457,0
0.034315308005629826,0.5488743612397757,0
-0.0745513333461942,0.5600014916464834,0
-0.03267943947824133,-0.415256000723961,0
-0.020165894989002946,1.3991521910311806,0
-0.03954404644218769,-0.43970160334232905,0
0.15316500490871682,-1.3528071720763506,0
0.052603801522209205,-0.5049545539301957,0
0.042893699257858464,0.8113700969496771,0
0.0068167057794184995,0.40079589386414693,0
-0.014861634536414838,-0.8521690285828155,0
-0.1377563852891369,-0.3917383732680108,0
-0.061093813904523835,0.6736486251510906,0
0.031509607698939346,2.3364580360224934,0
0.13908408079854515,-1.6548688154028928,0
-0.1377563852891369,-0.3917383732680108,0
0.0955041157942091,2.6523139142776944,0
-0.04842601390591584,-0.44570920445455825,0
-0.02427829723785171,0.5652801458186132,0
0.08351316356620075,-0.4140855644234375,0
-0.1377563852891369,-0.3917383732680108,0
0.008615240520687323,2.1568885025378792,0
0.08475328906936982,-0.3508314795433845,0
0.196677303090197,-1.1213842503257156,0
-0.038956411375029865,0.9494323712005379,0
-0.040226750674782596,-0.23757839968748595,0
-0.05825110733450507,-0.46620945200098046,0
0.14497617997562975,4.0496885933698685,0
-0.027940781429477868,-0.7851213662403091,0
0.004540878651738513,-0.09107852529141541,0
-0.05790386919001997,-0.20113880938416692,0
0.08892722669424753,-0.7476923920626215,0
0.16963340845078131,4.048976423868903,0
-0.1377563852891369,-0.3917383732680108,0
-0.1377563852891369,-0.3917383732680108,0
-0.1377563852891369,-0.3917383732680108,0
-0.02722230457023531,-0.6037759836794595,0
-0.02705195532317196,0.051557198599827506,0
-0.1377563852891369,-0.3917383732680108,0
-0.1377563852891369,-0.3917383732680108,0
0.0037518961315521258,-0.6640523159909025,0
-0.019501974952575482,-0.26271250362601345,0
-0.022249821332947166,1.1595207012277156,0
0.10775279865579504,-0.8768299151623785,0
0.039981993422021245,-1.0110615607583135,0
0.15873753097484763,-1.5375750789370202,0
-0.004299191585965747,0.01885165860338826,0
-0.1377563852891369,-0.3917383732680108,0
0.14541388225625376,4.049675951307721,0
0.09020847500597062,-0.3944939130297531,0
0.13448644494553155,-1.059310395013042,0
0.007733461362060122,-0.7105488753749895,0
0.02378373176189267,-1.094471982167686,0
0.023824572505642246,-0.02761454917917241,0
-0.1377563852891369,-0.3917383732680108,0
0.003374349568645314,-0.39877310451994913,0
0.06689022024131569,-1.56607164536882,0
-0.1377563852891369,-0.3917383732680108,0
-0.08327648255481959,-0.18157509544209693,0
-0.04526806270956512,0.6594516408969675,0
-0.1377563852891369,-0.3917383732680108,0
-0.011236532884938111,-0.2413669696659681,0
0.1426565934475874,-0.9868346499695194,0
-0.011752975654342262,1.5445490518868106,0
0.07365999504318185,-0.5135709358713691,0
0.09547467116399783,-0.6253894237103504,0
-0.01989974305080479,1.1371459421774954,0
0.01586486600915434,-0.6862102919725882,0
2.278016617148052e-05,-0.17804899368645224,0
-0.09983370001269,0.10219625612571896,0
0.10858193539200288,-0.37928437841360474,0
0.11138371613335035,-0.6940290362306928,0
0.004093452394613498,0.23708679582987574,0
-0.1377563852891369,-0.3917383732680108,0
0.03751981287934399,1.1696091009543916,0
0.007501405516535406,-0.9999923104533623,0
0.04564253611505016,-1.0020409324779798,0
-0.06848750152278199,0.014790307421360683,0
0.01254920611415398,-0.1618142490096801,0
-0.1377563852891369,-0.3917383732680108,0
0.22928099582058015,-1.862793842496844,0
-0.03919365319653712,-0.16760356907212862,0
0.0569193369998865,2.549873074801953,0
0.08011535677699766,-0.536235235548358,0
-0.13398817307464125,-0.21298991401092005,0
0.11056093071340828,0.5844605458602558,0
0.15451575660742084,-0.5320311322718833,0
0.054534013802293446,-0.7364538957140366,0
0.184238664141202,-0.5266291910924497,0
0.2111970498322504,-1.4761365707838507,0
0.06401345841286178,0.12396855589756019,0
0.29628027419735314,1.4481375256052773,0
-0.1377563852891369,-0.3917383732680108,0
-0.00024027102488695813,-0.17244439906830197,0
-0.1377563852891369,-0.3917383732680108,0
-0.057433049718420955,0.706262650893285,0
-0.13398817307464125,-0.21298991401092005,0
-0.1377563852891369,-0.3917383732680108,0
-0.1377563852891369,-0.3917383732680108,0
-0.1377563852891369,-0.3917383732680108,0
-0.1377563852891369,-0.3917383732680108,0
0.03046844415565473,-0.16441950547757972,0
0.004625195632507431,0.17599404313950917,0
-0.1377563852891369,-0.3917383732680108,0
0.18887713481838447,-1.1458910625787457,0
-0.1377563852891369,-0.3917383732680108,0
0.4870024829118721,-2.7499041268221576,0
-0.1377563852891369,-0.3917383732680108,0
-0.14152459750363255,-0.5704868325251016,0
0.004790347543633793,1.8437200122064383,0
-0.1377563852891369,-0.3917383732680108,0
-0.1377563852891369,-0.3917383732680108,0
-0.1377563852891369,-0.3917383732680108,0
0.0974486746185095,0.6774906727083075,0
0.17211102290954752,-1.1427143556516415,0
-0.1377563852891369,-0.3917383732680108,0
0.15438570446982666,1.1150519132580488,0
-0.1377563852891369,-0.3917383732680108,0
-0.1377563852891369,-0.3917383732680108,0
-0.1377563852891369,-0.3917383732680108,0
0.025779557893532763,-0.7528520231185342,0
-0.07167671492367517,-0.4001361491124807,0
-0.05112360103525058,-0.5040867191500082,0
-0.005376175239068532,-0.03089540944064263,0
-0.043275371135456,0.9180174727969568,0
0.0018494383467616631,-0.20669535846354642,0
-0.03865070631841924,-0.5141597135284066,0
-0.1377563852891369,-0.3917383732680108,0
-0.12645174864564993,0.14450700450326134,0
0.00032113134699745415,-0.4926726957623096,0
0.12258434205340323,-1.3889564153725398,0
-0.053355996889013754,-0.18261632559213992,0
0.047874059388813506,-1.0322427995450087,0
-0.1377563852891369,-0.3917383732680108,0
-0.1302199608601456,-0.03424145475382931,0
-0.1377563852891369,-0.3917383732680108,0
-0.12645174864564993,0.14450700450326134,0
-0.12645174864564993,0.14450700450326134,0
0.13247710086422634,-1.0791300570064877,0
0.16985848484443955,-0.8479071685835159,0
0.018669471005560604,-0.596214915605865,0
-0.1377563852891369,-0.3917383732680108,0
-0.06774205224434837,-0.16759341095446006,0
0.1652214495054252,1.0647567775534772,0
0.06934632999913024,-0.6198596081579268,0
-0.02288229359130608,-0.09758532500813202,0
-0.046575255956239,0.1772318808267137,0
0.1071506963965432,-0.5920871286461001,0
-0.1377563852891369,-0.3917383732680108,0
-0.015703478333795276,-0.6143530644702936,0
0.10454139600171887,0.52212618876137,0
-0.1377563852891369,-0.3917383732680108,0
0.13898537688131685,-1.2053262616689433,0
0.07868087340811417,-0.6659676127661265,0
0.18110250536143668,4.617021769626035,0
0.05281165857763049,2.5338413528547448,0
-0.1377563852891369,-0.3917383732680108,0
0.12098854979242513,-0.8737400697774667,0
-0.1377563852891369,-0.3917383732680108,0
-0.1377563852891369,-0.3917383732680108,0
-0.038952178519459243,0.06607151023094103,0
-0.1377563852891369,-0.3917383732680108,0
-0.1377563852891369,-0.3917383732680108,0
-0.039070995471495465,0.481529561933316,0
0.15766954611372552,4.049321973567596,0
0.09386018017294172,-0.8860739281554469,0
-0.025649237755892597,-0.1945895599781962,0
-0.06762887576650972,0.20117936025978989,0
0.06816557477664062,1.0946330377425864,0
-0.1377563852891369,-0.3917383732680108,0
0.01707432332744676,0.4193800849989104,0
-0.04015667864510308,-0.07303442815014095,0
-0.1377563852891369,-0.3917383732680108,0
-0.02006292695598698,-0.3127461610084968,0
0.04488065630731043,2.4751841776994867,0
0.19518055994756184,6.015668803954921,0
-0.1377563852891369,-0.3917383732680108,0
0.044672410763877526,2.475191372022504,0
0.3158448831844825,-2.5780895867483755,0
0.05091585283662523,-0.6089620917361186,0
0.022234199983229102,-1.0108206992679467,0
-0.06614459829865534,0.013035637592741232,0
0.05955730566951819,-0.9294736378345333,0
0.03100291965764368,0.46037415580062657,0
0.05545308113547713,2.3798178236205025,0
0.044672410763877526,2.475191372022504,0
-0.023079971316319132,0.9140129163283469,0
-0.13398817307464125,-0.21298991401092005,0
-0.009830343000861393,0.5793672863059902,0
-0.032240623866574725,0.9496328531490894,0
0.3650419184515189,-0.36466878551667853,0
-8.57994183396654e-06,-0.9101708755474702,0
-0.1377563852891369,-0.3917383732680108,0
-0.1377563852891369,-0.3917383732680108,0
-0.1377563852891369,-0.3917383732680108,0
-0.05551597692312469,0.19683532823989214,0
0.17872237431070034,-1.0712750706447713,0
-0.05299878842639766,-0.26468795054946537,0
-0.02206830994724881,1.007000921958631,0
-0.003426102025526127,-0.9862702030156377,0
0.044672410763877526,2.475191372022504,0
-0.01172882790830244,-0.5471622748127261,0
-0.1377563852891369,-0.3917383732680108,0
-0.1377563852891369,-0.3917383732680108,0
0.16139194332373355,1.0634731382304679,0
-0.0437262104736591,0.8407684715966611,0
-0.04219145702647328,0.9892879999271877,0
-0.00780081883927955,-0.2833870928501937,0
-0.1377563852891369,-0.3917383732680108,0
-0.03931113926681888,1.0936890501895924,0
-0.1377563852891369,-0.3917383732680108,0
-0.1377563852891369,-0.3917383732680108,0
-0.1377563852891369,-0.3917383732680108,0
-0.1377563852891369,-0.3917383732680108,0
-0.1377563852891369,-0.3917383732680108,0
0.07295003099011581,-0.93106743814743,0
-0.1377563852891369,-0.3917383732680108,0
-0.1377563852891369,-0.3917383732680108,0
0.06882235543460632,-1.1817673801548652,0
0.1832087829426026,3.9217166949712965,0
0.18128218226742507,1.1124107169874027,0
-0.004195979699462945,-0.2238751004562644,0
-0.1377563852891369,-0.3917383732680108,0
-0.004554046966522158,1.6378156926048177,0
-0.14152459750363255,-0.5704868325251016,0
0.4038132451193817,-1.4509638776871407,0
-0.07586122714335751,0.6118532603442051,0
-0.05715078078221615,-0.1243695420789368,0
-0.03597529115489697,0.16735080773848207,0
0.05093607301881258,-0.9807559365651441,0
-0.1377563852891369,-0.3917383732680108,0
0.08047892085309641,-0.3100224340774785,0
0.3935916114738963,-2.844379610020168,0
-0.1377563852891369,-0.3917383732680108,0
0.18601936415063597,4.763932334710825,0
0.044672410763877526,2.475191372022504,0
0.170630507661813,-0.8282029883536527,0
-0.05384029734047982,-0.19360184699290262,0
0.09392872140091012,0.9480593060286544,0
0.18879522348699718,-0.8241240043407607,0
-0.1377563852891369,-0.3917383732680108,0
-0.015923207930922514,-0.6620618353573713,0
-0.1377563852891369,-0.3917383732680108,0
-0.030460005776641787,0.9222041012925114,0
-0.0191773817438946,1.2053094988429969,0
-0.06285076959285162,0.2060022614972799,0
-0.1377563852891369,-0.3917383732680108,0
-0.1377563852891369,-0.3917383732680108,0
0.2448799708104037,-1.8815967368059663,0
0.054057026623106616,1.6372206980793957,0
-0.0014612480956513651,1.7382669623100313,0
-0.1377563852891369,-0.3917383732680108,0
-0.08744125203627094,0.2005448508991367,0
-0.1377563852891369,-0.3917383732680108,0
0.14846272911962471,0.012464116128303072,0
-0.1377563852891369,-0.3917383732680108,0
-0.1377563852891369,-0.3917383732680108,0
0.020165391080945373,0.6440556657415634,0
-0.025775687805196998,0.4905260252750262,0
0.01143686591128773,-0.3648653868066632,0
-0.010319191526900504,0.8919391091202219,0
0.2120182198334831,-1.5425839363867844,0
0.038615170487332075,-0.6684560159347991,0
0.0005878994913739025,-0.5302974322095656,0
-0.05626774719363515,0.7811146544607874,0
-0.1377563852891369,-0.3917383732680108,0
0.023682145318870695,0.3415981649476727,0
-0.048067259659653985,-0.2740857031351424,0
0.017905299109669207,2.0409019084643494,0
-0.1377563852891369,-0.3917383732680108,0
-0.1377563852891369,-0.3917383732680108,0
0.03452812807236182,-0.35071978044514585,0
-0.01796787850131199,1.1736267174619033,0
-0.08123320207170204,2.28948851558835,0
-0.060072741328265906,-0.03716257420203441,0
-0.041296436109040664,-0.13832370426072188,0
-0.01997790073844929,0.2694021970741628,0
-0.04429269533635609,-0.04704665663084478,0
-0.1377563852891369,-0.3917383732680108,0
-0.1377563852891369,-0.3917383732680108,0
-0.022575712221088604,-0.4630428969293415,0
0.209434122115549,0.18442487474969782,0
-0.02902894659853005,-0.012130505094515286,0
-0.1377563852891369,-0.3917383732680108,0
-0.07395399282184738,0.5648487035812961,0
0.014968755966496102,-0.9094543502245426,0
-0.1377563852891369,-0.3917383732680108,0
-0.0220794300541082,0.7659850006926022,0
0.37043268950600666,-0.4015998866869196,0
-0.02841478975330646,0.5964132202347935,0
-0.07120998055618381,0.19443942848454432,0
-0.1377563852891369,-0.3917383732680108,0
-0.1377563852891369,-0.3917383732680108,0
-0.1377563852891369,-0.3917383732680108,0
-0.1377563852891369,-0.3917383732680108,0
0.013779818616555506,-0.21368077981385564,0
-0.042648613508944055,-0.25059067163464827,0
-0.13398817307464125,-0.21298991401092005,0
0.013616672144654644,-0.5154967723398827,0
-0.1377563852891369,-0.3917383732680108,0
0.16887947093014216,-0.9288943193828375,0
0.07015167503263332,-0.5226713554881456,0
-0.002228820580638755,0.25709780591531595,0
-0.13398817307464125,-0.21298991401092005,0
0.03919649531423504,-0.5508845982056063,0
0.12425603405639658,-1.1915052165224655,0
0.012532509889224752,0.04048227777988911,0
0.11779380057525074,-1.1339428369340792,0
-0.10710275636007596,-0.011251582657818756,0
0.07831941241806917,-1.0670159903023664,0
0.0015843013371191093,-0.066420459527259,0
0.0014147308414375968,0.1971967869868392,0
0.023640126699577456,-0.23144076525186175,0
0.1290108893767053,-1.811026913418327,0
-0.035876165109590206,0.08851745184923644,0
0.23396259364252617,-2.6599222996998586,0
-0.03488161296699713,1.184763642043535,0
-0.1377563852891369,-0.3917383732680108,0
0.07373491847878083,-0.19587896803480456,0
0.029580392759094083,-0.22902893913532008,0
0.03898773533388567,0.15711633438127634,0
0.2643342332088022,-2.224578606494434,0
0.03860005847415188,-0.3987807929893234,0
-0.006459531640785103,0.2163552750106612,0
0.011075802515906192,1.3035837231852108,0
-0.0606362041354238,-0.1631773967440827,0
0.2505606086368857,-0.8854454320002837,0
0.021798619414480327,-0.9431574596457897,0
0.32667935005487647,3.6213151398440204,0
-0.1377563852891369,-0.3917383732680108,0
-0.1377563852891369,-0.3917383732680108,0
0.04477457501797286,1.5285152343165396,0
-0.06451551271471272,0.7550206946307647,0
-0.050924397559026086,-0.07489823445777935,0
0.27896571677176574,0.8114814614700776,0
0.0477095492490436,-0.3689869333426769,0
-0.048757675892679604,-0.08776511152890226,0
0.11451117236503007,-0.19344136475770485,0
0.10218232038716682,-0.5529809005432922,0
0.1430589421335193,0.14290890479307639,0
0.11067516657922875,1.1034327439597253,0
-0.05158794658242002,0.15078134691333842,0
-0.05002666618799881,0.47032975170329394,0
-0.14152459750363255,-0.5704868325251016,0
-0.1377563852891369,-0.3917383732680108,0
-0.12645174864564993,0.14450700450326134,0
0.01834751238574061,-0.10204998884685615,0
-0.1377563852891369,-0.3917383732680108,0
-0.004418912776413294,1.7019662445861563,0
-0.1377563852891369,-0.3917383732680108,0
-0.1377563852891369,-0.3917383732680108,0
0.1436950901223547,-1.2338334176224106,0
-0.1377563852891369,-0.3917383732680108,0
0.13979334391640297,-0.9974173919895266,0
-0.05375229610342163,0.30892411845661355,0
-0.04017689764906519,0.9882428660833875,0
0.0024063021226254228,-0.2520406572966993,0
-0.022683433697749077,0.9555026256455149,0
0.15631617758894792,4.289267374273083,0
0.2646918164849688,-1.3794931619120703,0
-0.04890388667186914,0.07050556299705991,0
0.035054807610780704,-0.34030592952854993,0
-0.1377563852891369,-0.3917383732680108,0
0.06993061566553165,-0.9616084425453202,0
-0.1377563852891369,-0.3917383732680108,0
0.03335198163198544,-0.34359753745824906,0
0.0021093891696555497,-0.13067275788537486,0
-0.1377563852891369,-0.3917383732680108,0
-0.1377563852891369,-0.3917383732680108,0
-0.1377563852891369,-0.3917383732680108,0
-0.016370694668939614,-0.22342614737702227,0
-0.1377563852891369,-0.3917383732680108,0
-0.1377563852891369,-0.3917383732680108,0
0.05952966472124286,2.008827487476023,0
0.008520029100060176,-0.3717064983588269,0
0.3527983813395401,-1.1455037670576422,0
-0.1377563852891369,-0.3917383732680108,0
-0.1377563852891369,-0.3917383732680108,0
-0.11317331278151342,-0.14275562969441682,0
0.1213934395888012,-1.0123804505912968,0
-0.05088383589009116,-0.6687817265303149,0
0.030596270791100638,-0.30360458290094344,0
-0.06733197402773324,0.14241631714647354,0
0.0428514429655641,-0.669784718985848,0
-0.014659876714028443,-0.2096336635080823,0
-0.14152459750363255,-0.5704868325251016,0
-0.1377563852891369,-0.3917383732680108,0
0.10784740710635883,-0.5472169458590488,0
-0.002125854227843023,1.5665795340006983,0
-0.0588252012117141,0.39503266939276066,0
0.06753132661179298,-0.5081502886625472,0
-0.05131957657413231,-0.35521410868480685,0
1.343157754213533,2.8923524663218165,0
-0.08429384059802057,0.37329527380614785,0
-0.1377563852891369,-0.3917383732680108,0
-0.1377563852891369,-0.3917383732680108,0
-0.020692807666689475,0.48709607045230485,0
-0.1377563852891369,-0.3917383732680108,0
-0.1377563852891369,-0.3917383732680108,0
-0.05922240045843087,0.3162717692506214,0
-0.0112812332880912,0.012576244380068392,0
-0.07828157691275199,-0.4068457390194751,0
-0.06104994820920246,-0.0004948995765052415,0
-0.024970970017708333,-0.13925647065792598,0
-0.1377563852891369,-0.3917383732680108,0
-0.1377563852891369,-0.3917383732680108,0
-0.1377563852891369,-0.3917383732680108,0
-0.05001043267277705,-0.3300480907863682,0
-0.003977454372473902,0.38642975662772655,0
0.13593329522509384,-0.16375535268377223,0
-0.1377563852891369,-0.3917383732680108,0
-0.1377563852891369,-0.3917383732680108,0
-0.1377563852891369,-0.3917383732680108,0
-0.1377563852891369,-0.3917383732680108,0
-0.1377563852891369,-0.3917383732680108,0
-0.1377563852891369,-0.3917383732680108,0
0.08756853054784061,-1.6620966081103876,0
0.057179727911983044,-0.3134656343805225,0
-0.04401800436829499,1.0438642887487128,0
0.029675962537649467,2.140307719211803,0
0.15972760739586564,-0.9607357345825328,0
-0.1377563852891369,-0.3917383732680108,0
-0.1377563852891369,-0.3917383732680108,0
-0.1377563852891369,-0.3917383732680108,0
-0.0929657504965832,-0.08546405554568465,0
-0.08750979050177489,0.1921578756612597,0
0.03411079748790135,-0.34970190416691405,0
-0.1377563852891369,-0.3917383732680108,0
-0.1377563852891369,-0.3917383732680108,0
-0.014655693859708252,-0.33308664562407525,0
-0.07193034600953004,-0.029165429457656853,0
0.029724567051555323,-0.27825725395993955,0
0.055812145010608744,-0.969431731874704,0
-0.1377563852891369,-0.3917383732680108,0
0.06034574464886718,-0.6765772021725744,0
0.04696107241547827,0.7556582800526104,0
-0.1377563852891369,-0.3917383732680108,0
-0.0051022770672266345,0.0018226838885963665,0
-0.0019607455836169567,-0.25604820033693315,0
0.07037356004064003,-1.280745836089264,0
0.06220377028391522,-0.3278715040080918,0
0.013777644508745824,-0.8742622228269824,0
0.12916197082282835,-1.7234466720533035,0
-0.1377563852891369,-0.3917383732680108,0
-0.11604586593720606,-0.03997089008928173,0
-0.13398817307464125,-0.21298991401092005,0
-0.1377563852891369,-0.3917383732680108,0
-0.1377563852891369,-0.3917383732680108,0
-0.022313386376657314,0.047310879622761384,0
0.08569678282015934,2.473774090388105,0
-0.1377563852891369,-0.3917383732680108,0
0.046360036602700556,-0.4846042834548021,0
0.15825314915455754,4.049305117484733,0
-0.1377563852891369,-0.3917383732680108,0
-0.049444381041756094,-0.1848100050357884,0
0.036421503735077736,-0.26731037262462437,0
0.1259477690170987,-0.9482508041350546,0
-0.1377563852891369,-0.3917383732680108,0
-0.1377563852891369,-0.3917383732680108,0
-0.08964941900686633,0.001562573480855573,0
0.11719218723177104,3.114864199544694,0
-0.1377563852891369,-0.3917383732680108,0
0.0005460558675744111,-0.03315762017014424,0
-0.1377563852891369,-0.3917383732680108,0
0.029879977893337253,-0.7098589017618101,0
-0.07050877222779901,0.0029814271408750126,0
-0.1377563852891369,-0.3917383732680108,0
-0.1377563852891369,-0.3917383732680108,0
0.0012248909216345599,-0.5625202166583089,0
-0.1377563852891369,-0.3917383732680108,0
0.013557176627317724,-0.41586448411410587,0
-0.006370726801020154,-0.061578299027947626,0
-0.00931541467050914,-0.570933704897771,0
-0.008837069197448588,-0.24998306422876806,0
0.004380053940306833,-0.9000756822854225,0
-0.0014090842943577583,-0.6124741907034174,0
-0.1377563852891369,-0.3917383732680108,0
0.04336157540810295,-1.3795643238109994,0
-0.007171652823103645,-0.09534446064272747,0
-0.02585254540411904,-0.5203521495171204,0
0.15829060023270156,-0.9523922096482643,0
-0.001335061514757224,-0.39625658525461793,0
-0.11008492234897933,-0.11917442281446865,0
-0.0407512941025938,0.007214450470648751,0
-0.08342069309656262,-0.25942973561590676,0
-0.048426915462288195,0.046925548500585085,0
0.23658756980047282,-1.3641519815197627,0
0.02628615229815719,0.8220043236872794,0
-0.050503247028972735,-0.8761566748214166,0
0.008668667633351087,-0.23903075902172605,0
0.044506348552582446,-0.36249099697277004,0
0.03820466398632564,-0.4440537901884109,0
-0.005875745769965908,-0.4542737286190455,0
-0.06595979983259614,-0.4581408520493564,0
-0.1377563852891369,-0.3917383732680108,0
-0.1377563852891369,-0.3917383732680108,0
0.21277698547647547,-1.8658050649946805,0
-0.03356501027160785,0.8477584297461264,0
0.08207224631357342,-1.6404215140205207,0
0.04627252413148029,-0.41755803636937633,0
-0.1377563852891369,-0.3917383732680108,0
0.004392280836949346,-0.8131636608658442,0
0.028399227738898518,-0.19737038922071853,0
0.04947675143477056,-1.297129079772913,0
0.035930663833925146,-1.0070776858159178,0
-0.1377563852891369,-0.3917383732680108,0
0.07827369168254639,-1.296003208586791,0
0.006491158341771586,-0.15668038475789425,0
-0.015999617913688632,-0.047517523541138196,0
-0.1377563852891369,-0.3917383732680108,0
-0.1377563852891369,-0.3917383732680108,0
-0.1377563852891369,-0.3917383732680108,0
-0.1377563852891369,-0.3917383732680108,0
-0.014759699049603982,0.41595211636525126,0
-0.1377563852891369,-0.3917383732680108,0
0.09090292140598183,2.4735942323126725,0
0.07670481891898404,0.18873140451067266,0
-0.025803341959700653,-0.5810268759257488,0
-0.07243521838274306,-0.016266053206884356,0
0.021914751941925343,0.5423879118505854,0
-0.1377563852891369,-0.3917383732680108,0
-0.02249346219014434,1.4080919464921628,0
-0.03573727581309782,0.048489973307068376,0
0.030534630767960418,1.568571102101153,0
-0.1377563852891369,-0.3917383732680108,0
-0.1377563852891369,-0.3917383732680108,0
0.12129900538203062,-1.1719332801902753,0
-0.04796282035292774,-0.2673587599335183,0
0.018840716811286993,-0.5250015271843655,0
0.15968694920572524,4.228121001073277,0
-0.08763888931199426,0.231124542992389,0
0.10855812282857283,-1.4064287026269968,0
-0.1377563852891369,-0.3917383732680108,0
-0.0139717958031061,1.325442667791505,0
0.03760190775414478,1.375146539693093,0
0.039448482501875645,2.272499516700909,0
0.048440622978373184,2.6539398312795948,0
-0.06650653584618768,-0.18709760997266,0
0.0210626543608322,-1.1297350579008199,0
-0.1377563852891369,-0.3917383732680108,0
-0.02873706811991616,0.3214125715000798,0
0.16832595849000068,-0.6300787451761135,0
-0.1377563852891369,-0.3917383732680108,0
-0.056468480395270214,-0.032464891801242596,0
0.2881665040404832,-1.0349572707801835,0
-0.0422824056679192,0.07495525904378635,0
-0.006438341979829315,-0.0574067821077213,0
0.1762728831984702,-0.9298642194808205,0
0.04084834044211022,-0.36402867456208593,0
0.1205831941309613,-1.1949450097680259,0
0.004790347543633793,1.8437200122064383,0
-0.07538093975023236,0.2020035420759777,0
0.07233099441592881,1.3222161002421575,0
-0.06758568750800543,0.19642122697506992,0
-0.06611155515112312,-0.1978313785034251,0
-0.008747131324570225,-0.0959992494274769,0
-0.018368873392574304,-0.13259995036276664,0
0.024390686924197998,-0.5639776115340914,0
-0.1377563852891369,-0.3917383732680108,0
-0.1302199608601456,-0.03424145475382931,0
-0.1377563852891369,-0.3917383732680108,0
-0.1377563852891369,-0.3917383732680108,0
-0.04899404955648943,0.34464045861374,0
-0.1377563852891369,-0.3917383732680108,0
-0.12103834131084257,-0.32792663274955247,0
-0.05466020941724132,0.26934158445771955,0
-0.031257602235907185,0.5429479750422714,0
0.1781033248478929,3.069859075855213,0
0.045713638481042033,2.4751554004074174,0
-0.042212608743337536,-0.13453553288797393,0
-0.07048110795004009,0.022315582435786265,0
-0.05406117092161612,0.25424299342924894,0
-0.1377563852891369,-0.3917383732680108,0
-0.09153579963759474,-0.5989799755749884,0
-0.06268660577084915,0.5026241621613207,0
0.007378705303777221,-0.6546596840582828,0
-0.1377563852891369,-0.3917383732680108,0
-0.1377563852891369,-0.3917383732680108,0
0.009938640166349908,1.919631794736076,0
-0.03998886872250316,0.5858088109462247,0
-0.039841650161044406,-0.2478045771440493,0
-0.0552647746562638,-0.3621877605955606,0
-0.0961304177822403,0.2215330338530792,0
-0.1377563852891369,-0.3917383732680108,0
-0.046092142582704,0.7264655870417378,0
-0.05000020940995911,0.7292791053655754,0
-0.07908753738833432,0.17751913127602392,0
0.11471961375827064,1.8606747659323735,0
-0.1377563852891369,-0.3917383732680108,0
-0.1377563852891369,-0.3917383732680108,0
0.07567156653114694,-0.05544409041631091,0
-0.1377563852891369,-0.3917383732680108,0
-0.023100090579940363,1.0134732830123387,0
-0.1377563852891369,-0.3917383732680108,0
-0.016727984787531843,1.4745740744640436,0
-0.08315429678754276,-0.2198028625509965,0
-0.05359543885833502,-0.04369114406502385,0
-0.03063800736098067,1.2449267768930468,0
-0.05121443777854061,-0.39863385467212,0
-0.1377563852891369,-0.3917383732680108,0
0.020180396296995147,-0.4141114151808777,0
-0.1377563852891369,-0.3917383732680108,0
-0.013941429550457397,-0.7534894666861056,0
-0.014870013717228594,-0.6505141868050437,0
-0.1377563852891369,-0.3917383732680108,0
-0.1377563852891369,-0.3917383732680108,0
0.06070561143374208,-0.1949778761236994,0
-0.1377563852891369,-0.3917383732680108,0
-0.029325322790791558,-0.6971277361720865,0
-0.0624086549896085,0.07061838488197834,0
-0.037639545819062814,1.1785347291212307,0
-0.1377563852891369,-0.3917383732680108,0
-0.052446504191420204,0.023141826702593123,0
-0.036476898159949485,0.3837924877416909,0
-0.014104522891057408,-0.8418349535377422,0
0.1788251563438852,4.048710940563811,0
-0.024987213296985413,-0.7511486547830455,0
-0.1377563852891369,-0.3917383732680108,0
-0.1377563852891369,-0.3917383732680108,0
0.05626846373833199,-0.9041807604883935,0
-0.003297928522487676,-0.5490787253482637,0
-0.09032066265297402,0.34848315812191133,0
-0.1377563852891369,-0.3917383732680108,0
-0.01757983117808685,-0.485864376097083,0
-0.01363954175865931,-0.8363724032397377,0
-0.03853569630066277,0.6930612934635317,0
-0.07285189134404445,0.3358234653174262,0
0.07454963060010136,-0.8134189962477788,0
-0.1377563852891369,-0.3917383732680108,0
-0.1377563852891369,-0.3917383732680108,0
-0.027545334558825293,0.5384309163494081,0
-0.07336688128302431,0.12188759687171037,0
-0.08260264565121148,-0.08064268066922081,0
-0.1377563852891369,-0.3917383732680108,0
-0.1377563852891369,-0.3917383732680108,0
-0.021072273555326232,-0.33952748912097225,0
-0.1377563852891369,-0.3917383732680108,0
-0.1377563852891369,-0.3917383732680108,0
-0.1377563852891369,-0.3917383732680108,0
0.005997109235497621,-0.3899282681919617,0
-0.1377563852891369,-0.3917383732680108,0
0.007180319921436973,-0.4897666228544494,0
-0.1377563852891369,-0.3917383732680108,0
-0.1377563852891369,-0.3917383732680108,0
-0.022710334609281475,1.3323985404900653,0
-0.03265924079452213,-0.295046901877445,0
-0.1377563852891369,-0.3917383732680108,0
-0.0670654575868983,-0.31596816223060686,0
-0.013585639038903311,0.6008726173885377,0
0.09582580501789431,-0.0353445183675756,0
-0.019342365041976884,0.5916775342755514,0
-0.08198515945223263,-0.10426697864847795,0
-0.1377563852891369,-0.3917383732680108,0
-0.1377563852891369,-0.3917383732680108,0
-0.1377563852891369,-0.3917383732680108,0
0.0667662308004686,2.653306730854076,0
-0.13398817307464125,-0.21298991401092005,0
-0.12645174864564993,0.14450700450326134,0
0.10983060767887211,0.7880072407254544,0
-0.07929528996481602,-0.35217633277591287,0
-0.12645174864564993,0.14450700450326134,0
0.21332801386044387,4.584286289041276,0
-0.08925712686754106,-0.6013084446007642,0
-0.13398817307464125,-0.21298991401092005,0
-0.006704167847066552,0.5073715119633494,0
-0.0759947704825989,0.4537320794440892,0
-0.060791964029061604,-0.5660320344763936,0
-0.019935423183592184,-0.3959687877988227,0
0.006580276829876337,-0.4952651282557242,0
-0.1377563852891369,-0.3917383732680108,0
-0.1377563852891369,-0.3917383732680108,0
-0.01943219787649588,0.6477650620873617,0
-0.034353477510051404,0.7880407910388733,0
-0.005611054151838176,0.3768434361558711,0
0.026551762391061672,-0.8460352619975894,0
-0.06811415772259961,-0.22922722410665677,0
-0.054259178102765836,0.4455097856180025,0
-0.06345448520858168,-0.03918201677772781,0
-0.0313442812424486,-0.33215459677689907,0
0.017197660336161553,0.5655460651259347,0
-0.05160976189002991,0.026770724135570852,0
-0.044394213598762715,0.5413881044308039,0
-0.05116107018377368,0.9059528184702275,0
-0.04226150028600415,-0.17064153367925733,0
-0.1377563852891369,-0.3917383732680108,0
-0.1377563852891369,-0.3917383732680108,0
0.03173217921140064,-0.7366549353100721,0
-0.024526620560199105,-0.611208856303827,0
0.012461370057841417,1.8571727291879894,0
-0.07060801156526396,-0.4733787004914225,0
-0.1377563852891369,-0.3917383732680108,0
-0.06740906079032351,-0.1829802856692181,0
-0.1377563852891369,-0.3917383732680108,0
-0.1377563852891369,-0.3917383732680108,0
0.004790347543633793,1.8437200122064383,0
-0.05216603475805024,0.777728079157743,0
0.005959105996635728,0.49354378850443803,0
0.03660356695736868,0.48755293229210184,0
-0.04030185863792448,-0.1983899240924589,0
-0.0811435396256486,0.12600564074755172,0
0.04533117431900079,0.10393930153281479,0
-0.1377563852891369,-0.3917383732680108,0
-0.1377563852891369,-0.3917383732680108,0
-0.1377563852891369,-0.3917383732680108,0
-0.1377563852891369,-0.3917383732680108,0
-0.041721391036004224,1.102866951282995,0
-0.1377563852891369,-0.3917383732680108,0
-0.04340462133330496,-0.15788467947948379,0
-0.1377563852891369,-0.3917383732680108,0
0.3009309753335739,-0.7472374500379773,0
-0.03347040889706198,-0.14639215936755737,0
-0.08034031236523978,-0.6887863924501848,0
-0.0023269011416403996,1.6566352126083563,0
0.022733980468489987,0.7922231679975388,0
0.013072517556146444,0.3508732376387854,0
0.001929368473841858,-0.5188443926365889,0
0.061207007706612575,-0.525016948628337,0
0.03919850358275195,-0.5340095174229056,0
-0.05746450715909376,-0.5104458183693432,0
0.05487644239208972,2.474838850194658,0
-0.0663676281340221,0.32801840834907453,0
-0.049004224136259426,0.10600837102602693,0
-0.061038398152090015,-0.019720229510708776,0
-0.1377563852891369,-0.3917383732680108,0
-0.06442012886697207,0.022617417370266606,0
-0.028849074877652,-0.2116609335212516,0
-0.055507429243405244,0.004045157004127384,0
-0.1377563852891369,-0.3917383732680108,0
-0.1377563852891369,-0.3917383732680108,0
-0.09117086742079719,0.12663079972814317,0
0.047579793944039044,-0.798112762384782,0
-0.04512201381819186,-0.10741478427598708,0
0.012344224379177324,-0.6367593323182292,0
0.03991385318277526,0.7782912181942293,0
-0.1377563852891369,-0.3917383732680108,0
-0.0867793713354344,-0.2768927671522305,0
-0.038383579635472974,-0.30306335747001784,0
0.007165209417369111,0.053616554619350595,0
-0.03623523424282754,0.5525468165890243,0
-0.024118307396230332,0.8665585496630316,0
-0.017975226967868723,-0.040306599021066813,0
-0.1377563852891369,-0.3917383732680108,0
0.06310941725024448,-0.3201591443990367,0
0.01366864626344551,0.14295038435899798,0
-0.03154525704602088,0.5846954632487376,0
0.12810434143163996,1.1998012208647795,0
0.026583852423813312,0.4765991775774139,0
0.39817483727776815,3.2372219116447476,0
0.13030391819610157,0.2646324148790848,0
-0.003391478170333675,-0.4298351887765851,0
-0.05413767097682227,-0.34857420774315934,0
0.20149642116270267,2.895423942472933,0
-0.00423180588553685,-0.681092635495745,0
-0.023600219843503273,0.0026864662031106773,0
-0.1377563852891369,-0.3917383732680108,0
-0.1377563852891369,-0.3917383732680108,0
-0.1377563852891369,-0.3917383732680108,0
-0.1377563852891369,-0.3917383732680108,0
-0.02309541873721754,-0.11650695315643723,0
-0.1377563852891369,-0.3917383732680108,0
0.1851754221095909,3.6565969041613466,0
-0.1377563852891369,-0.3917383732680108,0
-0.025128514566763613,-0.9316979694304725,0
-0.12555839318292883,-0.2905321903135947,0
-0.046076627871901636,-0.29638701915641,0
-0.1377563852891369,-0.3917383732680108,0
-0.1377563852891369,-0.3917383732680108,0
0.051733606742431534,-0.5666801309720725,0
-0.06416286034412115,0.7550049866841276,0
-0.1377563852891369,-0.3917383732680108,0
0.2627177472041303,-0.27854724794200547,0
-0.1377563852891369,-0.3917383732680108,0
-0.1377563852891369,-0.3917383732680108,0
-0.056729218117389436,0.5048514694052323,0
0.16168258997750776,-0.4073390409771846,0
0.029195058933902878,-0.47134189461357306,0
-0.03462002313069385,1.1411699192095264,0
-0.007612248527516115,-0.8272879487960242,0
-0.1377563852891369,-0.3917383732680108,0
-0.1377563852891369,-0.3917383732680108,0
-0.04372451956581574,-0.144917350437069,0
-0.1377563852891369,-0.3917383732680108,0
0.03214018832761059,-0.6636221580237655,0
-0.1377563852891369,-0.3917383732680108,0
-0.010690574571057555,-0.4431294015459767,0
-0.028478231068762846,4.79196694518762,0
-0.04858842394146002,0.15847769496886363,0
-0.026288713264590455,0.835052433050868,0
-0.04783265001967879,-0.4491527431478145,0
0.06817717414910096,0.080908296344353,0
-0.028269504202633244,-0.004577279891437083,0
-0.015809034290158393,0.28640952930646363,0
0.008002967200709659,-0.41228571711383505,0
-0.1377563852891369,-0.3917383732680108,0
0.004966086064681606,1.2104043119955752,0
-0.1377563852891369,-0.3917383732680108,0
0.09244166489697316,0.8186453605522922,0
0.46109809070207947,3.8271426970617215,0
-0.1377563852891369,-0.3917383732680108,0
0.07845494966183102,-0.5012511898156737,0
-0.07455664059060295,-0.18730110887353593,0
-0.02119967257190631,-0.12090210221735113,0
-0.02452084191036541,0.0014036034624768912,0
0.09635016157300949,-0.47453874055839124,0
-0.060529654588637224,0.4353997528446184,0
0.05497025717499354,-0.1048480817053231,0
-0.1377563852891369,-0.3917383732680108,0
-0.0281699229620226,-0.10885099754170564,0
-0.019994675194743128,-0.49441258491479206,0
0.05455175537448795,-0.9233110171857738,0
0.050955393358311236,1.875662349409798,0
0.002764458363936901,-0.6515259301602043,0
0.1279477178726335,-0.17561694705758643,0
0.07713363836286719,0.7503036949054803,0
0.03759708484363618,-0.7046643216382144,0
-0.1377563852891369,-0.3917383732680108,0
0.024930938064283172,-0.6501834070391106,0
-0.03500389958386352,0.9917230281596456,0
-0.1377563852891369,-0.3917383732680108,0
-0.1377563852891369,-0.3917383732680108,0
0.1325098778231863,-1.0606387930022807,0
-0.09043783661503936,0.05664054403943365,0
0.1955518798808559,0.240724037599777,0
0.1454936921919294,-0.6022627715168081,0
-0.024077693318543723,0.059287611650911634,0
-0.052807439130565334,0.6795325608405799,0
-0.1377563852891369,-0.3917383732680108,0
-0.1377563852891369,-0.3917383732680108,0
-0.1377563852891369,-0.3917383732680108,0
-0.054398245125826514,0.14387745934813803,0
-0.1377563852891369,-0.3917383732680108,0
-0.1377563852891369,-0.3917383732680108,0
-0.1377563852891369,-0.3917383732680108,0
-0.1377563852891369,-0.3917383732680108,0
-0.09534540262797261,-0.5074969256555489,0
-0.1377563852891369,-0.3917383732680108,0
0.0228371914736023,-0.7890960745782868,0
-0.035927736708484426,0.22217253864100145,0
-0.1377563852891369,-0.3917383732680108,0
-0.06201629378301606,-0.23370469651202663,0
-0.08618463092722657,0.2438801281818635,0
0.049894298423346035,-0.7860393742267605,0
-0.1377563852891369,-0.3917383732680108,0
0.11251851764037467,-0.7491547256510637,0
-0.1377563852891369,-0.3917383732680108,0
-0.1377563852891369,-0.3917383732680108,0
-0.11468552387374759,-0.17626936919308137,0
-0.05474779663599924,0.17429824190338333,0
0.19504765715261765,-1.9202785202271853,0
0.019771359585053987,0.06148747957879604,0
-0.026631838828114998,0.6094286547377722,0
0.010909774196557101,1.0190722275864679,0
-0.1377563852891369,-0.3917383732680108,0
0.04967030380626716,2.475018708270089,0
0.011051535783278615,-0.0015411742498142472,0
0.0008901626638953533,-0.2795080905069482,0
0.020161667052725697,-0.022625969621364244,0
-0.1377563852891369,-0.3917383732680108,0
-0.1377563852891369,-0.3917383732680108,0
-0.010037744201815592,0.5662960937897225,0
0.03476731538739312,-0.20979767577673997,0
-0.036216293083383096,0.1822867715803405,0
-0.1377563852891369,-0.3917383732680108,0
-0.06946253340104908,0.5898313935930566,0
0.02110325374035634,-0.44688793279311984,0
0.05069148112698986,0.9435343572226462,0
-0.030078129154324063,-0.5866568411540902,0
-0.13398817307464125,-0.21298991401092005,0
-0.04617181379639345,-0.44859445621294464,0
0.05300627102898408,-1.0412131155073812,0
0.2237790236169564,-0.28470067021604034,0
-0.11369364898045374,-0.3501479168292851,0
-0.1377563852891369,-0.3917383732680108,0
0.07369633396735865,-0.38031926511929515,0
-0.01053698154056477,-0.23525967346009763,0
0.18396699194530663,-1.0943126998947927,0
0.08337341080550423,-0.771275531231067,0
-0.06702843016523344,0.4759752203442409,0
-0.1377563852891369,-0.3917383732680108,0
0.02387872924643343,-0.7458955352654468,0
-0.012479553998378247,0.37429672537593867,0
-0.05851397949965167,0.13793022073595446,0
-0.1377563852891369,-0.3917383732680108,0
-0.1377563852891369,-0.3917383732680108,0
-0.1377563852891369,-0.3917383732680108,0
0.04550539293760909,2.4751625947304343,0
0.013706388117392923,-0.4880882353809887,0
-0.07554623436528789,0.3749628345767963,0
-0.006450068099587763,-0.3663417443534583,0
0.1543138286289416,4.04941889604406,0
0.19678546830984983,6.015622449727048,0
0.22839466772521003,-1.2133130051285594,0
-0.1377563852891369,-0.3917383732680108,0
0.09268499892967755,-0.6212176498330599,0
-0.1377563852891369,-0.3917383732680108,0
-0.054203888645741286,0.8078632057241705,0
-0.001230680105785622,-0.6149226051920361,0
0.044672410763877526,2.475191372022504,0
-0.041929225483762655,1.1034403155465944,0
0.004786320651052352,-0.513171544779413,0
0.06258875737786734,0.8103716535887522,0
-0.1377563852891369,-0.3917383732680108,0
-0.1377563852891369,-0.3917383732680108,0
-0.050760388169845044,-0.3568405661365418,0
0.010159129423801138,-0.23754198783500977,0
-0.02282898380760088,0.46779353190016926,0
0.07871336727867695,-1.1472120617454518,0
-0.1377563852891369,-0.3917383732680108,0
-0.08996064499728795,-0.34865794892493246,0
-0.055574551613416574,0.43368198892525844,0
0.03368384278430542,0.8913828403260152,0
-0.02324122343379734,-0.014128350448908271,0
-0.039162714904953475,1.0565140991993007,0
-0.029554120759167937,0.06930156728022173,0
-0.056941235708312256,0.010994582069926635,0
0.13713846470241142,-1.2600029910519468,0
0.005219562247684441,0.43991688990000777,0
-0.06670830932948381,-0.48679858320129504,0
-0.09065326400850386,0.11449590721055179,0
-0.01034091735716242,0.6186766498471634,0
-0.04815697352031129,0.10654694552254794,0
-0.1377563852891369,-0.3917383732680108,0
0.06805031713638757,-0.26412381392534917,0
-0.052936396491692336,-0.16259112850641,0
-0.05315766825239843,0.929828613769687,0
0.02688187799434094,0.16331997436965187,0
-0.08054757083954014,0.20997658278827613,0
0.039315965330315665,-0.8954808949925215,0
-0.0032194446730342036,0.02763391168928529,0
0.1591285537158055,4.049279833360439,0
-0.1377563852891369,-0.3917383732680108,0
-0.1377563852891369,-0.3917383732680108,0
-0.1377563852891369,-0.3917383732680108,0
-0.1377563852891369,-0.3917383732680108,0
0.01685632809059007,-0.685409453706971,0
-0.1377563852891369,-0.3917383732680108,0
-0.025269595488618644,-0.6549839428594931,0
-0.1377563852891369,-0.3917383732680108,0
-0.060109566113961246,0.7633025940780478,0
-0.1377563852891369,-0.3917383732680108,0
-0.1377563852891369,-0.3917383732680108,0
-0.0006493277123507471,-0.5213149807732186,0
-0.08406907554434226,0.41694099294607306,0
0.08088744738714108,-0.9128489009195278,0
0.07234504453753185,-0.6255757685501873,0
0.4874525336021722,5.025009118761164,0
0.45347917437854557,1.5958558444994422,0
-0.007716600575089624,-0.4185341861913141,0
-0.1377563852891369,-0.3917383732680108,0
-0.005003956829359564,-0.5566597934515645,0
0.07505093453377275,-1.3589512630665217,0
-0.13398817307464125,-0.21298991401092005,0
-0.012974844479547214,0.5388517258617342,0
0.137549923134952,2.471982703956808,0
-0.004890598186777075,-0.13705280046564974,0
0.203362426029746,-1.6383347414880083,0
-0.009254986909728827,-0.23569418778854911,0
0.009179032249609347,-0.42364524641376317,0
-0.13398817307464125,-0.21298991401092005,0
-0.1377563852891369,-0.3917383732680108,0
0.07166338461150888,1.4003145892655415,0
-0.10807106392991518,-0.3898567662978039,0
0.01727017158462379,-0.5275444174271371,0
0.07306553994075614,-0.7595632241501441,0
0.001287609830311439,-0.19205508235547578,0
0.03814522631600064,-0.7678684647732421,0
-0.05885070188610227,0.14478976138920688,0
0.08438709256689235,0.053788019116222316,0
0.10332567212327078,-0.6043454856081514,0
-0.0034478317626383645,-0.4918586066365814,0
0.10599246144783558,-0.6376530694415733,0
0.09446288807704462,2.652349885892781,0
-0.13398817307464125,-0.21298991401092005,0
0.16475315131743556,1.6125017513767361,0
0.04771579291791856,1.617845514631939,0
-0.015647200035678436,0.11795825019918117,0
-0.010238242581216568,-0.6096885333355635,0
-0.1377563852891369,-0.3917383732680108,0
-0.1377563852891369,-0.3917383732680108,0
0.019551587447726892,-0.7449921750643762,0
-0.13398817307464125,-0.21298991401092005,0
-0.1377563852891369,-0.3917383732680108,0
-0.0032335719384427113,-0.2951560318087275,0
-0.06462236110461393,0.7127247617633048,0
-0.012534467390214523,1.6507712213116874,0
-0.05887329504984334,-0.06731712794992137,0
-0.042963629167439246,-0.24858969909329084,0
-0.1377563852891369,-0.3917383732680108,0
-0.1377563852891369,-0.3917383732680108,0
-0.0220171613108407,0.19747632442400004,0
-0.1377563852891369,-0.3917383732680108,0
0.1620940824847871,-0.3378019268837829,0
-0.049974061927455064,-0.004950562438956976,0
-0.1377563852891369,-0.3917383732680108,0
0.013929838827473482,-0.43314664284355164,0
-0.1377563852891369,-0.3917383732680108,0
-0.1377563852891369,-0.3917383732680108,0
-0.1377563852891369,-0.3917383732680108,0
-0.023385700320202003,0.26859789200331835,0
0.04278161631979697,1.4240162378327061,0
-0.1377563852891369,-0.3917383732680108,0
-0.1377563852891369,-0.3917383732680108,0
-0.0667868046038885,-0.38909812337355376,0
-0.1377563852891369,-0.3917383732680108,0
-0.1377563852891369,-0.3917383732680108,0
-0.1377563852891369,-0.3917383732680108,0
-0.1377563852891369,-0.3917383732680108,0
-0.1377563852891369,-0.3917383732680108,0
-0.1377563852891369,-0.3917383732680108,0
-0.1377563852891369,-0.3917383732680108,0
-0.1377563852891369,-0.3917383732680108,0
-0.1377563852891369,-0.3917383732680108,0
-0.13398817307464125,-0.21298991401092005,0
0.0640970381027049,-0.13680326666761922,0
-0.00936667134934178,-0.6353883238314794,0
-0.1377563852891369,-0.3917383732680108,0
0.15048155401690302,-1.1622608967077452,0
-0.005292954590144773,-0.22645786107810145,0
0.03737077265197539,-0.5119452603058,0
-0.1377563852891369,-0.3917383732680108,0
-0.1377563852891369,-0.3917383732680108,0
0.011284742117627181,1.9322767380715773,0
-0.007889637241708594,0.013354515236707358,0
-0.05999887286561455,0.4184210779020546,0
0.0013773283066963315,-0.589025411593454,0
0.044672410763877526,2.475191372022504,0
0.017435182135456896,-0.6873055254248722,0
-0.040085364834474085,0.7993932354601657,0
-0.1377563852891369,-0.3917383732680108,0
0.08022835906602686,-0.8526233494625355,0
0.18083966583501665,-0.70834341312215,0
-0.13398817307464125,-0.21298991401092005,0
0.10965778533066901,-0.49904162710076344,0
0.024006653437214965,-0.7451550641545174,0
-0.012655001042835488,0.4005776995984215,0
0.012775918385132897,-0.8666010404722482,0
0.25603120852539196,-1.3984909558667717,0
0.08873252607902257,-0.05095937340807652,0
-0.0368981804024834,0.3691087125130797,0
-0.1377563852891369,-0.3917383732680108,0
0.026980075756948656,-0.6904750433217514,0
0.09652192383625154,-0.7561250845634779,0
0.017573023013878128,0.38629696121492607,0
-0.01735968600409592,-0.3752512333922949,0
-0.1377563852891369,-0.3917383732680108,0
-0.13398817307464125,-0.21298991401092005,0
-0.13398817307464125,-0.21298991401092005,0
-0.05579881340911958,0.7046602676577298,0
0.048643953881202864,-0.39234323589841497,0
-0.04027890282563554,0.21954697228147102,0
-0.020142846779190104,1.4437749527915784,0
-0.13398817307464125,-0.21298991401092005,0
0.25795090640814117,-2.1209252988133365,0
-0.04950267877641525,0.4067925237216588,0
-0.02078862871382523,-0.22353638409399226,0
0.023319793327555065,-0.11707601974249324,0
-0.014928306960125896,-0.6653704609226744,0
0.10372793715215636,0.845250717137717,0
0.005449801602072391,-0.3272830922149019,0
0.05170628314179029,2.906373864092177,0
-0.018443418634860882,0.998955217100715,0
-0.044444775627700446,-0.6132776964727239,0
-0.04314869781149344,0.9262258808580339,0
-0.021354389541613547,-0.30307753722195385,0
-0.0424236947782074,-0.18426872690304238,0
-0.06624998427763436,0.3681972563518456,0
-0.1377563852891369,-0.3917383732680108,0
-0.1377563852891369,-0.3917383732680108,0
-0.13398817307464125,-0.21298991401092005,0
0.031947488162503264,-0.9532746976991642,0
-0.08008695884370474,-0.08698669254337041,0
0.020843989412856638,-0.5283026896765762,0
-0.13398817307464125,-0.21298991401092005,0
0.2058758063609178,-0.8608491131839618,0
-0.04103432770309401,-0.4054541463383329,0
-0.03309282667779407,1.2816902222481446,0
0.12287859966838058,-0.8083899750615553,0
-0.020766706557794848,1.111333049185309,0
0.002917812535974174,-0.3941802040949646,0
0.10071056596283386,-1.4252425696422393,0
-0.03997782071857813,-0.4517988720600118,0
0.07786327673835806,-0.4681125661688312,0
0.014667004241723227,0.3453821139976117,0
0.012866127723889278,-0.70396734090891,0
-0.1377563852891369,-0.3917383732680108,0
-0.03160043352370227,0.07649344372258514,0
-0.033230727510910565,0.014714124869018281,0
-0.14152459750363255,-0.5704868325251016,0
0.18306418536710878,-0.5036937980914851,0
-0.041530057025892915,1.0029074228321027,0
-0.1377563852891369,-0.3917383732680108,0
-0.06221657819949061,0.3342637503811121,0
-0.1377563852891369,-0.3917383732680108,0
-0.1377563852891369,-0.3917383732680108,0
0.1375239843963278,-1.30326024444529,0
-0.1377563852891369,-0.3917383732680108,0
-0.1377563852891369,-0.3917383732680108,0
-0.017649749867354018,0.1755606215168854,0
-0.019800304794747335,-0.23851680775133843,0
-0.08876962650069334,1.931991597074169,0
-0.1377563852891369,-0.3917383732680108,0
0.0243097286111209,-0.08721343985373063,0
0.16328537382551184,-0.5055360581971569,0
0.32171686625578555,-2.0613224845490166,0
0.0457337744196473,0.7780679295208772,0
-0.1377563852891369,-0.3917383732680108,0
-0.1377563852891369,-0.3917383732680108,0
-0.1377563852891369,-0.3917383732680108,0
0.09739446755209508,0.6734223482423747,0
-0.003320385710326364,1.7019249878622922,0
-0.08330957545899652,0.20293233741701255,0
0.028522960752063578,0.6948411746419195,0
0.048629076089102635,2.4750546798851754,0
0.09301384159874716,-1.1908612332132196,0
-0.009814944171783671,-0.20685057057024508,0
-0.07337069966800495,0.31435052850441675,0
0.03467979227757395,-0.7289257939212295,0
0.07938947110682715,-0.8077835793437741,0
-0.1377563852891369,-0.3917383732680108,0
-0.07368956914773986,-0.2816999643024808,0
-0.1377563852891369,-0.3917383732680108,0
0.048205209873864625,-1.1196893117236115,0
-0.1377563852891369,-0.3917383732680108,0
-0.1377563852891369,-0.3917383732680108,0
-0.024672326587365456,-0.5267829832923216,0
-0.1377563852891369,-0.3917383732680108,0
0.017538206823598353,-0.2735922797316158,0
-0.03279107059089855,-0.27329057040237587,0
-0.054135922066613364,-0.24491866417789215,0
-0.0456849266385706,-0.22358790201358103,0
0.22040169951819621,-1.7552025283656918,0
0.04790481594787239,-0.40607087324336577,0
0.10649457099123799,-0.06196725785113861,0
-0.1377563852891369,-0.3917383732680108,0
-0.020487584651787672,0.7394597459996071,0
-0.011710992617333845,-0.19309607878831803,0
0.015861112953271535,0.4565609428651696,0
-0.1377563852891369,-0.3917383732680108,0
0.03256870047559561,-0.5991286721441685,0
-0.1377563852891369,-0.3917383732680108,0
-0.035034528011237485,-0.6943378373538427,0
-0.07285748434497683,0.46048989653702566,0
-0.1377563852891369,-0.3917383732680108,0
-0.10953226092345596,-0.1585635383032049,0
-0.1377563852891369,-0.3917383732680108,0
0.02328455050265663,-1.0468750946219598,0
-0.027820288765366734,-0.17550779154546262,0
-0.04193530279749715,0.24899376920736765,0
-0.1377563852891369,-0.3917383732680108,0
-0.1377563852891369,-0.3917383732680108,0
-0.1377563852891369,-0.3917383732680108,0
-0.1377563852891369,-0.3917383732680108,0
-0.1377563852891369,-0.3917383732680108,0
0.049352199176818004,-0.8351146236465202,0
-0.022422300888495773,-0.47454183356537427,0
-0.0007265125060104898,-0.5817032065151045,0
-0.02394615025683975,-0.1456972720728607,0
-0.03816381592963329,0.5468044290316372,0
-0.0016423563530094274,0.04164806067285267,0
0.10571477477371846,-1.7552264032211615,0
-0.13713855291132274,-0.3965886962946017,0
0.20086481898286018,-0.9629435646872875,0
0.22941457358799747,-2.2447706219212096,0
-0.06905742165630738,-0.4535225136745053,0
-0.1189153242166586,0.5020039230174429,0
0.2557511073772622,0.13333550459069507,0
-0.1377563852891369,-0.3917383732680108,0
-0.1377563852891369,-0.3917383732680108,0
-0.14152459750363255,-0.5704868325251016,0
0.18524404860936342,-1.512848397598278,0
-0.02602505392256441,0.09834603935888399,0
0.06272563158542971,-0.558156591856293,0
-0.0357109451023506,0.0020282964659148034,0
0.5128480733974141,-3.2280301714933746,0
0.05381921858020555,-0.6749856043686875,0
-0.1377563852891369,-0.3917383732680108,0
-0.0012919207902335817,-0.25357705508732126,0
-0.0035893564846869144,0.14274153399761655,0
-0.0035835759834950123,-0.4942959473426992,0
-0.049652283583057996,0.5978947433152061,0
0.09728568305060169,-0.7880355100818798,0
-0.1377563852891369,-0.3917383732680108,0
0.06214801244917379,0.06070518961169426,0
0.06502687188063794,-1.1049673617352056,0
0.0023942185954802576,-0.8524434863163712,0
-0.1377563852891369,-0.3917383732680108,0
-0.1377563852891369,-0.3917383732680108,0
0.023263193665713458,0.09684379531105493,0
-0.04025388242998855,-0.2943953037256918,0
0.3527300663585589,-3.2488327420425893,0
0.07131459971437577,-1.2703060569692282,0
-0.03615867344261188,-0.3484859534327409,0
0.043901980900239126,0.19933715917565864,0
0.13146143902172233,-0.14331357019235608,0
-0.044200478777567026,0.33524608666635847,0
-0.03326030210577173,-0.2534352228076619,0
-0.1377563852891369,-0.3917383732680108,0
-0.1377563852891369,-0.3917383732680108,0
0.023908346645789193,-0.46042011743044425,0
0.07895814351412056,-1.079488174001082,0
-0.034519095395129554,0.05406099065564782,0
0.24207593512330045,-1.8106697718461804,0
0.07266146324131148,-0.22498061707103634,0
-0.034169004509943014,0.5205326415484416,0
-0.13398817307464125,-0.21298991401092005,0
-0.1377563852891369,-0.3917383732680108,0
0.10716603966230796,-1.3595434100158679,0
-0.010006024390156465,0.5661181622051547,0
-0.002102613793813598,1.439723980082371,0
-0.011245273175728812,-0.31468536037023676,0
0.10893989466069404,-0.6955095023590947,0
0.011139188428884653,-0.3098765419775719,0
0.09489760620515748,1.5726548527545057,0
-0.1377563852891369,-0.3917383732680108,0
0.08195217745097144,-1.1262943308470768,0
-0.13398817307464125,-0.21298991401092005,0
-0.1377563852891369,-0.3917383732680108,0
-0.1377563852891369,-0.3917383732680108,0
-0.1377563852891369,-0.3917383732680108,0
0.001916734566416033,0.9102011135771662,0
0.004599340652399168,0.3042880024862125,0
0.04724601483314072,-0.2050066041822407,0
0.14863700192240442,-0.5997276090093789,0
0.03222782714872309,1.1375031093124475,0
0.07470945367659909,-0.3594257598463076,0
-0.03809694441332265,-0.5738253021057992,0
-0.0050230043495279484,-0.3145875177783707,0
0.15845949580808305,-0.5087044983979533,0
0.03994646828147391,-0.10304516670690225,0
-0.02232458979337993,-0.17830579294243054,0
0.09441959722973817,-0.40078669182561605,0
0.07969376030118247,-0.23636724808212012,0
0.13224382059273132,-0.10266062492238248,0
-0.13398817307464125,-0.21298991401092005,0
-0.02567479897981821,-0.037457571737337575,0
0.0005180987538280804,-0.5399653948114077,0
0.01657586725288152,1.301476237349265,0
0.045539186312914016,-0.4659131872260573,0
-0.1377563852891369,-0.3917383732680108,0
0.014382885005839395,-0.15758899095532125,0
-0.01345931323728156,1.1095505390186085,0
0.09641677219882676,2.8096527958399147,0
-0.010317355085084074,-0.7106891282430452,0
-0.017353334096987066,0.6329427339443245,0
0.019971617547767547,-0.4024208438529138,0
-0.0057195486901567795,0.21461466905257173,0
0.09572037571096231,0.4542374574171174,0
0.05265776807138558,1.234392499017727,0
0.005058353909634821,0.46379308163709404,0
0.2437351055453272,-1.4621852742853663,0
0.1793763290469042,-0.8658312883983922,0
0.156781689385089,-1.0181072210538502,0
0.051549524501034096,-1.0398328505486811,0
-0.04387177596107993,0.6900158286043234,0
0.019994182932023905,0.5644637802595992,0
-0.09630605092968465,1.5744946785599876,0
0.039727030131607347,-1.0688376745192814,0
-0.13398817307464125,-0.21298991401092005,0
-0.015607945047627112,-0.18960043855901942,0
0.14003955485937541,-1.0868557455292938,0
-0.13398817307464125,-0.21298991401092005,0
-0.010295411399107689,-0.4975837925931133,0
-0.13398817307464125,-0.21298991401092005,0
-0.014618127650048145,0.2792743422244732,0
0.019578387422611348,-0.15973989713958492,0
0.03808237420535249,-0.5401262376068989,0
0.17558528088129438,1.6728611122683408,0
0.13604600922388668,-0.7923631130525642,0
0.1494738959911654,4.228415982523381,0
0.05748294044059005,-0.48806161584900826,0
-0.13398817307464125,-0.21298991401092005,0
-0.13398817307464125,-0.21298991401092005,0
-0.06244636137459594,0.11768162482793064,0
-0.1377563852891369,-0.3917383732680108,0
-0.1377563852891369,-0.3917383732680108,0
0.1067391608342644,-0.779912395097841,0
-0.059734167599855864,0.10764286127635142,0
-0.01121276498273273,-0.16364456289132862,0
0.07869366665818085,-0.6394382198298169,0
0.04345517077398629,-0.3204986525545122,0
-0.14152459750363255,-0.5704868325251016,0
-0.1377563852891369,-0.3917383732680108,0
-0.1377563852891369,-0.3917383732680108,0
-0.13398817307464125,-0.21298991401092005,0
-0.13398817307464125,-0.21298991401092005,0
-0.13398817307464125,-0.21298991401092005,0
-0.028434463315574247,0.7096584222350169,0
0.007624997808076862,0.26163375737878414,0
-0.003386805463263396,-0.36020480852813447,0
0.026732907554171726,0.7884378743292254,0
0.11029786514631153,-1.5041170927817176,0
-0.050527956350748374,0.17940125267216156,0
0.28823190268500437,-1.8223652715920227,0
-0.018943564697137212,0.6144331591005694,0
-0.07853433527919186,0.2707048918065068,0
-0.012232877024349352,0.8885183064279178,0
0.08933105916561553,0.6592562085954394,0
0.08175421226523004,0.5769605022588123,0
-0.07033686241240313,0.2119475845999042,0
0.08142710228342294,-0.2621696946736198,0
-0.07311661628899833,-0.31042971975958195,0
0.005507475307359261,0.28290013915093903,0
-0.1377563852891369,-0.3917383732680108,0
-0.021913670089582053,-0.4095375260909798,0
-0.1377563852891369,-0.3917383732680108,0
0.037845560503743936,-0.4862144138195257,0
-0.08895323662808491,-0.3442654214225554,0
-0.030094676474512076,-0.42441272197099206,0
0.14995769948727897,-1.1943334917337272,0
-0.1377563852891369,-0.3917383732680108,0
-0.11239154346605068,-0.307352690066763,0
-0.06674373873228635,-0.43063748940823915,0
-0.004225200826123274,0.0072100357268000655,0
0.03972015692746767,0.8696147124433243,0
-0.017761490954320884,-0.1616105993165272,0
-0.07034634740215714,0.7691379146321743,0
0.01148442761014837,-0.3616984775785068,0
-0.03577068573114048,0.11385007510449269,0
-0.1377563852891369,-0.3917383732680108,0
-0.0327833353617819,-0.3641327646867072,0
0.08891590150815623,-0.02502703543583042,0
0.044672410763877526,2.475191372022504,0
-0.13398817307464125,-0.21298991401092005,0
-0.03082313488780422,-0.5151336256501484,0
0.04274260893188879,-0.7718326893796088,0
-0.06706275443208641,0.9834350542737598,0
0.1955458618516105,-0.684986163571334,0
-0.006458637426047252,0.17335237513111487,0
-0.08801698383319084,-0.1513846309303438,0
-0.029486949216665736,-0.4293593709251939,0
0.10444409908105567,-0.33491179174913277,0
-0.07206858503752923,-0.17700648933234323,0
-0.1377563852891369,-0.3917383732680108,0
-0.1377563852891369,-0.3917383732680108,0
0.05273499980466063,0.0441478069412022,0
0.11768665372933147,-1.5616418747229877,0
-0.1377563852891369,-0.3917383732680108,0
-0.1377563852891369,-0.3917383732680108,0
0.15116928718586362,1.3702393340283794,0
-0.1377563852891369,-0.3917383732680108,0
-0.1377563852891369,-0.3917383732680108,0
0.022574866342888907,-0.38608496469447867,0
-0.04039373274239009,-0.46831953983991836,0
0.020195631606929654,-0.6628230976684563,0
-0.12210912771713253,-0.22743577223728326,0
-0.09170482916238047,-0.4538130779868243,0
-0.053097419046842426,-0.2067516446270111,0
-0.04672747266756349,0.9449536972839214,0
-0.03886916760807059,-0.2812041199222276,0
0.015382549616924819,-0.9990981351863026,0
-0.003976557124871082,0.016961042053804828,0
-0.024017145142280018,1.427446589393951,0
-0.014845933989626338,-0.9566083460261527,0
-0.025173498181192674,0.1458473529247875,0
0.6121178453954988,35.17920501889305,0
-0.12645174864564993,0.14450700450326134,0
-0.06912453768487843,0.4192438464383434,0
-0.05806127980697973,-0.5186320170940848,0
0.07062049877636108,-0.7423999039531282,0
-0.1377563852891369,-0.3917383732680108,0
0.028097840458776228,-0.3197001920262333,0
0.01649163183993952,-0.4981507265533062,0
-0.043311854778035154,-0.07704385866335953,0
-0.042674929742473056,-0.1795060440015275,0
-0.032314312928474434,-0.36296451701122173,0
0.00973168500146043,-0.4068758099782071,0
0.24932727156665843,-1.9072108659291211,0
-0.05398978160692813,-0.5343980578752737,0
0.039412637598274416,-0.5750915728037306,0
-0.0016805411239832846,1.6162467775143352,0
0.04490820691817688,-0.967422953343867,0
-0.1377563852891369,-0.3917383732680108,0
-0.1377563852891369,-0.3917383732680108,0
0.015436604424676113,-0.34253453623222097,0
-0.039373639675552345,-0.8082089713865623,0
-0.050711788057816155,-0.40867349318065654,0
0.19551766504250453,-0.8154033925253696,0
0.044672410763877526,2.475191372022504,0
0.06348874484704016,0.39901662082249006,0
-0.027397292004010834,-0.4892344382233495,0
-0.03998023281125093,0.09091583191146245,0
-0.008577920502834863,-0.07758059366912837,0
0.0017804004136378166,0.7864313589462263,0
-0.04581227326998272,0.4962417824812587,0
0.043841766627421216,-1.2821507242750265,0
-0.014788605346787513,0.8488454021398193,0
-0.13398817307464125,-0.21298991401092005,0
-0.14152459750363255,-0.5704868325251016,0
-0.044056150613183166,-0.39490436129695944,0
0.008651746434643334,-0.8346218134551407,0
0.04805611498367602,-0.6512957142681038,0
-0.1377563852891369,-0.3917383732680108,0
-0.1377563852891369,-0.3917383732680108,0
-0.002809803328497021,0.17617858431483713,0
-0.1377563852891369,-0.3917383732680108,0
0.1693416069303654,4.048984851910336,0
0.04529714739417626,2.475169789053452,0
-0.1377563852891369,-0.3917383732680108,0
0.1330427590782071,-0.8489497527585622,0
0.12265383410366852,-0.7743214126298305,0
-0.029389316265319935,0.06581818706270866,0
-0.009352301165511412,1.165415531572801,0
-0.1377563852891369,-0.3917383732680108,0
-0.05421249309008532,0.627164948363882,0
0.05826580900958438,-0.7050781442835401,0
0.2698424370762009,-0.9616890957580506,0
0.06504392438055898,-0.7924076923650101,0
-0.04956891498895564,0.5726260537528849,0
0.03202845762358379,0.22660795561461483,0
-0.0028632986587702348,-0.17475504092919797,0
0.03024876983997342,0.9938956238536929,0
0.019530929309357424,0.6645991881601975,0
-0.03980494282773206,-0.14557227591551308,0
-0.043248887084865746,-0.22752671479197692,0
-0.02938008123324494,-0.1662839041457901,0
0.09092642109128736,-0.4827355201185497,0
0.14793925917650855,-0.7796082614039131,0
0.06082941810943605,-0.09258417973210328,0
-0.027528958502152954,0.2954816127456693,0
-0.1377563852891369,-0.3917383732680108,0
0.04651760695119259,-0.5455964550691971,0
-0.025779081221999404,0.16619856612959366,0
0.29209723833866474,1.395055871783838,0
0.10797260502610939,3.2091396865056927,0
-0.1377563852891369,-0.3917383732680108,0
-0.05761968162629079,-0.4414041953886276,0
-0.027866863028137498,0.9164270234662844,0
0.16902058810955642,-1.5445961558829908,0
-0.0393995215542003,-0.39394759177626676,0
-0.041574699013093984,-0.3778779008209926,0
0.022755612132769845,-0.03512928144769756,0
-0.11051121800864303,-0.014726307059933887,0
-0.1377563852891369,-0.3917383732680108,0
0.003306769204443578,0.5739272923791809,0
-0.017520620120767213,-0.4553116139200023,0
-0.1377563852891369,-0.3917383732680108,0
0.1657620336619109,3.365401255706485,0
-0.0108168823414377,-0.6905780259011521,0
-0.023233700565588752,-0.39708658663296426,0
0.027919415941471005,2.1743321484951754,0
-0.14152459750363255,-0.5704868325251016,0
-0.013992442867253978,0.7822156114609465,0
-0.1377563852891369,-0.3917383732680108,0
-0.1377563852891369,-0.3917383732680108,0
0.02737004613218693,-0.5416070493057789,0
-0.1377563852891369,-0.3917383732680108,0
0.02396326829316675,-0.06613633667985672,0
0.10551240680522922,-0.36995086509102965,0
-0.1377563852891369,-0.3917383732680108,0
-0.1377563852891369,-0.3917383732680108,0
-0.1377563852891369,-0.3917383732680108,0
-0.07320063803797865,0.1360627266871102,0
-0.061341641379388606,0.7548793231110301,0
-0.1377563852891369,-0.3917383732680108,0
-0.1377563852891369,-0.3917383732680108,0
-0.1377563852891369,-0.3917383732680108,0
-0.1377563852891369,-0.3917383732680108,0
-0.1377563852891369,-0.3917383732680108,0
-0.1377563852891369,-0.3917383732680108,0
-0.009562805470307028,1.4338095986364587,0
0.0018369313793084893,-0.8434105302267462,0
-0.015539570206912002,1.3652449558634838,0
-0.1377563852891369,-0.3917383732680108,0
0.13991818399548314,-0.9963992386170367,0
0.021250141828056943,2.0266319841153684,0
-0.1377563852891369,-0.3917383732680108,0
-0.1377563852891369,-0.3917383732680108,0
0.1815561963880297,-0.7458341146967925,0
0.03599592803658416,-0.29789466361344863,0
-0.13398817307464125,-0.21298991401092005,0
-0.1377563852891369,-0.3917383732680108,0
-0.13398817307464125,-0.21298991401092005,0
0.09338540171904129,-0.8120879069355365,0
0.02695296414974016,-0.2861731460589211,0
0.11952852592126438,-1.6454996455194777,0
0.01763516789868294,-0.5215299161022987,0
0.004451791127180704,-0.4650951268878147,0
-0.03134769369284406,1.1731348043751773,0
-0.008493824918644786,-0.48770833996182633,0
0.0553930229875333,-0.9218237090093035,0
0.06029177236549066,-0.6126438886700863,0
-0.009980369239830415,0.06997037534169116,0
-0.1377563852891369,-0.3917383732680108,0
0.04808713251252464,0.7969661472151057,0
0.14908953577891254,2.1298953191226593,0
-0.027654811382006837,-0.4354501194838516,0
-0.01428720122318335,-0.04263431183103875,0
-0.1377563852891369,-0.3917383732680108,0
0.14559903688742332,-1.5258852626621306,0
0.15270892026665364,4.0494652502719335,0
-0.1377563852891369,-0.3917383732680108,0
0.0460314467332753,-0.649991747280547,0
0.014985120176275867,-0.07716757948492523,0
-0.1377563852891369,-0.3917383732680108,0
-0.043086706284062436,0.6405007682387741,0
-0.012257678201909632,0.48326849775437786,0
-0.1377563852891369,-0.3917383732680108,0
0.14483027921542177,4.049692807390585,0
-0.1377563852891369,-0.3917383732680108,0
-0.1377563852891369,-0.3917383732680108,0
-0.05816613157445745,0.8501639584878661,0
-0.0972966664600525,0.16698465614317748,0
-0.07392657549993417,0.48613840306933986,0
0.18463063465602714,5.300544332284368,0
-0.08143923224399961,-0.0007040227541976217,0
-0.019801401175348496,-0.3331258461826499,0
-0.05360203631481413,-0.06640733303443226,0
0.004373899510481837,-0.553601739936065,0
0.12280565703613942,-0.8659646320650178,0
0.0074992236274469964,0.6651183002927947,0
-0.037687411276318236,-0.2726189022547487,0
0.12701319761175664,3.708292292822822,0
1.911038289522195,2.399000327370156,0
-0.016165443394027094,0.9641133112755795,0
0.0270380559567514,1.518389523366971,0
-0.03868686831220848,0.40382260981796086,0
-0.1377563852891369,-0.3917383732680108,0
-0.1377563852891369,-0.3917383732680108,0
-0.0018506095528483951,0.7489682837754913,0
-0.1377563852891369,-0.3917383732680108,0
0.05320281361121744,-0.8076835745463676,0
-0.027943401658446682,-0.20977122522030242,0
0.14277890602126364,1.2665532239659878,0
0.04154495821851695,-0.6898725851716349,0
0.09499310514385988,1.2858584407970919,0
-0.1377563852891369,-0.3917383732680108,0
0.11955961200119572,0.8539756665669285,0
0.1894400344052752,0.717499052469897,0
-0.02636074816963706,0.4227612582276631,0
-0.1377563852891369,-0.3917383732680108,0
-0.1377563852891369,-0.3917383732680108,0
-0.1377563852891369,-0.3917383732680108,0
0.027990423920533837,2.0274256531302797,0
-0.1377563852891369,-0.3917383732680108,0
-0.00924372004590157,0.587478523124635,0
0.10301467026050211,0.4570028497546775,0
-0.1377563852891369,-0.3917383732680108,0
-0.016005533736280764,0.7700280917118087,0
0.40385169193345494,0.5107893553773536,0
0.12076275394112337,0.7319089635561797,0
0.0557191857905114,0.35377961615089826,0
-0.040244831877778,0.6469597851225093,0
0.11337909324920448,0.37062313011625203,0
-0.05353574506589072,0.6557027959924474,0
-0.058217850115392177,0.707595051226627,0
-0.1377563852891369,-0.3917383732680108,0
-0.13398817307464125,-0.21298991401092005,0
0.02407985520679813,-0.0928856484609483,0
0.03150086178035769,2.0912294949860577,0
0.025501079909771893,1.3394024662611193,0
-0.021157788603789633,1.1936710834210629,0
-0.022395986546176198,0.8050094636764067,0
0.054463504555808076,1.0080823555495744,0
-0.0033857680384693093,0.31144453441950243,0
-0.13398817307464125,-0.21298991401092005,0
-0.038579857497088706,0.4577279950097093,0
-0.1377563852891369,-0.3917383732680108,0
-0.1377563852891369,-0.3917383732680108,0
-0.1377563852891369,-0.3917383732680108,0
-0.14152459750363255,-0.5704868325251016,0
-0.1377563852891369,-0.3917383732680108,0
0.0025260234145366317,0.5242531398744461,0
-0.002716951221278384,0.6076908138154308,0
0.05911768555814919,0.6011994695123303,0
0.014100489367887298,1.1845852322239896,0
-0.033776320780804205,1.0336792957626832,0
-0.1377563852891369,-0.3917383732680108,0
-0.02033179679333016,-0.07781087289706598,0
-0.03598950918399454,-0.073686342846381,0
0.040876651726767285,-0.39089618438344836,0
-0.1377563852891369,-0.3917383732680108,0
0.01715967839857121,-0.4814493042526837,0
-0.03984353685190733,0.5428643614648395,0
-0.1377563852891369,-0.3917383732680108,0
-0.024452279316169955,-0.29047081883957065,0
-0.1377563852891369,-0.3917383732680108,0
0.0414371324005842,2.310950390423649,0
-0.024658248559033848,-0.31364173822871233,0
-0.13398817307464125,-0.21298991401092005,0
-0.06907301368192163,0.6469944155725326,0
0.045713638481042033,2.4751554004074174,0
0.021464416001555235,0.84589542486427,0
0.01269737518644023,-0.7679819629549833,0
0.0924851196957347,1.4368251241690018,0
0.5194434562765484,-0.20942830382847907,0
-0.04075318038395966,0.6068419819087196,0
-0.1377563852891369,-0.3917383732680108,0
0.21123412131990574,0.5059969934016375,0
0.0026887650631159123,-0.4816112398616956,0
-0.051214659160125256,-0.20850286414066854,0
-0.12558847373663254,-0.30719141141937206,0
0.14818599670020566,4.049595884914122,0
-0.1377563852891369,-0.3917383732680108,0
-0.05527581748330691,0.2401334037420228,0
0.01800588400988322,0.3852237348392061,0
0.0028499965482635683,-0.5320311810778153,0
0.08015975016196364,-0.5244566059789554,0
-0.11137889978766728,0.8595008415316244,0
-0.06286673481717671,0.5628226325001677,0
-0.047455826996333446,-0.23542801666851848,0
0.06011277859518599,-1.0001901088911782,0
-0.04804692459974632,-0.3796012417619222,0
-0.053042758409785444,0.1961203926240619,0
0.10969710088988383,-0.9118420511126859,0
-0.059999426195220855,-0.059310882847602386,0
-0.05273102400143938,-0.015074289148303447,0
0.9078252061165223,1.1787928170604831,0
-0.1377563852891369,-0.3917383732680108,0
-0.009311146812163638,-0.8242667228326745,0
-0.1377563852891369,-0.3917383732680108,0
0.023299361409755664,-0.13716347543181298,0
-0.1377563852891369,-0.3917383732680108,0
-0.019986554843964353,-0.2155220784122952,0
0.01996262170650511,-0.7549042660026036,0
0.125601436540554,0.7597152221903456,0
-0.08519156825647842,-0.4414557260873225,0
-0.1377563852891369,-0.3917383732680108,0
0.020965098033840404,-0.026587909865031425,0
0.14703723983764608,0.7538870892594657,0
0.1604280863399566,-1.0136353648530898,0
-0.1377563852891369,-0.3917383732680108,0
-0.03502851186539134,-0.18871432660401435,0
-0.06390272385630306,0.8664400478386964,0
0.10503906566898165,-0.6356457945465522,0
-0.024563785261637997,0.34420233277921203,0
0.056529119390026056,2.233368144818513,0
-0.1377563852891369,-0.3917383732680108,0
0.015880844429554092,1.4076724913118386,0
-0.06791508414393262,-0.17724349391961663,0
0.032657086155890115,0.5578184128691906,0
-0.1377563852891369,-0.3917383732680108,0
-0.036539182803810244,-0.20665294833872447,0
-0.02856155037352054,-0.09937100189815219,0
-0.036465840799859574,-0.21173094656634295,0
-0.013025607297104856,1.4856842917699704,0
-0.1377563852891369,-0.3917383732680108,0
-0.038312645296389634,-0.23019353453746438,0
-0.0006859260504923837,0.006001618274335663,0
0.004190266860198231,0.7852782987831822,0
-0.002126720992764619,1.3582564472893293,0
0.014190474898749042,-0.04127663511052436,0
-0.1377563852891369,-0.3917383732680108,0
0.01903215770207046,-0.23361472549844373,0
-0.1377563852891369,-0.3917383732680108,0
-0.01760521911932156,-0.3801498327001629,0
-0.020662246752782883,0.05193818207083245,0
-0.03939924502684586,-0.2901791169910891,0
-0.015445974564497578,-0.8245959346295442,0
0.0050941119949185956,-0.5013713678883516,0
-0.043360546856090317,0.07316046469519284,0
-0.1377563852891369,-0.3917383732680108,0
0.06900791183483478,1.9554303507536164,0
-0.1377563852891369,-0.3917383732680108,0
-0.0646883346163383,0.2060979550885393,0
-0.1377563852891369,-0.3917383732680108,0
-0.0006002499678306899,0.24805505853599308,0
0.04838003027698623,-0.20011642400742538,0
0.04906623364422437,-0.5798982447488288,0
0.00869021417416647,-0.7892678030005764,0
-0.012966242559772093,0.420346464129221,0
-0.0312148443430904,-0.1180918712246324,0
-0.04228686035136372,0.10111321758251741,0
0.008461329736049428,-0.6348431876276301,0
-0.06836014809375467,0.2900460030485657,0
0.2903593209576565,0.09338465427038499,0
-0.1377563852891369,-0.3917383732680108,0
-0.1377563852891369,-0.3917383732680108,0
0.0162514280633171,-0.7414156230259575,0
0.01075562557712544,-0.7419957225582866,0
-0.1377563852891369,-0.3917383732680108,0
-0.006793001146242277,1.1140922793523695,0
-0.03567769399076998,0.3133140650633581,0
0.0381086712583885,1.7564827304954391,0
-0.04252526483544383,0.3006150544594075,0
-0.046455562877105484,0.45798239348884495,0
-0.1377563852891369,-0.3917383732680108,0
-0.11083001401751112,-0.3749080233911196,0
-0.1377563852891369,-0.3917383732680108,0
-0.1377563852891369,-0.3917383732680108,0
-0.03274009969934962,0.5293114837177325,0
-0.05738309429532709,1.1705262109464423,0
-0.1377563852891369,-0.3917383732680108,0
-0.034478545063308,0.28501467247476264,0
0.07209516612252087,-0.6856089678451968,0
-0.0468807719833184,0.46251153628407526,0
0.18997677299589746,1.489963183514989,0
0.2949293500307168,-0.9310975153421382,0
-0.050806815829200984,0.16908220533068583,0
-0.07463096070349716,-0.003866115686883167,0
-0.08100855355235194,0.2577240420286992,0
-0.1377563852891369,-0.3917383732680108,0
-0.1377563852891369,-0.3917383732680108,0
0.0701677478647688,-0.08724113732516285,0
0.051462048021786444,-0.9995892816111854,0
-0.0633702689211738,0.6938676213806717,0
-0.0804991623040184,0.45509766974960675,0
-0.1377563852891369,-0.3917383732680108,0
0.07579346644926908,-0.5826919664656663,0
-0.1377563852891369,-0.3917383732680108,0
-0.1377563852891369,-0.3917383732680108,0
-0.004016193220545852,0.1079423142415268,0
-0.1377563852891369,-0.3917383732680108,0
0.013147201316043692,0.05165362994658,0
0.11401637073045363,-1.1819826376261466,0
0.04131229373686449,1.1195543039255997,0
-0.1377563852891369,-0.3917383732680108,0
-0.1377563852891369,-0.3917383732680108,0
-0.1377563852891369,-0.3917383732680108,0
-0.1377563852891369,-0.3917383732680108,0
-0.1377563852891369,-0.3917383732680108,0
0.14979090506249365,4.049549530686248,0
-0.1377563852891369,-0.3917383732680108,0
0.04029777042702359,2.356530562301432,0
0.004633910600992542,1.8134230347840221,0
-0.1377563852891369,-0.3917383732680108,0
-0.06105880457672107,-0.25561975960265143,0
-0.07594925001384159,-0.16990817829988406,0
-0.1377563852891369,-0.3917383732680108,0
-0.08729181079996771,0.36122131092430376,0
-0.1377563852891369,-0.3917383732680108,0
-0.031739409034693716,1.1782890518648232,0
0.031935836403147545,-0.24678587409605107,0
-0.0017883178919870207,1.7320041338039538,0
-0.1377563852891369,-0.3917383732680108,0
-0.1377563852891369,-0.3917383732680108,0
-0.037639545819062814,1.1785347291212307,0
-0.10042775145651109,-0.3563257174068459,0
-0.1377563852891369,-0.3917383732680108,0
0.007002831623570446,0.0699072143955506,0
-0.1377563852891369,-0.3917383732680108,0
-0.1377563852891369,-0.3917383732680108,0
0.05850156389156525,-0.6288140727699615,0
0.03107564476942736,1.0881010987750077,0
-0.03752001835984749,-0.4263999873523198,0
-0.12645174864564993,0.14450700450326134,0
-0.12645174864564993,0.14450700450326134,0
-0.032121610315648766,0.2157453920431709,0
-0.1377563852891369,-0.3917383732680108,0
-0.1377563852891369,-0.3917383732680108,0
0.05889248501542509,3.0113360292715337,0
0.11626117139508914,-0.45727367281926484,0
-0.026104610800004105,-0.03487040378861621,0
-0.14152459750363255,-0.5704868325251016,0
-0.1377563852891369,-0.3917383732680108,0
0.0007972894914455777,0.5637893566803575,0
0.01651898175589124,-0.7987579200030153,0
-0.008779775868330331,-0.13359756780015444,0
-0.02599275422194209,-0.7696936508211649,0
-0.04568212067952917,0.3576737864767144,0
0.07125715320186722,-0.4422447623884385,0
-0.03542437744996166,0.26895305321052115,0
-0.016387589564927644,0.7934589014503017,0
0.044672410763877526,2.475191372022504,0
-0.06954370949216247,0.23679972174634611,0
0.0683494487800927,2.131537822510171,0
-0.11137889978766728,0.8595008415316244,0
0.08888907524309214,-0.7902200269499599,0
0.046052170628262196,-1.0870203064935338,0
-0.014861023175068221,-0.633929899686395,0
-0.007141509489679315,0.02526030786862569,0
-0.028539460625694277,0.45949098860198734,0
-0.052028767662593,-0.16727054404185834,0
0.3024870672100672,2.4614208234550268,0
-0.0537697542178475,0.36566748098490715,0
-0.05199536012058752,-0.3876804752266119,0
-0.1377563852891369,-0.3917383732680108,0
-0.05039361627158433,-0.15200906558661068,0
-0.0031076300402775666,-0.8603501897071899,0
-0.042954699149718584,2.043908060120351,0
-0.0767573871536636,-0.05640327841198106,0
0.28009480238861645,6.013216243898344,0
-0.1377563852891369,-0.3917383732680108,0
-0.1377563852891369,-0.3917383732680108,0
-0.03744669010683746,0.4777858595700958,0
-0.1377563852891369,-0.3917383732680108,0
-0.06394726430222551,-0.21110034204757538,0
-0.06544451535320242,-0.33628559806483294,0
-0.02698967868814888,-0.3132062181112301,0
-0.1377563852891369,-0.3917383732680108,0
-0.1377563852891369,-0.3917383732680108,0
-0.05699555265864435,0.06597432136266966,0
0.06343570689561033,-0.05480369058981076,0
0.31447754032217096,-2.0104358248313243,0
-0.05642523044075564,-0.11768856095932696,0
0.14570670603102298,0.28832185944508726,0
-0.092537838715189,1.7532431378170783,0
0.01097800228246041,-0.641899339537045,0
0.06481370677356922,-0.28244596515265025,0
0.03772462916595763,1.7264174099590932,0
-0.1377563852891369,-0.3917383732680108,0
-0.06926817350117079,0.6170473089545169,0
-0.1377563852891369,-0.3917383732680108,0
-0.1377563852891369,-0.3917383732680108,0
-0.1377563852891369,-0.3917383732680108,0
0.029619449981356273,2.181284399559096,0
0.044672410763877526,2.475191372022504,0
-0.1377563852891369,-0.3917383732680108,0
-0.1377563852891369,-0.3917383732680108,0
-0.1377563852891369,-0.3917383732680108,0
0.011072936029633385,-0.34884678688835585,0
-0.058510770416603644,0.10370259962111565,0
0.06986336167532277,0.1612302967974497,0
0.1464351875777097,4.04964645316271,0
-0.0014612480956513651,1.7382669623100313,0
-0.1377563852891369,-0.3917383732680108,0
-0.01579724005326454,-0.17807887248881032,0
-0.03881265697298568,0.44551792315200667,0
-0.016495600159732074,-0.9295846371565383,0
-0.06396722630852603,0.5285244021912258,0
0.0018747462606835557,1.575689011240298,0
0.04833843645600475,-1.0295633644136832,0
-0.10980403923453538,-0.12400488071927972,0
-0.0319000551739486,0.22903095781378296,0
0.08834566268624058,-1.0198798426119398,0
-0.047633882578393835,0.9619047297391787,0
-0.1377563852891369,-0.3917383732680108,0
0.026018331682966973,-0.203629483583366,0
0.22651481784943572,-1.0239545320966943,0
-0.1377563852891369,-0.3917383732680108,0
-0.1377563852891369,-0.3917383732680108,0
-0.1377563852891369,-0.3917383732680108,0
-0.10265547310786165,-0.2767210591601383,0
-0.1377563852891369,-0.3917383732680108,0
0.15285937789642962,0.14611530312563953,0
-0.1377563852891369,-0.3917383732680108,0
0.0945433267185684,-0.41808614641309494,0
-0.1377563852891369,-0.3917383732680108,0
-0.020551402149909834,-0.23791016370717297,0
-0.012630634389935985,0.8709386555664292,0
-0.06826468644394124,0.046278045699274295,0
0.01788420195848676,-0.5254631023572155,0
-0.1377563852891369,-0.3917383732680108,0
0.17454253579874623,-2.449739603543085,0
-0.1377563852891369,-0.3917383732680108,0
-0.1377563852891369,-0.3917383732680108,0
0.42848337425472743,-1.4530953428872644,0
-0.1377563852891369,-0.3917383732680108,0
0.06324518740753206,-0.7226085222876018,0
-0.1377563852891369,-0.3917383732680108,0
-0.1377563852891369,-0.3917383732680108,0
0.18093699779280903,-1.2758448625416434,0
-0.1377563852891369,-0.3917383732680108,0
-0.04646341883969932,0.16744568736794888,0
-0.01095824295198535,-0.35404389028384603,0
0.06479404923541215,-0.8803160970757905,0
0.0944430956443412,2.47347192882138,0
-0.1377563852891369,-0.3917383732680108,0
0.37689551400564897,-1.767205648197159,0
0.042811437390262295,0.07376673247856051,0
-0.1377563852891369,-0.3917383732680108,0
-0.1377563852891369,-0.3917383732680108,0
-0.1377563852891369,-0.3917383732680108,0
0.0056734535298235775,-0.07652970203844218,0
-0.05307407753564188,0.8173301718306942,0
-0.047499314888364765,0.029928033721075813,0
-0.016448587528313942,0.5423466832928362,0
-0.015294206929406895,-0.6928003400907082,0
-0.027252495035471645,0.7034385219357493,0
-0.04282566233816418,-0.1130217715115415,0
-0.1377563852891369,-0.3917383732680108,0
-0.1377563852891369,-0.3917383732680108,0
-0.037692219891373245,-0.40118187476336375,0
-0.046482244511652504,0.35533497243241974,0
-0.1377563852891369,-0.3917383732680108,0
-0.02109606328698021,1.1603191238370267,0
0.0699108919343102,-1.3415335106032165,0
-0.1377563852891369,-0.3917383732680108,0
-0.1377563852891369,-0.3917383732680108,0
0.1093704098393106,-0.9699047660043586,0
0.14624489619658862,-1.2911167611235659,0
-0.006163539139135939,0.027846816169335483,0
0.20733149939135329,-1.1866877687249497,0
0.047085263556775406,-0.5040680884313256,0
-0.023136723615494174,0.483943193774829,0
0.04488065630731043,2.4751841776994867,0
-0.1377563852891369,-0.3917383732680108,0
0.02001432854900039,-0.5005114683813388,0
-0.1377563852891369,-0.3917383732680108,0
-0.005918357087709148,1.5031527324349288,0
-0.05141517859925669,-0.14854041944663274,0
0.13598626251105406,4.831506083947408,0
-0.06400112468882425,0.5578891629833681,0
-0.006239153726355803,-0.21632715267106667,0
0.10619718472030218,0.028666980472212732,0
-0.1377563852891369,-0.3917383732680108,0
-0.14152459750363255,-0.5704868325251016,0
-0.1377563852891369,-0.3917383732680108,0
-0.028578547786096326,0.9793287587302919,0
-0.1377563852891369,-0.3917383732680108,0
-0.06794106254951257,0.4049994274156251,0
-0.1377563852891369,-0.3917383732680108,0
-0.1377563852891369,-0.3917383732680108,0
0.37041069136832877,-1.6671029567336149,0
-0.1377563852891369,-0.3917383732680108,0
-0.1377563852891369,-0.3917383732680108,0
-0.030509626268282516,0.8231462336725107,0
-0.1377563852891369,-0.3917383732680108,0
0.040920204659174494,-0.20131345157215177,0
0.16075568437380228,1.2224040012788693,0
-0.06960208748780448,0.36389032530629245,0
-0.1377563852891369,-0.3917383732680108,0
-0.1377563852891369,-0.3917383732680108,0
-0.08582693800408181,-0.38291891460998023,0
-0.1377563852891369,-0.3917383732680108,0
-0.08199207448736152,0.06738058533726045,0
-0.025039396202680312,0.6473514316455334,0
-0.1377563852891369,-0.3917383732680108,0
-0.07419062084984361,0.3536315598227229,0
-0.047295694398560156,0.726340809883388,0
0.18405371146687144,1.5205309705265286,0
-0.1377563852891369,-0.3917383732680108,0
-0.01602291769982945,-0.663715876016553,0
0.05760901393598033,-1.2287227871134232,0
0.041293274841792474,0.8969947260394747,0
-0.03756220222318624,0.0016691280186832114,0
0.15824935407952304,-1.2676025733782983,0
-0.024941638055510675,-0.8056111893601718,0
0.09839245092541986,0.6093060920927977,0
0.21268865117252156,6.015163121469029,0
0.01125716982370427,1.747500621365696,0
0.08686964531637978,-1.215014346554585,0
-0.1377563852891369,-0.3917383732680108,0
0.045713638481042033,2.4751554004074174,0
0.006895837306002859,-0.9151963123726515,0
0.101106173979345,-0.6509319638160068,0
-0.08819385637099292,0.08662703835694575,0
-0.00756152094325295,-0.7084252044392815,0
-0.08063514631590422,0.3222832648794687,0
0.005457004986481066,0.39693353574388823,0
0.2614268456147296,2.0657439194006444,0
-0.1377563852891369,-0.3917383732680108,0
-0.1377563852891369,-0.3917383732680108,0
-0.04506663170848845,0.14660102040655948,0
-0.1377563852891369,-0.3917383732680108,0
0.0013969014324136297,-0.12322567032923724,0
-0.1377563852891369,-0.3917383732680108,0
-0.05616930497654871,-0.14676522462239927,0
-0.1377563852891369,-0.3917383732680108,0
-0.06380641933749406,0.7121205982088369,0
0.026459871830186697,-0.357942850512034,0
-0.1377563852891369,-0.3917383732680108,0
0.01328740109191965,-0.5925105762698712,0
-0.1377563852891369,-0.3917383732680108,0
0.06374768470782333,1.2628075346342118,0
-0.016109934194617218,1.432785046649292,0
0.06945647547998222,-0.95816222128511,0
0.05158566625964478,0.15368857263504507,0
-0.058411386232858624,-0.421526893955364,0
-0.006433566275950131,-0.6412166652636722,0
-0.09555448109706301,-0.05854709528274232,0
0.0034110773748995,-0.3730497947984311,0
0.049690096238970576,2.6538966653414904,0
0.03844605208197083,-0.8988873747988477,0
-0.0053081479419706725,0.6367034120612457,0
-0.1377563852891369,-0.3917383732680108,0
-0.07601426521142386,-0.10404424205451407,0
-0.14152459750363255,-0.5704868325251016,0
-0.051186674396859824,0.0031750973175656678,0
-0.019990412608664705,-0.6783065926558186,0
0.04652967140882052,-0.6106684052758212,0
-0.1377563852891369,-0.3917383732680108,0
-0.14152459750363255,-0.5704868325251016,0
-0.1377563852891369,-0.3917383732680108,0
-0.04208654843490599,-0.7582957290307274,0
-0.14152459750363255,-0.5704868325251016,0
0.08197301478420689,-0.4155070368772284,0
0.04118707964564476,-0.5649100096803609,0
0.02125122926037183,-0.4801506567599279,0
0.04673583979017987,-0.5791487561857546,0
0.06081268940803938,-0.5081891917496522,0
-0.1377563852891369,-0.3917383732680108,0
0.09372715668252318,-0.8645428745583661,0
-0.1377563852891369,-0.3917383732680108,0
-0.042444779901632035,0.7960462921668929,0
0.1780202031810251,3.9090714573678356,0
-0.012140814824649963,0.24558218871570098,0
0.010172238453845111,-0.38021199033554937,0
-0.1377563852891369,-0.3917383732680108,0
-0.1377563852891369,-0.3917383732680108,0
-0.1377563852891369,-0.3917383732680108,0
-0.043886706837559276,-0.16103771534162978,0
-0.06401127144930858,-0.08225318413633805,0
0.11007259493203952,0.347245095754883,0
0.20207827864269085,-0.8410250796629002,0
0.013395168013666534,0.3700491858479927,0
-0.1377563852891369,-0.3917383732680108,0
-0.1377563852891369,-0.3917383732680108,0
0.017536420533357477,1.784439243214505,0
-0.000814560866220421,-0.7858302495682675,0
-0.05479115433823089,0.6279132711023552,0
0.04448636951309245,1.0005932230181978,0
0.11316900824566585,-0.9591900230391099,0
0.13818794927577732,-1.7896365116094373,0
-0.03424104008657672,-0.04760384912872253,0
0.04821258500223684,2.47506906853121,0
0.054721102051498015,-1.0485090522228884,0
0.04528457344754728,-0.46126783370207564,0
0.23047402545751638,4.047219177230429,0
0.07570974588863072,0.6693195946280455,0
-0.1377563852891369,-0.3917383732680108,0
0.04705112252940458,-0.5685447341147727,0
-0.14152459750363255,-0.5704868325251016,0
0.02953832378292828,-0.8798381399722601,0
-0.0026447064724345573,1.3289660885778407,0
-0.007070858514216598,-0.34956953101363836,0
0.004041346429278583,0.7349391714833513,0
-0.1377563852891369,-0.3917383732680108,0
-0.1377563852891369,-0.3917383732680108,0
0.08060198542133107,-0.6701273386293849,0
-0.02681021399327208,-0.02843544674549368,0
0.16079285947436417,-1.6388509474218216,0
0.02327073652423001,-0.7561057364629163,0
-0.1377563852891369,-0.3917383732680108,0
0.1206924366312001,-1.0571750035370535,0
0.0672097410295937,-0.9526137666211387,0
0.08516247429304728,-1.0441046004734051,0
-0.023301777504184898,1.3833376782981128,0
0.17304822977215312,-0.9849542687169532,0
0.12052353803237362,0.6239171321102985,0
-0.1377563852891369,-0.3917383732680108,0
-0.051538016370284,-0.13296806066519204,0
-0.044244396699613685,0.1333480705222341,0
-0.1377563852891369,-0.3917383732680108,0
-0.04677565865375476,-0.7355676450898735,0
-0.012731768133050455,1.5270646015138991,0
-0.1377563852891369,-0.3917383732680108,0
0.1242720367399888,0.40316223026329034,0
0.08582232030092041,-1.0057613184350147,0
0.005646690391127641,-0.5562058665214378,0
-0.1377563852891369,-0.3917383732680108,0
-0.059700932413354384,0.2187732213331544,0
-0.1377563852891369,-0.3917383732680108,0
-0.03743640079497775,0.3082849594224567,0
-0.1053762456112623,0.07911447682034532,0
-0.1377563852891369,-0.3917383732680108,0
-0.09032123489006681,-0.5525143826566584,0
-0.1377563852891369,-0.3917383732680108,0
0.01338642050540769,-0.564223023742553,0
-0.01693170652469743,1.4632243912693048,0
0.06270435460374299,-1.2357712782303476,0
-0.1377563852891369,-0.3917383732680108,0
0.007641317104746298,-0.5051622327090488,0
0.12147115729288892,-1.7901842172244036,0
-0.023756043330635936,0.14081390441285918,0
-0.017660158820433345,-0.4604409058727805,0
-0.1377563852891369,-0.3917383732680108,0
-0.1377563852891369,-0.3917383732680108,0
-0.1377563852891369,-0.3917383732680108,0
-0.022051602141168396,0.13453302548782317,0
-0.1377563852891369,-0.3917383732680108,0
-0.1377563852891369,-0.3917383732680108,0
-0.06894488229849412,-0.17628527287228293,0
-0.02625475317137161,0.14474797197133513,0
0.04905089072576627,-1.1650853186211136,0
-0.0765214890933525,0.35946832108880655,0
-0.013993492405590533,1.6340512431391347,0
-0.04140508672866438,0.09667652148881505,0
-0.12645174864564993,0.14450700450326134,0
0.05042655461932031,-1.0863946255957393,0
-0.13398817307464125,-0.21298991401092005,0
-0.08123320207170204,2.28948851558835,0
-0.0969536326233659,0.23151562430648515,0
-0.026319903293767006,0.12669489450849092,0
0.1463421969687086,-0.5563982626313864,0
-0.1377563852891369,-0.3917383732680108,0
-0.004812589606406582,-0.5696465525633616,0
-0.00490317840210585,0.06080589196586675,0
-0.008897966629895683,-0.263909042876026,0
-0.1377563852891369,-0.3917383732680108,0
-0.1377563852891369,-0.3917383732680108,0
0.0037947773020137825,1.7753188371776603,0
0.2014397741761248,4.048057767352866,0
-0.056917034953486434,0.2076779502559904,0
-0.1377563852891369,-0.3917383732680108,0
0.10752752450022157,-1.3574576461548653,0
-0.01157662790836034,-0.8101868716248327,0
-0.06107323904538904,0.09434471761353518,0
-0.1377563852891369,-0.3917383732680108,0
-0.08341408326976145,-0.13892514302867148,0
0.004051484888874472,0.01794153382110326,0
0.04259447741915215,-1.1592137764398678,0
0.12901980500734497,-0.5084591586023598,0
0.1024423998279972,-0.5197277494755798,0
-0.1377563852891369,-0.3917383732680108,0
-0.1377563852891369,-0.3917383732680108,0
-0.006858856563997719,0.4147841529383601,0
-0.1377563852891369,-0.3917383732680108,0
-0.04433086842331162,-0.1636054315173732,0
0.03689282181511451,0.8077626742176626,0
0.010519705991300463,-0.20982902337016954,0
0.11975136735140239,-1.2812357808289108,0
-0.06994313696753644,-0.32428666725878125,0
-0.0762195623944686,-0.17700513277731494,0
-0.05657984408163172,0.7790810711488864,0
0.14833189746041367,4.049591670893405,0
0.050411917009642614,-1.3520458998959144,0
-0.1377563852891369,-0.3917383732680108,0
-0.06725249916872347,0.10278284781475679,0
-0.1377563852891369,-0.3917383732680108,0
0.0593229973316323,1.2761449773236273,0
0.04660325239389681,-0.4696402732402552,0
0.09492891706122614,-1.773659872412748,0
0.015351068702911131,-0.745836120710544,0
0.20074002610794653,-1.9408071754743899,0
0.015820602395245388,-0.018904099504649278,0
0.13037378011505202,-1.4527181911506584,0
-0.08494361606298753,0.41667910935713426,0
-0.07566278077098011,-0.044532917246125,0
-0.024462862500122844,-0.1426977989439719,0
-0.014032969459480255,0.48266273239360447,0
-0.062140157507172604,0.5045092433952593,0
-0.1377563852891369,-0.3917383732680108,0
0.01590879578335724,-0.25107054597893325,0
-0.1377563852891369,-0.3917383732680108,0
-0.1377563852891369,-0.3917383732680108,0
-0.010758182882818011,1.5841073438696935,0
0.020259963924211546,-0.22015323128035483,0
0.020132212269046785,1.9192640569219106,0
-0.02475117586705385,1.3703451999381393,0
-0.1377563852891369,-0.3917383732680108,0
-0.07202898808234277,0.018302126043935756,0
-0.09224982357199346,0.2867134363909031,0
-0.1377563852891369,-0.3917383732680108,0
0.16423508032308548,4.049132342635388,0
-0.1377563852891369,-0.3917383732680108,0
-0.022048328200463575,0.8149867138478328,0
-0.1377563852891369,-0.3917383732680108,0
0.0003315934194103468,0.038096381521571354,0
-0.1377563852891369,-0.3917383732680108,0
0.011404949036054796,-0.9307099353316597,0
0.032253177323292095,1.5330794327107475,0
-0.04579872845780229,0.04870717572770612,0
-0.023866061194820595,0.6580830810604102,0
-0.1377563852891369,-0.3917383732680108,0
-0.010509156403663948,-0.45191055905379435,0
0.043338066891435566,-0.7861299447616346,0
-0.005585349265225768,-0.3710508787196677,0
0.058858956526182914,-0.5606536628058616,0
-0.049247400785670754,0.06257763890888969,0
-0.05992398148226833,-0.29150982497361555,0
-0.1377563852891369,-0.3917383732680108,0
0.007561240579416361,-0.6161620260849625,0
-0.1377563852891369,-0.3917383732680108,0
-0.017849657567998736,0.3013947614067942,0
0.026997153339502058,-0.43833922279846177,0
0.08242364543410108,0.7771670167455189,0
-0.1377563852891369,-0.3917383732680108,0
-0.1377563852891369,-0.3917383732680108,0
-0.08634919052262877,-0.017200403501518382,0
-0.1377563852891369,-0.3917383732680108,0
-0.038367941448967845,-0.03696284190408681,0
-0.06835131200052272,-0.19647607891767338,0
-0.02525409836291301,1.3703651657024698,0
-0.1377563852891369,-0.3917383732680108,0
0.05833719943699802,-0.7344567898269566,0
-0.1377563852891369,-0.3917383732680108,0
-0.003755682787948015,-0.26128282711662926,0
0.04654662065477362,2.475126623115348,0
0.0031341147508906473,-0.2772031897788155,0
-0.0692485031846808,0.3485553709436586,0
-0.06555412052408566,0.5834832723156478,0
-0.018751592820251815,-0.4482396169712746,0
-0.1377563852891369,-0.3917383732680108,0
-0.1377563852891369,-0.3917383732680108,0
0.12246394810389473,-1.0844872786529174,0
0.10818332020923793,-0.6943151312371538,0
-0.01255512378810678,0.11377694931044717,0
0.3884695760561598,14.874495437059913,0
-0.1377563852891369,-0.3917383732680108,0
0.048980089611403925,-0.7444281302050206,0
0.03576088881049729,0.8959787392880317,0
-0.04152513749679517,0.10686793537097665,0
0.04061285476141588,2.3280915956418764,0
-0.1377563852891369,-0.3917383732680108,0
-0.1377563852891369,-0.3917383732680108,0
-0.05427717954252247,0.2611896464882217,0
-0.06556368057569388,0.5272197674187887,0
-0.03417659554870292,-0.4150973883822752,0
-0.026865177764279817,0.7050352046441879,0
0.007492249382911938,-0.2888196424566129,0
-0.03869499068409,-0.6244316444652567,0
-0.1377563852891369,-0.3917383732680108,0
-0.1377563852891369,-0.3917383732680108,0
-0.1377563852891369,-0.3917383732680108,0
-0.04965762656869212,0.5246895805951844,0
-0.06740736909006952,-0.1595785988869332,0
-0.1377563852891369,-0.3917383732680108,0
-0.1377563852891369,-0.3917383732680108,0
-0.055447855058289086,0.12353326875050726,0
0.03255876107674106,-0.3577468477695378,0
-0.1377563852891369,-0.3917383732680108,0
-0.12645174864564993,0.14450700450326134,0
-0.030576749808857866,-0.11416263759791433,0
-0.06023769802727297,0.7395952663335448,0
-0.05092923057191492,0.4930813046972584,0
-0.022565261578431382,-0.3989048688843096,0
0.016400617520787846,-0.09411895340340905,0
0.00556782042379012,1.2280520376512847,0
0.029351021975480163,-0.386106773639504,0
-0.08827887686918856,-0.051423710552252366,0
-0.1377563852891369,-0.3917383732680108,0
0.05220072611291787,-0.9879848160108438,0
0.06344961033060072,-1.1660780891477673,0
-0.06171857228383625,0.7290478907537171,0
-0.03165751083216774,-0.6975195358208247,0
-0.1377563852891369,-0.3917383732680108,0
-0.024575756738862316,0.13906441171694833,0
0.019318615334437007,1.1390530319104635,0
-0.0227886212960021,1.3626785460977453,0
-0.1377563852891369,-0.3917383732680108,0
0.06739972755696352,4.316208998257977,0
-0.06123534635696336,0.5017489174160178,0
-0.021211840068276214,-0.2660264758077529,0
-0.053908455806600364,0.5259182966525512,0
0.12323482689000209,0.47840175934367435,0
-0.05277229639424038,0.5376199344983718,0
-0.06785077814662485,0.0023020061668093373,0
-0.1377563852891369,-0.3917383732680108,0
-0.03994411341472275,0.09076121237040798,0
-0.07270396385119653,-0.34675849101991296,0
-0.06699275646447408,-0.21310337076868915,0
-0.02734459654859082,0.040020137181018975,0
-0.05996440163094508,0.2075745844939435,0
-0.1377563852891369,-0.3917383732680108,0
-0.04793017920317406,-0.6395107607186573,0
-0.022071132370838565,0.565466059104932,0
0.020391380453886204,-0.7422746808033879,0
-0.03333030357692544,0.6383170503668196,0
-0.1377563852891369,-0.3917383732680108,0
-0.1377563852891369,-0.3917383732680108,0
-0.022111018300949033,-0.5001275804649856,0
0.02124071382337822,-0.8579055291413499,0
-0.03461172109887495,-0.22798954860847648,0
-0.03576222931957781,0.34761618882207695,0
-0.0255908878907243,-0.7759644489761819,0
-0.1377563852891369,-0.3917383732680108,0
0.0016716223259335553,-0.0691552522953057,0
-0.1377563852891369,-0.3917383732680108,0
0.024575593376133294,-0.6973573501124013,0
-0.0770583199366224,0.39308055636317757,0
0.08533797538293161,2.3155249655387555,0
-0.02343649002211555,-0.16660744413892842,0
-0.1377563852891369,-0.3917383732680108,0
-0.1377563852891369,-0.3917383732680108,0
-0.1377563852891369,-0.3917383732680108,0
-0.1377563852891369,-0.3917383732680108,0
0.009902291198217679,-0.4165309778577872,0
0.06237328195567423,2.474579854566037,0
-0.01272110647860866,-0.5839220762220587,0
0.0755361708624254,-0.7520487532188777,0
-0.1377563852891369,-0.3917383732680108,0
-0.017982728201761587,-0.6098684776885909,0
0.03910444806835933,-1.0330093181921463,0
-0.0015888464960540447,0.7889590027012211,0
-0.05315766825239843,0.929828613769687,0
0.009176063444779673,-0.2577375572254552,0
-0.04081739271240801,0.665083970915578,0
-0.013885158823922788,2.1731605803891725,0
0.009089731659273395,-0.39586524063955464,0
-0.0821442956625229,-0.5965257677038766,0
0.08912438988850545,-0.737220264909734,0
-0.1377563852891369,-0.3917383732680108,0
-0.06465349225358925,-0.029188503995968982,0
0.08983745955923617,-0.9994285535812605,0
-0.0752272674634565,-0.2822805919087156,0
2.788704564266556,3.094477547697416,0
-0.021549132788467727,-0.8462411931318383,0
-0.1377563852891369,-0.3917383732680108,0
-0.1377563852891369,-0.3917383732680108,0
0.00042706550410212004,-0.5925566785562649,0
-0.07987029055322029,0.13333210628735143,0
-0.08625203238726574,-0.612297751804469,0
-0.0009629715821302638,-0.40478994039155203,0
-0.1377563852891369,-0.3917383732680108,0
0.009338823138483485,-0.6310378919446994,0
-0.1377563852891369,-0.3917383732680108,0
0.03322429809261651,-0.9571279307598369,0
0.020157633494888062,-0.6857635628872873,0
-0.1377563852891369,-0.3917383732680108,0
-0.03807244235701027,-0.2472129474630271,0
0.1591443525870243,-0.8793704084452331,0
-0.03474729452591154,-0.40459414655751025,0
0.027207344412151634,-0.9398768600793136,0
-0.1377563852891369,-0.3917383732680108,0
0.040594151179749446,-1.0079925756056927,0
-0.022677858040090388,-0.4161117848333017,0
0.001729750632962849,-0.41654775006953726,0
-0.1377563852891369,-0.3917383732680108,0
0.04205448335585024,2.3741853462900893,0
-0.03733380564567105,0.9952106781650574,0
-0.1377563852891369,-0.3917383732680108,0
-0.1377563852891369,-0.3917383732680108,0
-0.04259702454704174,-0.050910047852369744,0
-0.06917421565817114,-0.31470156342577427,0
0.18740423022152705,-0.6744029512584112,0
0.00505005748767306,-0.6396239862031547,0
-0.01433807404228594,1.5198736123808199,0
-0.08010949029388445,-0.03112844921713687,0
-0.12645174864564993,0.14450700450326134,0
0.11793376514965435,1.2138281519071998,0
-0.08578985014639615,0.2516154520450438,0
0.048673116367914764,1.7004173343827198,0
-0.02585121238536912,-0.48501611031407216,0
-0.017152259621003647,-0.32048688228641514,0
-0.1377563852891369,-0.3917383732680108,0
-0.02554921771136947,-0.48155574688991304,0
-0.014763753030229818,0.49641893283013916,0
0.040610420232558384,0.14853947324170966,0
-0.07347456736341977,-0.12352484792322688,0
-0.1377563852891369,-0.3917383732680108,0
0.02324303843386697,-0.8496999584617956,0
-0.03356822132958662,-0.07787269209038683,0
-0.0159890651407491,0.5133074212264203,0
-0.03167578229876567,0.4226497354774067,0
-0.02535375323770086,0.07788093158195501,0
-0.06946272208127789,-0.30340402721645754,0
-0.1377563852891369,-0.3917383732680108,0
-0.012279750808772836,-0.44290956601347026,0
-0.0364519157210961,0.6315819835348712,0
-0.03181800729056744,-0.8657003337566851,0
0.01931191780221765,0.4676590274984793,0
-0.026341546820991376,0.4313043427471842,0
-0.04606198879740515,0.5938097861342952,0
-0.006299422324720499,-0.7246908835064864,0
-0.021663090005229025,-0.6819470333874541,0
-0.008138746519878962,0.10862124222048351,0
-0.0025758326580776706,-0.2952797166280635,0
-0.028771374469093933,0.5574790313206199,0
-0.1377563852891369,-0.3917383732680108,0
-0.04324433495462979,0.6379050008701609,0
-0.021319621377496222,0.4959173516734422,0
0.08007415314747093,2.47396833710957,0
-0.07312245526813381,0.5951312255102318,0
0.00616071508966344,0.4346194921515195,0
-0.1377563852891369,-0.3917383732680108,0
-0.04564011459968189,0.48084474580849224,0
-0.1377563852891369,-0.3917383732680108,0
-0.07978072463180855,-0.430140079449653,0
-0.031715976692810496,-0.011789179017758252,0
0.026472035561102517,-0.6793920855511987,0
-0.1377563852891369,-0.3917383732680108,0
-0.1377563852891369,-0.3917383732680108,0
-0.011972832458907129,0.44966473217356195,0
-0.1377563852891369,-0.3917383732680108,0
-0.05719074554596887,0.6891266289792378,0
-0.1377563852891369,-0.3917383732680108,0
0.09281948466109817,-0.7436199457504342,0
0.09830863636130151,1.1277038953834855,0
-0.005150351756787213,0.5722418191317699,0
-0.02948531318889053,-0.27924306457751485,0
-0.1377563852891369,-0.3917383732680108,0
-0.036560629823293896,-0.8193888149716809,0
-0.031484918218010964,0.698754080447279,0
0.006750397135297312,-0.34755621992155084,0
0.00720548340677349,-0.7341801079716762,0
-0.03533646690431143,-0.716533685513585,0
0.05321464389358396,-0.5216401856418338,0
0.012295370603007415,-0.14067277304396492,0
-0.05821034665403817,0.6752137988772844,0
-0.042878424066982675,0.8147092217401984,0
-0.1377563852891369,-0.3917383732680108,0
-0.053741684728874195,0.08424880095443281,0
-0.015199500648509287,-0.2624429233933122,0
0.06730138217685086,3.2316680518011696,0
0.05327517543693951,-0.46835116995910425,0
-0.06598788488773832,0.9448002515598949,0
-0.014571857413423662,-0.24055628777620172,0
-0.0027270555338586053,-0.6429209541576111,0
-0.05135169830543949,0.0937876559191042,0
0.06847965272744014,1.366572275995787,0
-0.05993792752982527,-0.21558313002312518,0
0.04324275219472871,0.381676574783219,0
0.07793092270528243,1.5307134798062505,0
-0.052656242685857925,-0.5515008290791735,0
-0.1377563852891369,-0.3917383732680108,0
0.05038984917856451,1.6031977325567954,0
0.1084685708226308,-1.3449380399703423,0
-0.10170579427809688,0.1585870407721859,0
0.4783284467685313,3.3946508489110934,0
-0.03387133360456716,1.3572831883783214,0
0.08808292522143121,1.6400245875049362,0
-0.01080045646392181,-0.23354169629935864,0
0.047547602260730515,-0.08454643782525047,0
-0.0439040659863353,-0.05476359557703103,0
-0.1377563852891369,-0.3917383732680108,0
-0.06810127250846523,0.6749787523690657,0
0.0069670805839658605,-0.7386298407219248,0
-0.03429551997773748,0.8285022593359542,0
0.24051298944819394,-1.558507137773273,0
-0.1377563852891369,-0.3917383732680108,0
-0.024286790383373204,-0.6011284290126312,0
-0.016607688908513184,0.08198427113033914,0
-0.1377563852891369,-0.3917383732680108,0
-0.0695173105583786,-0.3053783769654502,0
-0.02694194286899864,0.1055369008369111,0
-0.047002609621001896,0.3734032886386837,0
0.06030349711135381,-1.0515636552229586,0
0.2429904481254563,0.4120935087075344,0
0.05731141670703595,-0.677109556805776,0
0.027478384626925322,-0.13874597840176733,0
-0.1377563852891369,-0.3917383732680108,0
0.03598022632171222,-0.6198544654068634,0
-0.06803908266758446,0.0074037490230556115,0
-0.04335986330439535,0.9457452611472255,0
-0.1377563852891369,-0.3917383732680108,0
-0.06445800822827798,0.0881846515137719,0
-0.007573459191653663,0.02820138089122517,0
0.01398541786760964,-0.5967076230776757,0
0.07750769945533635,1.3285292311569141,0
0.04562650181133228,-1.003102839145356,0
0.0136359816566436,0.855103412225452,0
0.0793933169033377,2.787454368917855,0
-0.1377563852891369,-0.3917383732680108,0
-0.1377563852891369,-0.3917383732680108,0
0.17960363028194756,2.4726609151709362,0
-0.05525581288856182,-0.1591016888617712,0
-0.1377563852891369,-0.3917383732680108,0
-0.06451551271471272,0.7550206946307647,0
-0.02492445447949787,-0.32991086664767777,0
-0.08266240629223422,0.44948075335530846,0
0.06765044338798192,-0.7920488733096603,0
-0.1377563852891369,-0.3917383732680108,0
-0.0847137033005569,-0.26084281092107875,0
0.130566499769194,-0.4833081324110504,0
-0.1377563852891369,-0.3917383732680108,0
-0.1377563852891369,-0.3917383732680108,0
-0.1377563852891369,-0.3917383732680108,0
-0.1377563852891369,-0.3917383732680108,0
0.011298743713103482,0.2689087368447688,0
-0.1377563852891369,-0.3917383732680108,0
-0.1377563852891369,-0.3917383732680108,0
-0.1377563852891369,-0.3917383732680108,0
-0.1377563852891369,-0.3917383732680108,0
-0.1377563852891369,-0.3917383732680108,0
-0.1377563852891369,-0.3917383732680108,0
-0.04593802112389057,0.5005978933268528,0
-0.1377563852891369,-0.3917383732680108,0
-0.1377563852891369,-0.3917383732680108,0
-0.09043561692774649,-0.21942782694016827,0
0.048629076089102635,2.4750546798851754,0
0.0040104361975979086,-1.12048138757337,0
0.005068332123798713,-0.5765682135082301,0
0.024390832292927732,0.8812323716340063,0
-0.0011584266371795278,-0.1606862301460104,0
0.04550934917343171,0.6872651511837661,0
-0.04462152988862156,-0.4639283026699315,0
-0.0016198882802903882,0.806443919923884,0
-0.029784246393589404,0.06131474215283607,0
-0.009813958330571991,0.02505768686638869,0
0.019095418273318964,-0.9902853045915306,0
-0.1377563852891369,-0.3917383732680108,0
-0.05071206700013019,-0.0267531983936878,0
-0.022125904906740535,-0.3635301384835915,0
-0.10356571009546145,-0.3338983479529643,0
-0.07587980413543594,-0.050530920121769664,0
0.08662529924725786,1.5803668468069323,0
-0.06906059750806835,-0.20375369235704624,0
-0.018200456210567442,-0.6018505544095033,0
-0.10088415916395378,0.006044723964463134,0
-0.1377563852891369,-0.3917383732680108,0
-0.06134152910182097,-0.06261511747285499,0
0.015081539840982976,1.7351166781536091,0
-0.016054344434651573,0.9628083072922704,0
0.06660961602225962,-0.6694889811393409,0
-0.060214034103516584,0.7693179941125553,0
-0.045591239073918766,-0.22874776476316266,0
0.16151489073663405,0.1995997305670062,0
0.5553865172561359,-2.722817294574358,0
-0.04324256272300815,0.45922685159364096,0
-0.042627304408470665,0.18951170425668123,0
-0.007188975339163915,0.16894084963111017,0
-0.056499959416925594,0.488294639990967,0
-0.1377563852891369,-0.3917383732680108,0
-0.07354976202210417,0.31801309070155664,0
0.08380565191594848,0.5792797618273051,0
-0.1377563852891369,-0.3917383732680108,0
-0.0012513201186543023,-0.1788928547372467,0
0.04179413897621219,-0.28889092949193795,0
0.07279938371248004,-0.15198614422280143,0
-0.07423124552111401,-0.15716633474011926,0
-0.1377563852891369,-0.3917383732680108,0
-0.1377563852891369,-0.3917383732680108,0
-0.1377563852891369,-0.3917383732680108,0
-0.023519385362517114,0.00700382391276892,0
0.032726695614228536,1.3710682380011614,0
-0.1377563852891369,-0.3917383732680108,0
0.3760659567387815,2.459954515185156,0
-0.035392388624397135,0.9464754049344146,0
0.11139760139905805,-0.16561844331552636,0
-0.017050915474105283,0.1222019452033797,0
0.15373022558810961,4.049435752126922,0
-0.1377563852891369,-0.3917383732680108,0
-0.057963500522210366,0.1980990798209452,0
-0.016184084912484676,2.587633084752012,0
-0.032814501522307526,0.7471128272738942,0
-0.04722147173402389,0.7444170714418932,0
-0.004819731189238891,-0.09614652112762073,0
-0.1377563852891369,-0.3917383732680108,0
-0.06556963396230714,0.30038306919952695,0
-0.03524746905887105,1.1291734471676091,0
0.05619884337775106,0.6614300250239568,0
-0.05221390118229914,-0.005423851431963891,0
-0.05728333951409752,-0.31602956093668577,0
-0.1377563852891369,-0.3917383732680108,0
-0.026807617482999337,-0.4604871174942672,0
0.24586221646542566,-1.3174758739278067,0
-0.062271310989044974,-0.24825154934524485,0
-0.05000116017601332,0.6835590736749565,0
-0.06914415989011069,0.28594849827189983,0
-0.0013619740221573451,0.33189541449948984,0
-0.14152459750363255,-0.5704868325251016,0
0.15354956215383211,-1.1069191139021572,0
0.02806971330755596,-0.1983658608375623,0
-0.1377563852891369,-0.3917383732680108,0
0.16829509405799706,4.227872373851046,0
-0.1377563852891369,-0.3917383732680108,0
-0.004330855331914847,-0.5090536340597503,0
0.027846405738980184,-0.8270570615127746,0
-0.048328068835927544,0.2559013427993617,0
-0.0452525257157133,-0.40480147649755327,0
0.051845044474621765,0.5987700815141789,0
0.08248256577099854,-0.9475574482468901,0
0.14512208073583777,4.049684379349153,0
-0.1377563852891369,-0.3917383732680108,0
-0.057266717856038894,0.8512719311796538,0
0.011939865821026964,-0.8692830827118688,0
-0.12659568688463882,-0.2805274920413186,0
0.1106058062239519,-0.7272258703805995,0
-0.1377563852891369,-0.3917383732680108,0
0.016869404596186337,-0.03429240621144122,0
0.08585439044993712,-1.2553628208810073,0
0.0032739084937442437,-0.08857291979707713,0
-0.013448719721946957,0.9596103821416004,0
0.05030401465874366,-0.35225279765117945,0
0.04175930518476726,-0.6143806056970682,0
-0.1377563852891369,-0.3917383732680108,0
0.09211273830279312,0.15409128735684344,0
-0.06782741789476388,-0.3538310500163991,0
-0.1377563852891369,-0.3917383732680108,0
0.02972592423201329,-1.207612135176988,0
-0.005552438464578861,0.276033869176424,0
-0.10342647730985403,0.01543601301245137,0
-0.02225128242190776,-0.1808096262056192,0
-0.07369831163429721,0.3771804559020606,0
-0.1377563852891369,-0.3917383732680108,0
0.12056110737780433,1.2246936361961556,0
-0.10279249111838787,-0.09713806950222317,0
-0.007640226085329521,-0.28561764782275634,0
-0.042443812191445635,0.8090256314346547,0
-0.07821953518123227,-0.37446281552815686,0
-0.05366340515878307,0.6552304270840911,0
-0.09906208807942202,0.024365435245172967,0
0.055636533422010595,-0.9289316927936678,0
-0.1377563852891369,-0.3917383732680108,0
0.10376116512255074,-0.5745793215389712,0
-0.05350292455075048,-0.03234919391209265,0
0.03337891377286766,-0.34905991336945563,0
0.09769760844936697,1.651707563253221,0
-0.005361222335512528,-0.2337873290599076,0
-0.08789512441982208,-0.006624809403211379,0
-0.02730284092721429,0.21232515380514816,0
-0.1377563852891369,-0.3917383732680108,0
-0.0635704061894103,0.25207367625149263,0
-0.018741538057275648,0.06481707898254414,0
0.014841762064261684,-0.12044354639435426,0
0.19547770601324352,4.942516447160001,0
0.12471119772759426,-0.39890254610391035,0
0.17607290490557984,4.943076911915198,0
-0.1377563852891369,-0.3917383732680108,0
-0.1377563852891369,-0.3917383732680108,0
-0.028581024214153608,0.3793187122565321,0
-0.1377563852891369,-0.3917383732680108,0
-0.007685778567942274,-0.0023075566930464996,0
-0.1377563852891369,-0.3917383732680108,0
-0.08123320207170204,2.28948851558835,0
0.002792233723533126,0.21085102364443004,0
0.017983596409004717,1.6808436648169305,0
-0.043073820669707455,-0.13141445183531847,0
-0.1377563852891369,-0.3917383732680108,0
0.04529714739417626,2.475169789053452,0
-0.1377563852891369,-0.3917383732680108,0
-0.1377563852891369,-0.3917383732680108,0
-0.07399125231282654,0.5764158258959077,0
2.5180438954316176e-05,-0.4940365796934634,0
-0.03233651003325665,-0.4182641625991691,0
-0.1377563852891369,-0.3917383732680108,0
-0.1377563852891369,-0.3917383732680108,0
-0.00887295363961131,-0.06998939586222011,0
-0.10774904706917944,0.02686715075628959,0
-0.1377563852891369,-0.3917383732680108,0
0.0532104780446265,2.474896404778796,0
0.028349930463682473,-0.24259781876261327,0
-0.1377563852891369,-0.3917383732680108,0
-0.06655519715437755,0.0553043562711034,0
0.018672847716017595,-0.8674503225437517,0
-0.1377563852891369,-0.3917383732680108,0
-0.03732901230409602,1.1785217987393146,0
-0.1377563852891369,-0.3917383732680108,0
-0.036320354900088204,-0.17410370017998286,0
-0.04795572417144539,0.3713922859496593,0
-0.06486350684159753,0.4040182024681416,0
-0.08279426439209163,0.036158409088032806,0
-0.1377563852891369,-0.3917383732680108,0
-0.1377563852891369,-0.3917383732680108,0
-0.03399608932443741,0.2499670836700693,0
-0.06446159414286602,-0.2902904615131045,0
-0.011300336187647564,-0.4177649810175089,0
-0.05171730396537617,-0.002519836018822666,0
-0.051519926157554186,0.36171655464651015,0
0.07362497533653709,3.5565943250116154,0
0.10816365047814255,-0.6958515595631635,0
0.04942869559435593,1.1760653875239229,0
0.031223332264174803,0.8238689730019841,0
-0.1377563852891369,-0.3917383732680108,0
-0.14152459750363255,-0.5704868325251016,0
-0.1377563852891369,-0.3917383732680108,0
-0.017571894085257556,0.9324294406055325,0
-0.022236563387758066,1.370245371116486,0
0.10565447367616404,-0.8229947633105101,0
0.015282098099104753,-0.5633982070056089,0
-0.1377563852891369,-0.3917383732680108,0
0.011534504873903867,1.4139087213413588,0
-0.13398817307464125,-0.21298991401092005,0
-0.04681171288836192,0.171876220565619,0
0.22881649681587643,-2.025676076941446,0
0.06536085872794078,-0.9094297562846685,0
0.2795301658031584,-1.626194569368814,0
0.1798837973231724,0.9105672665625253,0
-0.13398817307464125,-0.21298991401092005,0
0.04968968721105117,-0.4030392522970924,0
-0.1377563852891369,-0.3917383732680108,0
-0.1377563852891369,-0.3917383732680108,0
-0.1377563852891369,-0.3917383732680108,0
-0.08855689609135727,0.1482191629731592,0
-0.14152459750363255,-0.5704868325251016,0
0.07361436055524594,-0.5799218256078997,0
-0.1377563852891369,-0.3917383732680108,0
0.048221112139380504,-0.39316014861174237,0
0.008159668593338125,-0.06857799582737446,0
-0.005888013602125221,-0.2736107332503201,0
0.04940472364903773,-0.009674715613592209,0
0.019338870097027144,-0.7757034872223,0
-0.029811674550753377,1.2731682263485693,0
-0.0629047989936766,-0.674123562112778,0
-0.1377563852891369,-0.3917383732680108,0
-0.1377563852891369,-0.3917383732680108,0
0.13621832815634488,-1.2469397351088807,0
0.013006254131883315,-0.15081870630054822,0
-0.1377563852891369,-0.3917383732680108,0
-0.1377563852891369,-0.3917383732680108,0
0.03782131029166486,1.9274257574015772,0
-0.1377563852891369,-0.3917383732680108,0
0.14305062265501498,-1.2745695107482529,0
-0.1377563852891369,-0.3917383732680108,0
-0.06794027398992798,0.07916899508763946,0
-0.05735209901034394,0.5324854639794493,0
0.04181990521002396,-0.7411493210198764,0
-0.1377563852891369,-0.3917383732680108,0
-0.0484308618125015,-0.006935391960263634,0
0.046032808891966766,-0.06854733633920627,0
-0.1377563852891369,-0.3917383732680108,0
-0.1377563852891369,-0.3917383732680108,0
-0.1377563852891369,-0.3917383732680108,0
0.14456925169150603,-0.36696634260625466,0
-0.1377563852891369,-0.3917383732680108,0
-0.1377563852891369,-0.3917383732680108,0
-0.03857068772683193,0.29653932302633207,0
0.1269560258642637,-1.1253774215188133,0
-0.04163146973238202,0.19218352803869018,0
-0.1377563852891369,-0.3917383732680108,0
-0.1377563852891369,-0.3917383732680108,0
-0.1377563852891369,-0.3917383732680108,0
-0.1377563852891369,-0.3917383732680108,0
0.06440403747677763,-0.7234718005340766,0
-0.023434785674013366,-0.5301901209720732,0
-0.046828497018211096,0.09013643104939618,0
-0.14152459750363255,-0.5704868325251016,0
0.016148660574896286,-0.4379625448829439,0
0.041364987025869035,-0.10374778501784743,0
-0.1377563852891369,-0.3917383732680108,0
-0.032645109818069284,-0.5125192656603843,0
-0.0050082993396583465,0.7776564754051335,0
0.022769312020175684,-0.6268413437087513,0
-0.13713855291132274,-0.3965886962946017,0
-0.025204244564108694,-0.6320388653737401,0
0.05682787931125894,-1.0225475698292485,0
0.06612200493090993,-1.188449601452736,0
0.039956935440034085,-0.4201853881770497,0
-0.03221467783510521,-0.23836716750750264,0
-0.0057013904350762395,-0.11176562759767014,0
0.04871340349345894,-0.2277280823371225,0
-0.1377563852891369,-0.3917383732680108,0
-0.026173370678733578,1.5214559160136096,0
0.04999339188136242,-0.6948284163561075,0
0.046811199789105064,-0.6830644443356888,0
0.03273217295546309,-0.16243319558606886,0
0.01670292966683644,-0.5340869715644858,0
0.011375933278696227,-0.05063807738430388,0
-0.0024316816379828703,0.28833095854741353,0
-0.05773544200758819,-0.31753509939613056,0
-0.030127915192092444,-0.08299694347320641,0
-0.03038159655974349,0.20361294644116895,0
-0.010811174825615937,0.30930370836795035,0
0.08311788543333035,-0.8700556491487028,0
-0.1377563852891369,-0.3917383732680108,0
-0.1377563852891369,-0.3917383732680108,0
0.1484525906697094,4.228445480668391,0
-0.1377563852891369,-0.3917383732680108,0
-0.1377563852891369,-0.3917383732680108,0
-0.1377563852891369,-0.3917383732680108,0
-0.1377563852891369,-0.3917383732680108,0
-0.1377563852891369,-0.3917383732680108,0
-0.0754511586179864,0.3977839546556983,0
-0.08607439991655667,-0.20212347658827243,0
-0.058135055386441224,0.05068633339934796,0
-0.04833755946440471,0.9970264385673131,0
0.6650650601461265,5.909925788991346,0
0.05300519317919189,-0.15922985669737763,0
-0.1377563852891369,-0.3917383732680108,0
-0.1377563852891369,-0.3917383732680108,0
-0.0657579144226602,0.32577083455318917,0
-0.029900863616776144,0.21614144569327792,0
-0.013173618495354178,-0.057501799118821306,0
0.04808117381526142,-0.474576002321931,0
0.019372008388015362,0.12211333839227063,0
-0.1377563852891369,-0.3917383732680108,0
0.07195610120510526,-0.8849993930913652,0
-0.02260511150737842,0.4366743806545251,0
0.10951404170057503,0.006071860930043774,0
0.04368922755997274,-0.45020466331942066,0
0.008536402030683636,-0.31149649363918497,0
-0.1377563852891369,-0.3917383732680108,0
-0.1377563852891369,-0.3917383732680108,0
-0.07400469873755679,0.03274515923296106,0
-0.06637917963231342,0.346066539438129,0
0.048440622978373184,2.6539398312795948,0
-0.005885775915871648,0.44006665518940596,0
0.07062963163058031,-0.7681691786426148,0
-0.1377563852891369,-0.3917383732680108,0
-0.1377563852891369,-0.3917383732680108,0
-0.1377563852891369,-0.3917383732680108,0
-0.1377563852891369,-0.3917383732680108,0
-0.1377563852891369,-0.3917383732680108,0
-0.1377563852891369,-0.3917383732680108,0
-0.1377563852891369,-0.3917383732680108,0
0.1493879295295876,1.564250538849088,0
-0.011954970841562626,0.24638790754878226,0
-0.04084810621014822,0.26595611235602457,0
-0.1377563852891369,-0.3917383732680108,0
-0.02363036094501567,0.12873406698129194,0
-0.1377563852891369,-0.3917383732680108,0
0.020191667701844742,-0.49138680318650996,0
0.050403718903550984,-1.1101144516006556,0
-0.1377563852891369,-0.3917383732680108,0
-0.1377563852891369,-0.3917383732680108,0
-0.021748603537857958,-0.36707843265491746,0
0.0029182056026499765,-0.09842862951507353,0
-0.05578599837990842,0.8512080004524952,0
-0.06774197606417769,-0.0018295311763152377,0
-0.005362193232872038,1.1567568862744126,0
-0.1377563852891369,-0.3917383732680108,0
2.192976908506059,3.56324123296965,0
-0.14152459750363255,-0.5704868325251016,0
0.1890637229226464,-1.5598600518663095,0
0.1722942983661771,-1.4864769741136052,0
-0.1377563852891369,-0.3917383732680108,0
-0.025426541022274922,0.37528473172533455,0
0.08834772659500671,-0.9942684689562978,0
-0.08277363961104686,0.3796119881959574,0
0.0852688901314872,-0.572421210829193,0
-0.1377563852891369,-0.3917383732680108,0
0.35825717709395694,-2.4745196781412764,0
-0.028608999894035272,0.8338499171474086,0
-0.02950483412825187,0.9789688652237158,0
-0.1377563852891369,-0.3917383732680108,0
0.02138489567726657,-0.21756588215654735,0
-0.1377563852891369,-0.3917383732680108,0
-0.1377563852891369,-0.3917383732680108,0
0.03512796093715203,2.2306808391557085,0
-0.04722404991751879,0.3665826423314585,0
0.028928754149684047,2.125557421125692,0
-0.02224695236439859,0.13593646369133472,0
0.032717770209816775,-0.13642863862287916,0
0.047122217853366975,0.41492261016373155,0
0.10819776127866843,2.3897129068148937,0
0.22959862089626837,4.0472444613547225,0
0.038586255394952904,0.6410826904197449,0
-0.1377563852891369,-0.3917383732680108,0
-0.02026416709162244,-0.915726059190839,0
-0.1377563852891369,-0.3917383732680108,0
0.1262915640984998,-1.594127665025495,0
0.14690828396724964,-1.12768380711817,0
0.11175663836414411,-0.7044802575774864,0
-0.009379619033503145,-0.43524852566721545,0
-0.0447693145894874,-0.45117126142025743,0
-0.1377563852891369,-0.3917383732680108,0
-0.1377563852891369,-0.3917383732680108,0
0.05913175887709991,-0.4146039119022697,0
-0.1377563852891369,-0.3917383732680108,0
0.05680112364734416,0.4824173470503932,0
-0.011963041380235857,-0.031546149834450865,0
-0.008555079519149899,0.4827159462925633,0
-0.09582192111689508,-0.08191297179128608,0
0.0016445760929898786,-0.43460065719464686,0
-0.1377563852891369,-0.3917383732680108,0
-0.1377563852891369,-0.3917383732680108,0
-0.1377563852891369,-0.3917383732680108,0
0.1821706036560485,-0.7152545547493568,0
-0.05620288755310143,-0.21738274173547453,0
0.043417122342441945,-0.2463143987146503,0
-0.05635383647070736,0.0008898119060611727,0
-0.004986831367733497,0.03758594504213131,0
-0.1377563852891369,-0.3917383732680108,0
-0.1377563852891369,-0.3917383732680108,0
-0.02395845279745953,-0.018529281985813977,0
0.013035307686453744,-0.25408828751572654,0
0.006490783286088113,-0.2573119349444035,0
-0.05336467698531265,0.330951588262817,0
-0.1377563852891369,-0.3917383732680108,0
-0.1377563852891369,-0.3917383732680108,0
-0.1377563852891369,-0.3917383732680108,0
0.007939020001295398,-0.008970807151578873,0
-0.006229434963193538,-0.4681983988530489,0
-0.09616453124261425,0.2961133102363415,0
-0.1377563852891369,-0.3917383732680108,0
-0.1377563852891369,-0.3917383732680108,0
0.15354834798039588,-1.3646334281143386,0
0.0020642975525721344,-0.0003661503929242187,0
0.02260696776113007,0.6728511688956307,0
-0.02646922716565385,0.6360284191865051,0
-0.0646040246640488,0.044130040563186534,0
0.06623922414170384,-0.667058468100103,0
0.05187843719865585,-0.25539911321915104,0
-0.1377563852891369,-0.3917383732680108,0
-0.08632141062510386,0.18775070398143545,0
-0.05597625380946344,0.07207059603191478,0
0.023076663546507017,1.589575318431648,0
-0.11313125374268235,-0.19874820587138115,0
0.1485984914299174,4.228441266647676,0
-0.0661949833996977,0.17104125279968213,0
-0.14152459750363255,-0.5704868325251016,0
-0.0764248231546064,0.03983872597289581,0
0.03495078813083457,-0.5431686136185104,0
-0.14152459750363255,-0.5704868325251016,0
-0.0022913187733520617,0.03207995204745044,0
0.0027303695533363857,0.3267084100626851,0
-0.1377563852891369,-0.3917383732680108,0
0.04308315370705027,-0.7731754944280412,0
0.15943444463130355,-1.423533620249187,0
-0.04722121441239592,-0.3175225070587744,0
-0.1377563852891369,-0.3917383732680108,0
-0.14152459750363255,-0.5704868325251016,0
-0.1377563852891369,-0.3917383732680108,0
-0.006790088834320284,1.396508701388867,0
0.0017405723930932497,-0.6945496830606959,0
0.03258030076325644,-0.5329249814415583,0
0.048167095394682814,-0.6962701420576688,0
0.047620419403115496,0.44430060098376667,0
-0.010446415265536682,0.05695083684488543,0
-0.1377563852891369,-0.3917383732680108,0
-0.04777130565781518,0.014030574115088885,0
0.20355982526947108,-1.0558873115378131,0
-0.05454663340791397,-0.5891265471927901,0
0.19946063429006358,-1.7556586384461554,0
-0.1377563852891369,-0.3917383732680108,0
0.07907188755318972,-0.26066780688519975,0
-0.05885732857560714,0.015575907170656902,0
0.19449828037218755,1.484492581823148,0
-0.03081953002291872,0.2246672986150723,0
0.18957186304125515,-1.2362400651015033,0
-0.024408265181086793,-0.023508579392631696,0
-0.0005033323466728677,-0.4783208847472098,0
-0.1377563852891369,-0.3917383732680108,0
0.07118234957445506,-0.7995008373858802,0
-0.027513484914648254,-0.2631354720752413,0
-0.03353514998865492,0.9140696155550867,0
0.04131215505396099,-1.183953687793393,0
0.031825082042869164,1.9410920016952316,0
0.1289228389935191,-0.24014976250712142,0
-0.039992713181567566,-0.49090219873201274,0
-0.011999391940104652,1.112464482946538,0
0.40201007755698126,-2.440186996797317,0
0.005474876374566117,-0.3806295028284714,0
-0.019888053328736267,0.9030142232457568,0
0.02185743391840844,0.08130454728493618,0
0.18561981806190112,0.39109100430946286,0
0.032841809337525577,1.7018045556429244,0
-0.13398817307464125,-0.21298991401092005,0
-0.13398817307464125,-0.21298991401092005,0
0.018310107587665093,0.262454272357066,0
-0.1377563852891369,-0.3917383732680108,0
0.03939515646655161,1.4618799475204227,0
0.1145411816861211,-0.1502040428286528,0
0.1410313501778276,-0.12532820569532765,0
-0.1377563852891369,-0.3917383732680108,0
-0.04278458297892631,0.779116666200017,0
-0.13398817307464125,-0.21298991401092005,0
-0.005136033867642452,-0.8507352714145292,0
0.06985284915130163,2.6001738668541168,0
0.1389640292558109,-0.2603165761035602,0
0.1966899447092578,0.6982540207868048,0
0.21682035075434938,-0.7748724826427924,0
0.16472010181906516,1.5195036861461013,0
0.08188960283578134,-0.6979283643535039,0
0.014188187214532015,1.2089306542059015,0
-0.041946636407693166,0.8614484567654286,0
0.18284751333482802,1.161317735121566,0
-0.021140883341752046,-0.10221370942379926,0
0.01653866957695945,-0.39264431273954675,0
0.016863710134149876,1.763238379967723,0
-0.13398817307464125,-0.21298991401092005,0
0.19486235785939052,-1.014972999466907,0
0.10572162722925589,0.03210311412998437,0
-0.13398817307464125,-0.21298991401092005,0
-0.02326135317431168,0.0654915391716842,0
0.09851355158893042,-1.233551531309559,0
-0.01567913125430287,0.22805118993371776,0
-0.03151486143349797,1.0063429880978052,0
0.008942495902792363,-0.211152080737051,0
0.11571623189938995,-0.7012327407787323,0
0.0182970783699658,0.2039023601986081,0
0.30440613063979216,-2.02075381614702,0
0.09797229666203967,-0.5280525228520038,0
0.01981688980390769,0.5316770488815787,0
-0.006281014676435087,-0.33235427408942203,0
0.08375404548375995,-0.1439451161353843,0
0.048440622978373184,2.6539398312795948,0
-0.04125737467972088,0.44794274041779986,0
-0.13398817307464125,-0.21298991401092005,0
-0.1377563852891369,-0.3917383732680108,0
0.3854158952900551,-0.8288112219869973,0
0.07698386996058962,-0.28909894592816066,0
0.022587722382430047,-0.4355089626104735,0
0.07924904042293013,0.43083334633920395,0
-0.1377563852891369,-0.3917383732680108,0
0.16012466774485778,-1.0490680501167826,0
0.2496446205602231,-0.2810746291362684,0
0.2366592809105686,-0.8514797800495607,0
0.004980912882183087,-0.6468819333761222,0
0.06668945038974718,0.09767272577320327,0
-0.027832423338416862,0.05908430216031616,0
-0.0362891824681967,0.4831554860970814,0
-0.01359638219361365,-0.5719895477598906,0
-0.1377563852891369,-0.3917383732680108,0
-0.1377563852891369,-0.3917383732680108,0
0.009980486768884843,0.05686617693364483,0
0.010720292345161114,-0.42357157089611047,0
-0.022614385017013083,-0.24293618495957436,0
0.02795374757361432,0.6782172902763385,0
-0.045198118091177256,-0.35253401015744273,0
-0.0019540251583858425,-0.2659575104361324,0
-0.1377563852891369,-0.3917383732680108,0
-0.1377563852891369,-0.3917383732680108,0
-0.1377563852891369,-0.3917383732680108,0
0.10381602370020283,-1.106230979257013,0
-0.1377563852891369,-0.3917383732680108,0
0.23446046390250352,1.9328714191054537,0
-0.13398817307464125,-0.21298991401092005,0
-0.13398817307464125,-0.21298991401092005,0
-0.02186222603771951,-0.2779343089262468,0
-0.015139899506091944,1.367224444530512,0
-0.056078534903414,-0.030177655611949492,0
-0.1377563852891369,-0.3917383732680108,0
0.3384086257365107,-1.9736889565319264,0
0.005468391264835884,0.013450521366327682,0
-0.1377563852891369,-0.3917383732680108,0
0.052705901837610036,0.2117969555747226,0
-0.08272227467889069,-0.4563711561839994,0
-0.028660775655773664,-0.3185221998552034,0
0.006784252006739981,-0.5089756991338378,0
-0.061651060706863166,-0.7674800832197682,0
0.072091843013777,1.2328107786020588,0
0.2714103007066455,-0.25319521971401326,0
0.27566769853888196,-1.3501381380440334,0
-0.1377563852891369,-0.3917383732680108,0
-0.022621971567696325,-0.7710025692695721,0
-0.1377563852891369,-0.3917383732680108,0
0.0008934425787303763,0.4391466579622496,0
0.0418256659033945,1.5590706071524654,0
-0.09371575291474818,-0.128159111975218,0
0.008637505891070301,0.24870684372183796,0
0.11946315336626227,-1.1527770500877534,0
0.009718442677036485,-0.12097396547457342,0
-0.1377563852891369,-0.3917383732680108,0
-0.0489316283179225,0.19124788428710476,0
-0.1377563852891369,-0.3917383732680108,0
-0.1377563852891369,-0.3917383732680108,0
0.13358142470753176,-1.1018255005876716,0
0.035246989599810465,1.7041818658754881,0
-0.02500229766090932,1.6076564143389338,0
-0.009937716908977039,1.0392077576174092,0
-0.0308820558727285,0.6142763143973767,0
-0.009424469637415138,-0.2596086255251834,0
-0.013707329220176352,0.2702086738904241,0
0.027534372712145778,-1.0701971957565335,0
-0.1377563852891369,-0.3917383732680108,0
-0.05443526301034911,-0.3445756614138283,0
-0.003944124896580018,-0.3510196913416122,0
-0.04688607603771081,-0.3317255611349061,0
-0.014157622596953454,0.7222772058487733,0
-0.1377563852891369,-0.3917383732680108,0
-0.1377563852891369,-0.3917383732680108,0
-0.1377563852891369,-0.3917383732680108,0
-0.05844308744380674,0.33066707367749965,0
-0.010877105335363253,0.9104009736636964,0
-0.067154793246017,-0.2728263597980021,0
0.11124197749439114,-0.4163898349323774,0
0.032140861535608724,-0.6272408055443496,0
-0.025563084133490878,-0.1758409850677786,0
-0.1377563852891369,-0.3917383732680108,0
-0.1377563852891369,-0.3917383732680108,0
-0.03603974121084961,0.5406625921633853,0
0.049968443703952835,-1.0645030289403543,0
-0.019289366935415383,1.3355977340748837,0
-0.0683105640641431,-0.0950959256035249,0
0.03865917669865409,-0.7628760471333452,0
0.027680743607464458,1.943259623344029,0
0.025169663382863198,1.8325739449490601,0
-0.1377563852891369,-0.3917383732680108,0
-0.05710959432006746,0.8436657039659402,0
0.600582048345118,0.9749980381043863,0
0.030525114485109753,-0.40722291076362244,0
0.02660232681699089,-0.9198975783593302,0
-0.04904980463690771,0.9311810587494436,0
0.0004362095029955061,-0.22181340954995588,0
-0.04499172790404395,-0.5480997850018089,0
-0.03901692284341923,-0.37034970817718477,0
0.045513608180023035,-0.9243470475910387,0
-0.1377563852891369,-0.3917383732680108,0
0.2236911478740908,-0.6689798057328306,0
-0.04533481064364561,-0.3453809217912879,0
0.03739187288657858,0.10919878981863514,0
-0.05435968437926655,-0.3862956390912502,0
0.10184682238582293,-1.2174795412679371,0
0.004624287279580074,0.6987403828817996,0
-0.024579919125416592,0.23948476565423682,0
0.015137631477449542,-0.12728455494717814,0
0.039881842406823444,0.4363039297713454,0
-0.05552242742334726,-0.04647944389570827,0
0.06444816351301562,-0.9096966257595254,0
0.044672410763877526,2.475191372022504,0
-0.030429114028455797,-0.43591514913506385,0
0.021475635214934268,1.7762240885292326,0
0.11164871523267578,-0.6855496171983685,0
-0.1377563852891369,-0.3917383732680108,0
0.012589741832949168,-0.452244442552526,0
0.007622397125256616,-0.3893838502718363,0
-0.016741884589816354,-0.19077222953015124,0
-0.1377563852891369,-0.3917383732680108,0
-0.0627368951698166,-0.14473022713810868,0
0.127008776334465,-0.9928783326713188,0
0.03489800570318959,-0.9782090228786658,0
0.024109609248146157,0.18305358247854464,0
0.0004883450157781023,1.6575881718954684,0
0.023822845076073212,1.177324998983006,0
-0.031212533354630437,-0.3733244338087694,0
0.0438107560460624,-0.4178760536878549,0
0.08259564125602424,2.5200611971822973,0
0.0170172067746105,-0.6033253490242276,0
0.008340249645684849,-0.24361863281238036,0
-0.05649423154700659,-0.45773923294270946,0
0.06068682944769057,-1.3307715276928445,0
0.04779609391537108,2.475083457177245,0
0.05902048055268916,-1.3844067751730142,0
-0.1377563852891369,-0.3917383732680108,0
0.06593470264036771,-0.17308116185095845,0
0.0157111536382251,-0.3816136353646253,0
0.03976034527607105,-0.7090148801908839,0
-0.1377563852891369,-0.3917383732680108,0
-0.1377563852891369,-0.3917383732680108,0
0.17549165030077163,-1.0341734467448167,0
-0.1377563852891369,-0.3917383732680108,0
-0.017572876886165736,-0.6881584513577127,0
-0.1377563852891369,-0.3917383732680108,0
0.2448078587027476,-2.2320018216632387,0
-0.14152459750363255,-0.5704868325251016,0
0.18620221327085137,-2.071199270762175,0
-0.1377563852891369,-0.3917383732680108,0
-0.10761068757317163,1.0382493007887152,0
-0.1377563852891369,-0.3917383732680108,0
0.036777425166364563,2.1005977275212646,0
-0.1377563852891369,-0.3917383732680108,0
-0.034003391861028895,-0.10718343358942005,0
-0.06984109045792646,0.07468021967624054,0
0.196124644850811,2.026407129858452,0
0.14366543691637945,-0.7257797678483274,0
-0.1377563852891369,-0.3917383732680108,0
-0.02238369679425014,0.13116808697443444,0
0.1098742888082529,-0.7221485324677351,0
0.04488065630731043,2.4751841776994867,0
-0.1377563852891369,-0.3917383732680108,0
0.10648905327899898,-0.9723021395199082,0
0.1208241772998599,-1.6406241864306101,0
-0.07357163210837073,-0.05550453910274946,0
-0.004149991675868786,0.22459387442170953,0
-0.023912292453950764,0.0987859373811413,0
0.0431852331173176,-0.540817399934842,0
0.0630150706978735,0.33780830968854453,0
-0.1377563852891369,-0.3917383732680108,0
0.1667620283131321,-1.1102294956126821,0
-0.04833755946440471,0.9970264385673131,0
-0.1377563852891369,-0.3917383732680108,0
0.019409925157335126,-0.916523711898339,0
0.08795340456459103,2.233871722480202,0
-0.1377563852891369,-0.3917383732680108,0
-0.06050536161446063,-0.1719366273928906,0
-0.1377563852891369,-0.3917383732680108,0
-0.05617016027013453,0.7476160294214433,0
0.20444489319147058,4.579356081860885,0
0.06000295775671388,-0.4912541276617761,0
0.018706991728810567,1.0946347107866616,0
-0.018550353966593044,-0.32962697693035997,0
-0.025612863876797787,1.2448178939374288,0
-0.0540868367179419,0.8918950336107466,0
0.028886297136006617,2.159162699056733,0
0.1917228171664492,-0.44322936065728674,0
-0.02109577355933515,-0.05832707067708932,0
-0.021392699043278566,-0.1435964205307634,0
0.2725915742740173,1.6259935285885962,0
0.0031050917380320785,-0.1088786503391195,0
0.03362224600241345,-0.011630455237929134,0
-0.04205381835819505,-0.3150439459208302,0
0.050146491126292644,0.051005018253708026,0
-0.03492053621245309,-0.26366639465500863,0
-0.1377563852891369,-0.3917383732680108,0
-0.0030289496341124383,0.1887669999217229,0
-0.1377563852891369,-0.3917383732680108,0
0.0026536660680338583,0.4720432719918052,0
0.015518036393359181,-0.8428848668360327,0
-0.1377563852891369,-0.3917383732680108,0
0.015505530475168746,-0.11633162357628751,0
-0.1377563852891369,-0.3917383732680108,0
-0.1377563852891369,-0.3917383732680108,0
-0.1377563852891369,-0.3917383732680108,0
0.049820707049847646,0.1266819504168715,0
-0.1377563852891369,-0.3917383732680108,0
-0.1377563852891369,-0.3917383732680108,0
-0.056752914899770496,0.4061671741400872,0
-0.1377563852891369,-0.3917383732680108,0
-0.1377563852891369,-0.3917383732680108,0
-0.1377563852891369,-0.3917383732680108,0
-0.008780015305627028,0.0854131355487993,0
0.05628386699563297,-0.2312303160830083,0
-0.1377563852891369,-0.3917383732680108,0
-0.1377563852891369,-0.3917383732680108,0
-0.1377563852891369,-0.3917383732680108,0
0.04491601766732439,0.046182122373069026,0
-0.04775062298762439,-0.5036026818450664,0
0.001980901917809962,1.4512539192139802,0
-0.1377563852891369,-0.3917383732680108,0
0.0024815852885955478,1.2871352171997161,0
-0.02079337602472661,-0.17460199250332475,0
0.05583101449476069,-0.5924618579805186,0
-0.07694156368503056,0.2238977764570066,0
-0.06607820565108856,0.24586718390814788,0
-0.021048511013539176,-0.17233210728689363,0
-0.0452738137624913,-0.4593786283115432,0
-0.03808434137618001,0.8533556144342443,0
-0.1377563852891369,-0.3917383732680108,0
0.15908533278796747,-1.545699171089441,0
-0.1377563852891369,-0.3917383732680108,0
0.16647409542532443,-0.305622301390317,0
-0.1377563852891369,-0.3917383732680108,0
-0.003992230596275361,0.0070031893035132605,0
-0.08583174389012234,0.11694493317388167,0
-0.1377563852891369,-0.3917383732680108,0
-0.07315310609888558,0.020000603198467953,0
0.00430398130572754,-0.06934241902295976,0
-0.13398817307464125,-0.21298991401092005,0
0.21291183756526666,-0.39162161266693246,0
-0.062442921169948824,0.49226878972030774,0
-0.03954816255873732,0.48152475652353666,0
-0.01273224700440417,-0.13179121524032597,0
-0.010770100115271224,-0.4064509658264337,0
-0.04140359314514754,0.1325707806971809,0
0.0022097517531369697,-0.45907046532499657,0
-0.1377563852891369,-0.3917383732680108,0
0.17775615383816792,-2.2846548734392846,0
-0.1377563852891369,-0.3917383732680108,0
0.023058917008199765,-0.07607808414512318,0
0.14537547550569202,0.470398653154606,0
0.1540175810093524,-0.9847964242234903,0
-0.1377563852891369,-0.3917383732680108,0
-0.07046971976778187,-0.5332626894055366,0
-0.004497314632104212,1.3286206680014805,0
-0.1377563852891369,-0.3917383732680108,0
-0.1377563852891369,-0.3917383732680108,0
-0.03296285281078684,-0.36788423579693486,0
-0.012105367555543083,-0.6818581247256651,0
-0.1377563852891369,-0.3917383732680108,0
-0.1377563852891369,-0.3917383732680108,0
0.02831138333586533,2.0323693106013043,0
-0.1377563852891369,-0.3917383732680108,0
-0.1377563852891369,-0.3917383732680108,0
0.04061966865891675,-0.26348640735734385,0
-0.1377563852891369,-0.3917383732680108,0
-0.041068922430085766,-0.47852827712128726,0
0.14526798149604572,4.049680165328437,0
0.08276695799920762,3.058089900524444,0
-0.002877717038791914,-0.25164162836346304,0
0.24540967748625922,-1.1748142312002734,0
0.13681488727382585,2.2855667446407364,0
0.04488065630731043,2.4751841776994867,0
0.0056046250452672485,-0.23536234169772433,0
-0.1377563852891369,-0.3917383732680108,0
0.04508890185074333,2.475176983376469,0
-0.1377563852891369,-0.3917383732680108,0
-0.0012466935189402542,-0.48437632534401903,0
-0.027799717083135608,1.2404999382187631,0
-0.03689436459526127,0.26241838536594386,0
0.023731478629646252,-0.4124412997387246,0
-0.037639545819062814,1.1785347291212307,0
-0.029103411382920975,0.4434216411985791,0
0.014430273586238357,-0.11229863403179684,0
-0.036212865119638615,-0.53999901859411,0
-0.1377563852891369,-0.3917383732680108,0
-0.006552206958685459,0.6044161145904771,0
-0.0009876633976372486,0.4903373424122778,0
-0.011553455871956188,-0.008309723847299376,0
0.13684793559335523,1.6090798423805102,0
-0.1377563852891369,-0.3917383732680108,0
-0.1377563852891369,-0.3917383732680108,0
-0.011172295522557918,0.5625869914259941,0
0.045355336224253445,-0.26540638482395157,0
0.08938116567661138,0.8765034675491215,0
-0.1377563852891369,-0.3917383732680108,0
-0.07584162504502064,0.39135082856628844,0
-0.1377563852891369,-0.3917383732680108,0
-0.02487791874535347,0.6286982830667076,0
-0.1377563852891369,-0.3917383732680108,0
-0.03258095053623135,-0.19714727721326672,0
0.026275846709921218,1.5856313477419244,0
-0.0010972599646622647,1.3748416321370724,0
-0.031205589977853613,0.7371599145875055,0
-0.1377563852891369,-0.3917383732680108,0
-0.13398817307464125,-0.21298991401092005,0
0.006943843655743536,0.922935570362307,0
0.001111333735449029,-0.8742107440809366,0
0.17367379503630667,3.1459232876667285,0
-0.1377563852891369,-0.3917383732680108,0
0.010264102707853426,0.6216318681049221,0
-0.1377563852891369,-0.3917383732680108,0
0.20074689724850786,0.49512837819889866,0
-0.0319671726707136,1.1954102033277394,0
0.07620928109672942,0.4158920860732155,0
-0.1377563852891369,-0.3917383732680108,0
0.1400636822087411,1.0721802250545536,0
-0.1377563852891369,-0.3917383732680108,0
0.6945999665987087,5.977459613550562,0
0.03175919480866069,0.6237777537149428,0
-0.1377563852891369,-0.3917383732680108,0
-0.015400011154764243,0.5861361355544926,0
0.014821578276035113,0.6689452860358107,0
-0.1377563852891369,-0.3917383732680108,0
0.0640392463031374,2.4745222999818983,0
0.012764956926500147,-0.3466248755738195,0
-0.026438481470538976,0.9056506887976906,0
0.04872870770347598,0.4615112322903844,0
-0.0025549252748438295,0.5193526940298078,0
-0.048303073679008074,1.0396959753867197,0
-0.07227756781938208,0.4367267050949156,0
0.009367442664478937,-1.0138361092594355,0
-0.00040568257204950914,-0.4615563021682303,0
-0.022762193486010728,-0.30446794982993003,0
-0.1377563852891369,-0.3917383732680108,0
-0.005489668634847899,-0.15233045832575076,0
-0.04219582888214911,0.6862523954478958,0
0.007306064178433,-0.725476750687056,0
-0.06283497295416757,-0.21000266306817622,0
-0.1377563852891369,-0.3917383732680108,0
0.02794863293905856,0.3645120913508014,0
-0.006075854076203817,0.6655504041581788,0
0.05166044884201083,0.5457011347310637,0
-0.1377563852891369,-0.3917383732680108,0
-0.1377563852891369,-0.3917383732680108,0
-0.1377563852891369,-0.3917383732680108,0
0.03918447210335732,-1.0247506143671046,0
0.07964338995166118,-0.8742908680170436,0
-0.04100408913175378,-0.30204757047377495,0
-0.049307671023952525,0.5770484836799137,0
-0.1377563852891369,-0.3917383732680108,0
-0.05454400863321162,-0.1842802390952206,0
0.12839052152900868,0.7959195681687169,0
-0.052240182665591474,0.10566992594922338,0
0.02529072411343334,-0.783672625311945,0
-0.1377563852891369,-0.3917383732680108,0
-0.054139153143427564,0.18565075631060612,0
-0.011201168642190434,0.6959824879437746,0
-0.1377563852891369,-0.3917383732680108,0
-0.1377563852891369,-0.3917383732680108,0
0.03282656893518816,-1.522577131190462,0
0.0315560296826936,0.9975628101951896,0
0.022745951635422028,0.020446449188716475,0
0.014576590938159528,-0.009431526500277596,0
-0.1377563852891369,-0.3917383732680108,0
-0.033108472258783106,-0.2648468595335594,0
0.014474800544134709,0.4046231907008481,0
0.04691772733113809,1.0142170092621436,0
0.24956200326178515,1.6768922191344522,0
0.058879251340492454,0.5401911860646056,0
0.008827769772507175,-0.3189439361737364,0
-0.13398817307464125,-0.21298991401092005,0
0.01754814833894626,-0.1666139329010312,0
-0.1377563852891369,-0.3917383732680108,0
0.022603024106799336,-0.4118748298158292,0
0.01799520427470961,-0.557697907340491,0
-0.016093788333903677,0.5338111737298882,0
0.10251412931734454,2.7496863775871048,0
0.06322817667972572,-0.9267096309188232,0
-0.1377563852891369,-0.3917383732680108,0
-0.04162294874606019,-0.2835606213362799,0
0.006651372941470926,-0.5265234086503794,0
0.03477850076516387,-0.9106192306128547,0
-0.08481772268743537,-0.42418389450156885,0
-0.12645174864564993,0.14450700450326134,0
-0.1377563852891369,-0.3917383732680108,0
-0.0776829386027344,0.4332546940952642,0
-0.014270121412192348,-0.3855568498411783,0
0.07309427907362263,-1.0219885999577052,0
0.11779548018897043,2.543044608938728,0
0.09683055466817504,-0.48600036499779814,0
-0.030964264559428183,-0.12299120524520876,0
-0.1377563852891369,-0.3917383732680108,0
-0.1377563852891369,-0.3917383732680108,0
0.014984648661400504,-0.631217121480799,0
-0.06720209713348486,-0.108604052655101,0
0.5557518789116881,1.059426702130604,0
0.044672410763877526,2.475191372022504,0
-0.04352875590375895,-0.4721184649301113,0
0.0034913025376216334,1.5481304428588483,0
-0.007899881652119587,-0.6516321094583867,0
0.023441430968101546,0.7657661077747535,0
-0.1377563852891369,-0.3917383732680108,0
-0.015542724515314538,-0.434947606379767,0
-0.0373246321200021,-0.2536435396586192,0
0.023518569872648405,0.9189554143050497,0
-0.0035408396317138393,0.7348720606451333,0
-0.1377563852891369,-0.3917383732680108,0
-0.012259055729774322,-0.3705444136615844,0
0.01902714105139613,0.516033605488545,0
0.008352185800786612,0.6924971326362468,0
0.0038066363096713744,-0.18095991528591798,0
-0.006773369807733071,0.039350554483661926,0
-0.05108143007675943,0.5382854466364334,0
-0.016769555091553725,-0.48599019031355445,0
0.05656324861052041,-0.5429245908629324,0
0.048068551340107464,2.3862966429774,0
-0.1377563852891369,-0.3917383732680108,0
0.1258634526144939,-0.839718401282092,0
-0.03237215568449975,-0.32246634057294266,0
-0.00451133121192463,-0.7161235926948288,0
0.14026862198137352,-1.4762798996865758,0
-0.1377563852891369,-0.3917383732680108,0
0.07399859061908558,0.001695594461910086,0
-0.1377563852891369,-0.3917383732680108,0
-0.014458072197153773,-0.1393439089307123,0
-0.023099526908770103,0.14738049126695468,0
0.005591146346558059,0.0824530338233299,0
0.33169325640042313,6.369440528156365,0
0.3694113414727472,-1.3261400995239472,0
0.009603664412395001,1.4626111219946774,0
-0.020811262194551237,0.13112895145203282,0
-0.007187992002514148,1.163206099027393,0
-0.017414610870511625,0.38375289888474545,0
0.037913341279490725,-0.6139884500400091,0
-0.01477152155153392,-0.07990056344523777,0
0.023700633015329233,1.8814782140266297,0
-0.011170238277697656,-0.26402851726524657,0
-0.024874253113997474,0.1861293497029985,0
0.1810514876973438,-1.3748041225002054,0
0.013580856031203915,-0.5207798442065712,0
-0.07588859869651884,-0.027875928481239282,0
-0.07226483650412827,0.37411141380398366,0
-0.004030908925844055,0.8276249000107113,0
0.1456487921891316,-0.2036252083834597,0
-0.1302199608601456,-0.03424145475382931,0
0.22871886819382423,3.865870154954472,0
-0.1377563852891369,-0.3917383732680108,0
-0.04176724878708109,1.0476493061032415,0
0.015408496676833461,-0.47038358474417985,0
0.037154123137047274,-0.4457594516739073,0
0.03803995339650572,1.8631497950516456,0
-0.13398817307464125,-0.21298991401092005,0
0.07201271917906206,1.4910861915316431,0
-0.012281588892249007,-0.1129360859776673,0
-0.049636137736673296,0.5052846434787536,0
-0.03763349113080498,-0.5207392442031528,0
-0.006550122497855847,0.022775187750438335,0
-0.1377563852891369,-0.3917383732680108,0
0.07925454737699823,-0.970597103463589,0
0.031803400222214444,0.5284458332781705,0
0.056323817487607196,-0.28384132747816826,0
0.08693903213280711,-1.014022100897479,0
-0.13398817307464125,-0.21298991401092005,0
0.03758841856218694,-0.21915008929405536,0
0.01677329649441881,1.260646114016176,0
-0.0014613187313142156,-1.0778079481494065,0
-0.1377563852891369,-0.3917383732680108,0
-0.07781312696928475,0.40374341390251084,0
0.042578297837277124,-0.5351247828471036,0
0.11679027394783507,0.0890677418394372,0
0.11864384008021592,-0.35180450447740697,0
-0.008369545126791353,-0.17796448186680836,0
-0.04700998889489088,0.6185017259667931,0
0.04064832914671602,-0.5739641209224589,0
0.0069871268335356795,0.8177410513950756,0
0.13660382546944425,0.03945656159759542,0
-0.019337104722003496,-0.49821361764375127,0
0.2312675269063864,-0.8318404949082024,0
-0.03703138496037994,-0.46661145986513036,0
-0.017374289690968256,1.4483348831318743,0
-0.1377563852891369,-0.3917383732680108,0
-0.03184048864803542,-0.14724356703878527,0
-0.1377563852891369,-0.3917383732680108,0
-0.1377563852891369,-0.3917383732680108,0
-0.1377563852891369,-0.3917383732680108,0
0.02337056398559502,1.047467105554103,0
-0.004418912776413294,1.7019662445861563,0
-0.1025829327511652,-0.30687678543332336,0
0.08027143798546962,-1.2642508217641837,0
-0.020717176792481976,-0.4402006605435368,0
-0.1377563852891369,-0.3917383732680108,0
0.1110565923621529,1.1416367130513074,0
0.08270762863393213,-0.6492375500690862,0
-0.1377563852891369,-0.3917383732680108,0
-0.022012600647852695,-0.25008865496499133,0
0.2328006322062281,-1.9254559768287145,0
-0.012534144904315595,0.9063167338553737,0
-0.03188448278759102,-0.05606260870508603,0
-0.026012521125013198,1.1516237367887723,0
0.03146806815884058,-0.4010526926611079,0
-0.12268353643115426,0.3232554637603522,0
0.1473105921389577,4.049621169038415,0
-0.1377563852891369,-0.3917383732680108,0
-0.08260280501214326,0.24353434584083178,0
-0.1377563852891369,-0.3917383732680108,0
-0.0008609799592683031,0.35584881139169217,0
0.030715308793120427,0.13453175720493535,0
-0.036137468032650236,-0.2911859723501573,0
-0.058744922177966286,0.370610219229356,0
-0.06192148254606476,-0.21850114543127175,0
-0.1377563852891369,-0.3917383732680108,0
-0.03590294431071458,-0.3280333476803145,0
-0.1377563852891369,-0.3917383732680108,0
0.022130295312287915,-0.580630201131163,0
-0.12645174864564993,0.14450700450326134,0
-0.03721200355581516,-0.4511678714288457,0
0.10529594892560126,-1.3271419181125597,0
0.028194162605006377,0.3212470893083017,0
-0.12645174864564993,0.14450700450326134,0
-0.12645174864564993,0.14450700450326134,0
-0.12645174864564993,0.14450700450326134,0
-0.07529546443153287,0.07818568607270292,0
0.03802159888487712,-0.07116967144178281,0
0.04001615345795302,-0.12816572265259635,0
-0.09023939768487743,-0.34080100548987513,0
-0.1377563852891369,-0.3917383732680108,0
-0.03642089725566885,-0.6028935285356793,0
-0.014106918932507033,-0.5075169454028851,0
0.012752529413798518,-0.8304416010547366,0
0.07046198002372794,2.394863746799291,0
-0.07541013661449453,-0.47843619596260323,0
-0.1377563852891369,-0.3917383732680108,0
-0.1377563852891369,-0.3917383732680108,0
-0.1377563852891369,-0.3917383732680108,0
-0.1377563852891369,-0.3917383732680108,0
0.012406483539644542,-0.09732449013051749,0
0.05817039361394716,2.377237446727081,0
-0.1377563852891369,-0.3917383732680108,0
-0.1377563852891369,-0.3917383732680108,0
-0.1377563852891369,-0.3917383732680108,0
-0.1377563852891369,-0.3917383732680108,0
-0.1377563852891369,-0.3917383732680108,0
0.06191644710252415,2.416428495799242,0
0.048249817911073946,2.4902922670911103,0
0.012311612669651983,1.1318788352147264,0
-0.11981407815170173,-0.2187193493463725,0
-0.0342396909233772,0.3435421748301856,0
-0.057485844241365734,0.1745600618393517,0
0.08396535491065998,-0.6574699189101102,0
-0.1377563852891369,-0.3917383732680108,0
0.05343853157474023,-0.5134383415432824,0
0.032530761052494236,-0.4163420568690087,0
-0.1377563852891369,-0.3917383732680108,0
-0.1377563852891369,-0.3917383732680108,0
-0.005079882544816528,0.6262090741498618,0
0.01918382607947912,-0.4736187828834611,0
0.10266520399102208,3.3619070472967105,0
0.044672410763877526,2.475191372022504,0
0.12789241370665272,0.04112241338626428,0
-0.0992411942052133,0.10719373437514361,0
-0.05171011717479903,0.34927553109317766,0
-0.1377563852891369,-0.3917383732680108,0
-0.1377563852891369,-0.3917383732680108,0
-0.08926425945592913,-0.4685024504401638,0
-0.1377563852891369,-0.3917383732680108,0
0.017906071610848773,0.03630892844869631,0
-0.1377563852891369,-0.3917383732680108,0
0.16482520441430365,-0.20476821621433627,0
-0.13398817307464125,-0.21298991401092005,0
-0.013504522527986954,0.47469681256523577,0
0.058904106050715145,-0.03556723110112538,0
-0.1377563852891369,-0.3917383732680108,0
-0.03746775666411151,-0.07552395900544331,0
-0.1377563852891369,-0.3917383732680108,0
0.06243265925378449,3.0112137257802414,0
-0.1377563852891369,-0.3917383732680108,0
-0.1377563852891369,-0.3917383732680108,0
0.010651399238389436,-0.48652871003918574,0
0.1448316013616932,-0.6162337413751668,0
0.09349315557628038,0.47441337563992625,0
0.040391840010889975,-0.41605099615581104,0
0.08738857055560913,-0.41614266962324964,0
-0.1377563852891369,-0.3917383732680108,0
-0.1377563852891369,-0.3917383732680108,0
-0.1377563852891369,-0.3917383732680108,0
-0.05663867001021693,-0.3318205113549184,0
-0.1377563852891369,-0.3917383732680108,0
0.05668234801032693,-0.7847046594532646,0
0.19117398024715831,-1.3506177617846529,0
-0.1377563852891369,-0.3917383732680108,0
0.0020159997194678135,-0.641279338736981,0
0.08695852503577949,0.03492431096335821,0
0.14317255280764038,2.471788457235342,0
-0.1377563852891369,-0.3917383732680108,0
0.0527576922388091,-1.2858770494856373,0
-0.07096565872346743,0.12344767978298156,0
-0.1377563852891369,-0.3917383732680108,0
-0.1377563852891369,-0.3917383732680108,0
-0.04825104187398421,0.034751805189726176,0
0.05387671977097535,-0.02565370533336016,0
0.18973347184145328,-1.24806284692718,0
-0.08692931783761246,-0.3173324818408122,0
-0.05695538708622616,0.11567122758801783,0
-0.042255326587121854,0.3638998593256081,0
0.08019108282194513,0.5794455138941832,0
0.05074374013271687,-0.40003954909895056,0
-0.05005766042147577,-0.3467309391973616,0
-0.04498399391028182,0.819319107048594,0
-0.1377563852891369,-0.3917383732680108,0
-0.0007054831209277554,1.3896758327016179,0
0.1306291760463488,-1.7263259489414062,0
0.6100218256734263,-3.0371848153742453,0
-0.07360635927572345,-0.31939603589859294,0
0.14974673812242112,-1.7860278027869148,0
0.01617774122198785,0.15236759612081238,0
-0.01991013741260138,-0.4752646774465936,0
-0.1377563852891369,-0.3917383732680108,0
-0.044805178795812375,-0.026576494426955127,0
-0.05587115062270595,0.08250543347983798,0
-0.03598266448953331,0.4821826506988274,0
-0.1377563852891369,-0.3917383732680108,0
0.12742500502242543,3.2310753709285813,0
-0.0003891634371793559,1.667525499748312,0
-0.1377563852891369,-0.3917383732680108,0
0.04529714739417626,2.475169789053452,0
0.0836593736017029,-0.36163290039412854,0
-0.1377563852891369,-0.3917383732680108,0
-0.1377563852891369,-0.3917383732680108,0
0.3946420997683726,-3.302323870359307,0
-0.1377563852891369,-0.3917383732680108,0
-0.06316365296566913,-0.08607833485193991,0
0.010007716363009192,-0.7132355057556061,0
-0.1377563852891369,-0.3917383732680108,0
0.09459946697753123,0.9993411693521816,0
-0.011514003626400145,-0.6401030609568861,0
-0.0722116587879492,-0.14133768105164088,0
-0.05986862598056429,0.2775799772040795,0
-0.1377563852891369,-0.3917383732680108,0
-0.1377563852891369,-0.3917383732680108,0
-0.010347879146504202,-0.06232273543510637,0
-0.008998772854745887,1.4845253692033127,0
0.31323401073943063,-1.7642888844039966,0
-0.1377563852891369,-0.3917383732680108,0
-0.14152459750363255,-0.5704868325251016,0
0.017211883587870982,-0.22856755278465865,0
0.013486299078092154,0.0878355301983375,0
-0.1377563852891369,-0.3917383732680108,0
0.05289783712268931,-0.8990424321324948,0
-0.038602598859903005,0.8029396693777742,0
0.016346379549816523,1.4586155813164146,0
-0.1377563852891369,-0.3917383732680108,0
0.11804712992228983,1.5181889808247389,0
-0.004478121271692146,-0.3203079558112434,0
0.04144933032655376,-0.8263919757431287,0
-0.1377563852891369,-0.3917383732680108,0
0.02481978760381172,1.2741230791974776,0
0.08438625190784053,0.13400339600600275,0
0.25796359908401695,2.2316559627734773,0
0.07995328368839126,-0.9926757070223505,0
-0.11514711200216295,0.6807523822745337,0
-0.1377563852891369,-0.3917383732680108,0
-0.05216955913574736,0.908235001424848,0
0.00847102618404719,0.185679787587951,0
-0.1377563852891369,-0.3917383732680108,0
-0.1377563852891369,-0.3917383732680108,0
0.016480951321497073,1.9866388084154376,0
-0.017830576211519455,-0.05159536259016359,0
-0.05333409833830653,0.15232811441554917,0
0.26501672465430964,-2.2227444803291503,0
-0.1377563852891369,-0.3917383732680108,0
-0.1377563852891369,-0.3917383732680108,0
0.1499230861277738,0.08122182574723318,0
0.033666639817290504,0.023623524213501276,0
-0.1377563852891369,-0.3917383732680108,0
-0.05741564116164752,-0.1722753247331527,0
0.0485374636035704,1.9460986886778386,0
0.045727459885068836,1.575240612589289,0
0.5489899301910217,-3.2971160334936296,0
-0.06129957230474596,0.9531734398598537,0
-0.1377563852891369,-0.3917383732680108,0
-0.1377563852891369,-0.3917383732680108,0
0.04488065630731043,2.4751841776994867,0
0.00657976385516682,0.06940070533022553,0
-0.1377563852891369,-0.3917383732680108,0
-0.06148816763188256,-0.12251397753537817,0
-0.08518169479415082,0.3121434982973695,0
0.11332566472841227,-0.7090796288194354,0
0.16137009395863283,-0.2844194651993191,0
-0.03234679341854313,0.3202376870668204,0
0.2245048808057027,-0.460013049719657,0
-0.040471880860054064,0.05260958250294455,0
0.1366030431756767,-1.2329147205551898,0
-0.0346569915037574,0.060861236326890805,0
0.0921414920345633,-0.5381276127472111,0
-0.1377563852891369,-0.3917383732680108,0
-0.0504598994926368,0.5207262751557662,0
0.09320536561770623,-1.0709105870074929,0
0.11743930663993166,-0.7474329613585629,0
0.04298626556307803,-0.49280130961331575,0
0.015739338393126915,1.8420213889566632,0
0.04990572018344094,2.381841265860137,0
-0.1377563852891369,-0.3917383732680108,0
-0.014031907823715968,-0.13011988367472926,0
-0.1377563852891369,-0.3917383732680108,0
0.01736775952652422,-0.2154605855873868,0
-0.13398817307464125,-0.21298991401092005,0
-0.1377563852891369,-0.3917383732680108,0
-0.051695541530005926,0.0053694661105282955,0
0.05560815408180918,-0.44215897755996303,0
-0.01038526003325922,-0.2446840431919812,0
-0.015226297630426633,-0.24984322835369221,0
-0.1377563852891369,-0.3917383732680108,0
0.022668769898913532,2.094025658284894,0
0.0073535157034885145,-0.10693962139382898,0
0.10186744887398255,1.3652333022515122,0
0.0216975488703882,-0.18408364522197826,0
0.03312657606663752,-0.15805789435859932,0
0.038761257016915136,-0.7062654849053629,0
-0.012249091706982851,1.4735254201187775,0
0.08343039015057822,-0.5584318643104402,0
0.0851796731539158,-1.4957512107246682,0
0.016504037759614693,0.11791862124898644,0
-0.04060782956014063,0.5185551065102266,0
-0.029489929025251996,0.40348643998081446,0
0.014613015546200975,-0.07990596276832937,0
0.06831922203350048,-0.5240684525682819,0
0.19884675558808768,-1.3514308418639578,0
0.2531281048064382,-1.6614731916073415,0
-0.1377563852891369,-0.3917383732680108,0
-0.05665778465735354,-0.03198768822719496,0
-0.1377563852891369,-0.3917383732680108,0
0.044672410763877526,2.475191372022504,0
0.021959595998082636,-0.22948289020712687,0
-0.0005877566459602299,1.5177725210183373,0
0.0355038559192478,-0.9164491091373622,0
-0.1377563852891369,-0.3917383732680108,0
0.06228316460262908,-0.4441876904253256,0
0.004203713942809225,-0.5897259163413193,0
-0.1377563852891369,-0.3917383732680108,0
-0.06416286034412115,0.7550049866841276,0
-0.1377563852891369,-0.3917383732680108,0
-0.020455732350350433,-0.2483405037696452,0
0.03116158813625352,-0.32396232912526834,0
0.04216081744482588,2.3425971437755173,0
0.0415533717522737,1.3503101337468468,0
0.030668272296388334,1.1808130043073115,0
0.1083896055114595,-0.26182327140960754,0
-0.06285148005682838,0.003887820337249976,0
0.01832277252670509,-0.007016189412824117,0
0.06847768366641156,-0.5708607075548635,0
-0.1377563852891369,-0.3917383732680108,0
0.18670328947961895,-1.3447588654433549,0
0.02033600113219303,-0.12400833096013808,0
-0.05391224344798791,-0.13879566400932636,0
0.06469314406871329,1.6858623519225846,0
-0.1377563852891369,-0.3917383732680108,0
-0.06900380320826281,0.22757913548777614,0
-0.1377563852891369,-0.3917383732680108,0
-0.1377563852891369,-0.3917383732680108,0
0.08279372597955902,-0.8529001980908909,0
-0.1377563852891369,-0.3917383732680108,0
0.03329706724572156,-0.5901777876500852,0
0.07229483893725863,-0.8795412998172201,0
-0.021464771378080935,-0.2254954523058454,0
0.021002226295749965,-0.01827499333210655,0
-0.07812661192933933,-0.08648736114099509,0
0.024267946103192214,0.5003659231225877,0
-0.00968333237775931,1.459141905295812,0
0.057372486468803004,-1.0970274425854003,0
0.02649318914543731,-0.4012934471171962,0
0.09260690934192341,0.6035710571210801,0
-0.015464913973511742,0.1898258965618686,0
0.5033008161355137,3.0111508805232816,0
-0.0687450185535536,0.4893898358689569,0
-0.14152459750363255,-0.5704868325251016,0
0.01690808360113372,-0.2957534129686728,0
-0.006609697110600286,-0.34037836696747387,0
0.007194054135273929,-0.7550325395665142,0
0.08770172236487009,-1.1167924699471385,0
-0.08885846778535218,-0.2204682065404052,0
-0.01621528504610824,-0.9780989774856338,0
-0.012579339173649472,-0.8276458650110868,0
-0.0052133466403607555,-0.13390360383037792,0
0.06866382715179559,1.617200721777812,0
-0.1377563852891369,-0.3917383732680108,0
0.005699291547202934,-0.10686313245409895,0
-0.06945482910173931,0.3644116967871454,0
-0.004412375298518948,-0.5358001968314157,0
-0.1377563852891369,-0.3917383732680108,0
0.120390074492712,-1.5345099987092727,0
0.04488065630731043,2.4751841776994867,0
-0.1377563852891369,-0.3917383732680108,0
-0.01693170652469743,1.4632243912693048,0
-0.12645174864564993,0.14450700450326134,0
0.027820991031434865,-0.5015656037086684,0
0.05510448036822604,2.6537096129430418,0
-0.1377563852891369,-0.3917383732680108,0
-0.1377563852891369,-0.3917383732680108,0
-0.04942512849158281,-0.41290897987516667,0
-0.03708552559852806,0.37250025249118773,0
-0.0849936902699398,-0.5015539163130404,0
0.16394327880266946,4.049140770676819,0
0.05363520484676658,-1.0590958062695812,0
-0.010236896757664237,-0.25296969271885844,0
-0.1377563852891369,-0.3917383732680108,0
-0.1377563852891369,-0.3917383732680108,0
-0.035979667719606055,0.22212253931044523,0
-0.02532651894470977,0.21052228372134607,0
-0.03518798922891277,-0.013491564441306421,0
-0.14152459750363255,-0.5704868325251016,0
0.04552958662014816,-0.9884168199979023,0
-0.02060758961633715,-0.020478016028389178,0
-0.045264213987401734,-0.7108093261059164,0
0.12725832304567958,-1.4911344471878178,0
0.018834137925704566,-0.7813146751652225,0
-0.011199870367008922,-0.31266891433630023,0
0.03965219357431513,-0.5112467714708627,0
-0.0017176493254477856,0.1637224283697694,0
-0.035030372984756815,-0.2191668596556639,0
-0.01714974851148729,-0.23908326569285926,0
-0.13398817307464125,-0.21298991401092005,0
0.032213888085902725,2.0291546821039015,0
-0.1377563852891369,-0.3917383732680108,0
-0.1377563852891369,-0.3917383732680108,0
-0.05702747206426732,0.5373478776295861,0
0.0330769632150363,0.029921583757219202,0
-0.04337245665970658,-0.3057921185036548,0
1.2560436995554511,-3.8906298401501087,0
-0.1377563852891369,-0.3917383732680108,0
-0.1377563852891369,-0.3917383732680108,0
-0.1377563852891369,-0.3917383732680108,0
0.0015734687764320445,-0.8200425712809573,0
-0.1377563852891369,-0.3917383732680108,0
-0.1377563852891369,-0.3917383732680108,0
-0.029161317342067308,1.6458794074106784,0
0.02342062657563386,-0.31010629719915433,0
0.17954731941020047,-1.5140700488497447,0
-0.1377563852891369,-0.3917383732680108,0
-0.052422464320344614,-0.35480304863432255,0
-0.1377563852891369,-0.3917383732680108,0
0.16508116452094823,3.8664668186398568,0
-0.1377563852891369,-0.3917383732680108,0
-0.1377563852891369,-0.3917383732680108,0
-0.04410126906089215,0.7728317151671075,0
0.2544454977885202,-2.8164258005940352,0
-0.1377563852891369,-0.3917383732680108,0
-0.1377563852891369,-0.3917383732680108,0
0.1695446267175532,-1.039490434959406,0
-0.062111622545696396,0.23990661173201627,0
-0.14152459750363255,-0.5704868325251016,0
0.0997167480469131,1.9196569481741337,0
-0.014319174521101832,-0.6611213936104885,0
0.02747622168858095,2.1876106189119353,0
-0.035317077503217456,0.0872947024672975,0
0.10687765420393475,-0.13288978343457544,0
0.002846676657981781,-0.6207888582363082,0
-0.09829243738278955,-0.31601543841534785,0
-0.1377563852891369,-0.3917383732680108,0
-0.1377563852891369,-0.3917383732680108,0
0.03452335940468009,-1.145280482882296,0
-0.1377563852891369,-0.3917383732680108,0
-0.1377563852891369,-0.3917383732680108,0
0.023125991481101355,-0.9616720850973484,0
-0.1377563852891369,-0.3917383732680108,0
-0.1377563852891369,-0.3917383732680108,0
0.015351318568617232,1.037395257840263,0
-0.0780777753756807,-0.3157976805907932,0
0.11331663276507736,-0.36119999053929663,0
-0.1377563852891369,-0.3917383732680108,0
0.062205406215207,0.41679842506683495,0
0.0062640178877054024,-0.03528907383054107,0
-0.1377563852891369,-0.3917383732680108,0
0.2067916339177133,-2.1993576275802282,0
-0.1377563852891369,-0.3917383732680108,0
-0.0009760901733591079,-0.6617591270992628,0
-0.1377563852891369,-0.3917383732680108,0
0.18149173149194003,-1.883135890917673,0
0.3539409045216299,-3.3343148851325237,0
0.011027109683451634,-0.3176688390374223,0
-0.013510658318001752,-0.7337582507619742,0
-0.026949320468524884,0.8147542605249386,0
0.01713800442958565,-0.6037199437344635,0
-0.1377563852891369,-0.3917383732680108,0
0.04039433804401024,-0.5141185746846962,0
-0.1377563852891369,-0.3917383732680108,0
0.017547730552980395,-0.33697490749242986,0
0.1063130916200166,2.473061852409396,0
-0.03511840177268434,-0.17785943037811552,0
0.023511530846228406,-0.8665898676569901,0
-0.054318784389954564,0.8967246048211984,0
0.05278940471299524,-1.56712350004434,0
-0.1377563852891369,-0.3917383732680108,0
0.14599739882518303,3.908102287402064,0
0.010745131958952436,-0.36883574205459224,0
-0.1377563852891369,-0.3917383732680108,0
-0.01266991400846824,-0.22088549814424477,0
-0.1377563852891369,-0.3917383732680108,0
-0.1377563852891369,-0.3917383732680108,0
-0.037639545819062814,1.1785347291212307,0
-0.1377563852891369,-0.3917383732680108,0
-0.06619569711036372,0.076103152482573,0
0.06254616856912061,-0.9827945911432486,0
-0.022132050015159273,0.22208271103769517,0
-0.03256291607935815,-0.5955196305526635,0
-0.018224018725847013,0.2079948778129369,0
-0.05740103519351514,0.554200159776592,0
0.05818532811376253,0.80207505322173,0
-0.1377563852891369,-0.3917383732680108,0
0.03114501607492206,-1.0295665934320197,0
-0.009170101043548751,-0.3154347344505056,0
0.012577655142903798,1.0764343363383024,0
-0.1377563852891369,-0.3917383732680108,0
0.08959442872330418,-1.8288805049649028,0
-0.03675342019244635,0.1812202260209102,0
-0.14152459750363255,-0.5704868325251016,0
-0.05096831528940306,0.2105715827952836,0
-0.1377563852891369,-0.3917383732680108,0
-0.1377563852891369,-0.3917383732680108,0
0.007323006081910964,-0.1208447337359824,0
-0.031052552034888114,-0.0568520192864791,0
-0.1377563852891369,-0.3917383732680108,0
-0.0400211320314043,-0.6117780975517066,0
-0.04838318474271382,0.010556730518348335,0
-0.1377563852891369,-0.3917383732680108,0
0.019491808866464642,-0.2822883170812881,0
-0.08633526882553892,-0.5359834838398206,0
0.08892436850233812,-0.8041941902996125,0
0.044672410763877526,2.475191372022504,0
-0.053142016613280336,-0.507590357172407,0
0.04594126832331975,-0.591068580601986,0
0.03308604647781483,0.23130273387863448,0
-0.1377563852891369,-0.3917383732680108,0
0.04297743020073305,-0.4554275068568846,0
-0.03463913944330115,0.5495405588503207,0
-0.03617623533544624,-0.12215845534449953,0
-0.1377563852891369,-0.3917383732680108,0
-0.1377563852891369,-0.3917383732680108,0
-0.1377563852891369,-0.3917383732680108,0
0.2380723875716373,-1.9111870292726825,0
0.10022452404676024,3.2285869963429805,0
-0.13398817307464125,-0.21298991401092005,0
0.06659397379158963,-0.6909044198469076,0
-0.1377563852891369,-0.3917383732680108,0
-0.057100788432974295,0.8097681265299158,0
-0.1377563852891369,-0.3917383732680108,0
0.00332216495589554,-0.2443572532428131,0
0.1169742499523786,-1.3885942149901571,0
-0.004003219991049345,0.22055606793127913,0
-0.1377563852891369,-0.3917383732680108,0
-0.06997660191757853,-0.27060639768316497,0
-0.03549272014653329,-0.28205093985593227,0
-0.1377563852891369,-0.3917383732680108,0
-0.05656730062769983,0.7443447597417687,0
0.07760752762767202,-1.1371964375350874,0
-0.0594441808840767,-0.1352460721431019,0
0.09070612385864843,0.8505924384275082,0
-0.1377563852891369,-0.3917383732680108,0
0.004217261310788652,0.4976447753937757,0
-0.003774703494165307,-0.8273010300591251,0
0.011975822940674887,0.0668940214300776,0
-0.05625386766971451,-0.24262499254379888,0
-0.14152459750363255,-0.5704868325251016,0
0.02839115638162534,-0.6764935841162042,0
-0.14152459750363255,-0.5704868325251016,0
-0.043106771604732454,0.20625172580739592,0
0.013285453840857747,-0.810406944553373,0
0.10045724888449784,-1.2977669695118725,0
-0.1377563852891369,-0.3917383732680108,0
0.005193733811491142,1.3082823034937252,0
-0.056114569859726876,0.09906768831856025,0
-0.03269664143187323,-0.3311405745565218,0
-0.1377563852891369,-0.3917383732680108,0
0.9780488774981483,1.741880193893347,0
0.11711768452724859,-1.3233517090404476,0
-0.015357903550916756,-0.8554817855218029,0
-0.1377563852891369,-0.3917383732680108,0
0.09334235319894213,-0.5844192723450164,0
0.07293068159384396,-1.226436007449232,0
-0.07976847404967159,0.173100208816239,0
-0.03009544708114087,0.060613306400761305,0
-0.030950516412137724,0.13304582330484452,0
0.040798627234772546,-0.6542316938495554,0
0.01591617605838088,-0.4763224297958544,0
-0.1377563852891369,-0.3917383732680108,0
-0.1377563852891369,-0.3917383732680108,0
-0.07068384906724849,-0.5426837508105681,0
-0.09383324435359112,-0.21706899608596356,0
0.0665044521239254,-1.6013191348759692,0
-0.06090943047803261,0.2625293919545883,0
0.11061770967626859,2.5296406438005143,0
-0.01291875691298542,-0.953920810793102,0
0.19297363237508572,-0.849954003902192,0
-0.1377563852891369,-0.3917383732680108,0
-0.1377563852891369,-0.3917383732680108,0
-0.1377563852891369,-0.3917383732680108,0
-0.06423438934906281,0.7143501350700019,0
-0.020295454416948928,1.1799726519060059,0
-0.020190056259181834,-0.46674254702502144,0
-0.02001542448490721,0.4727427964707498,0
-0.1377563852891369,-0.3917383732680108,0
-0.011492892001988015,-0.20580559801742881,0
-0.03341520490632843,0.4290741305194046,0
-0.012128813735227275,-0.024807683175691698,0
-0.060211916340339254,-0.3772077816389353,0
-0.03286967590899159,-0.2867954073897596,0
-0.04384940456491253,-0.267246955515772,0
-0.1377563852891369,-0.3917383732680108,0
0.09335440912616577,-1.0664121683554435,0
0.03824226301082966,-0.6428086581426508,0
-0.04088195158458925,-0.5471873011597274,0
-0.05254476823013626,0.1348556126150105,0
-0.01943519258889017,-0.5867903107502843,0
-0.1377563852891369,-0.3917383732680108,0
-0.03848400657975351,-0.2634910807822752,0
-0.1377563852891369,-0.3917383732680108,0
-0.05359663027393768,0.38551478005357215,0
-0.011154843357283761,-0.5162167372910322,0
-0.006351868762430999,-0.29199599420208067,0
-0.0844120691783511,0.35929707986306963,0
-0.1377563852891369,-0.3917383732680108,0
-0.015860364332811773,-0.4292388509870524,0
-0.1377563852891369,-0.3917383732680108,0
0.012206171998282613,0.8066508568307681,0
-0.004418912776413294,1.7019662445861563,0
0.04376045146591585,-0.4148397609942899,0
-0.1377563852891369,-0.3917383732680108,0
0.03717318049995962,-0.1756283533816068,0
-0.03208075667295106,0.8924818264215099,0
0.015517567640662939,-1.4445765444323742,0
0.00427345386256667,-0.036070017852718454,0
-0.1377563852891369,-0.3917383732680108,0
-0.0530722684158404,0.0397959859489066,0
0.06397587757680322,-1.149319397185587,0
-0.019640324444502887,1.4294111248471069,0
0.020155442328173314,1.4084554489565677,0
-0.04100585984308572,-0.026123164250560448,0
-0.1377563852891369,-0.3917383732680108,0
-0.1377563852891369,-0.3917383732680108,0
-0.007149380570918762,-0.12428582194514534,0
-0.1377563852891369,-0.3917383732680108,0
-0.1377563852891369,-0.3917383732680108,0
0.019947204941318145,2.075696541102402,0
-0.1377563852891369,-0.3917383732680108,0
-0.1377563852891369,-0.3917383732680108,0
0.065858100277219,2.7556899545939575,0
-0.021203380937723747,0.7721939026096131,0
-0.0941518345096129,0.26012750737583396,0
-0.05960015485550544,-0.2889296097075049,0
-0.031126635708507707,0.42171479043001564,0
0.10177002702686927,-1.6680406574070945,0
0.0570277580693313,0.26504839342251973,0
-0.015779879871478955,-0.05086137261513663,0
0.14688933258406967,4.064593095649494,0
-0.001955425954982085,-0.10112708880435681,0
0.005315453387234409,1.6489035100994502,0
-0.07265810318393459,-0.40516520742540174,0
-0.1377563852891369,-0.3917383732680108,0
-0.1377563852891369,-0.3917383732680108,0
-0.024438282869941732,1.3303640803438253,0
0.04508890185074333,2.475176983376469,0
0.02057745651747634,-0.5998011887318155,0
-0.03698376726269245,-0.6554221972549771,0
-0.0698804780629256,-0.2342892066071626,0
-0.1377563852891369,-0.3917383732680108,0
-0.1377563852891369,-0.3917383732680108,0
0.08270019333077955,2.1228309294442758,0
-0.02118699862329575,1.2624049501869468,0
0.02085121634434852,2.455891316269431,0
-0.013419916442692085,-0.2879048508179619,0
-0.1377563852891369,-0.3917383732680108,0
-0.05614054160333386,0.9628580344292882,0
-0.035822716144617475,1.8937871164901334,0
-0.1377563852891369,-0.3917383732680108,0
-0.1377563852891369,-0.3917383732680108,0
-0.0343354331961764,-0.4430507473506226,0
0.07105463799073898,-1.2655512983561574,0
-0.1377563852891369,-0.3917383732680108,0
-0.062483254269091675,0.24160793788576002,0
-0.1377563852891369,-0.3917383732680108,0
-0.1377563852891369,-0.3917383732680108,0
0.025524946832599628,0.4168427041876124,0
-0.07852831133884937,0.2843227990464308,0
-0.05468672910186469,0.7494403006026147,0
-0.03795528004843026,-0.17432985734944006,0
-0.005008595557558007,-0.21805399374397297,0
-0.02647659582051327,-0.3287522589934754,0
-0.026738245134162446,0.09987228100726012,0
-0.048335340661842564,-0.21368194613783062,0
-0.1377563852891369,-0.3917383732680108,0
0.01871157565542004,-0.9514606249044328,0
-0.04730701782843682,-0.4339406902508794,0
-0.04378062642563455,-0.20118145181204225,0
-0.04775477867437722,0.48392092702015876,0
0.1594597518505199,-2.257680969994711,0
-0.1377563852891369,-0.3917383732680108,0
-0.022319464839742075,0.4541682234103285,0
-0.03243969520272909,0.33589299371161346,0
-0.1377563852891369,-0.3917383732680108,0
-0.02245284903129475,0.4074647100251015,0
-0.014754924534104678,0.6345955852408731,0
-0.06360921990716176,-0.35888525539972155,0
-0.03022402215447848,0.44401433154782577,0
-0.028660728440692965,1.1332590395343944,0
-0.041073608820228466,0.38387435312236284,0
-0.0010952834624690902,-0.8244150461003521,0
-0.019716766540017604,0.12567736435759744,0
0.000561870505207651,0.5912628845296738,0
0.05792644798841031,-1.2902686423889234,0
-0.1377563852891369,-0.3917383732680108,0
-0.05796811185939606,0.6629742641768236,0
-0.04826884315598835,0.5254904697801437,0
-0.047099587223906836,0.7463618616397175,0
-0.1377563852891369,-0.3917383732680108,0
-0.030076277173919985,0.04074454375516359,0
0.06576144801172765,2.2361222728163197,0
-0.043736315923311175,-0.06069626868423148,0
-0.0317125857539996,0.8567750447658069,0
-0.1377563852891369,-0.3917383732680108,0
0.005612843498429171,-0.4669874120441357,0
-0.05142496674838739,-0.09669345802348481,0
0.14701879061854173,4.049629597079848,0
0.13466506328621292,-1.9776002569875264,0
-0.07038396482394223,0.16442556536923453,0
-0.1377563852891369,-0.3917383732680108,0
-0.14152459750363255,-0.5704868325251016,0
0.03782300091582148,-0.7781376929444128,0
-0.1377563852891369,-0.3917383732680108,0
-0.1377563852891369,-0.3917383732680108,0
-0.0009266627192097379,-0.058165055873511895,0
-0.1377563852891369,-0.3917383732680108,0
-0.1377563852891369,-0.3917383732680108,0
0.11891655933598365,0.3993572998340119,0
0.013579939182900357,-0.5381962374264967,0
-0.1377563852891369,-0.3917383732680108,0
-0.1377563852891369,-0.3917383732680108,0
-0.1377563852891369,-0.3917383732680108,0
-0.1377563852891369,-0.3917383732680108,0
-0.055735640262897394,-0.10028250180574806,0
0.21062083297869733,6.194080141554751,0
0.036696465416811465,-0.7655158099339577,0
-0.1009542253332517,-0.18976978543506473,0
-0.07454570266084022,-0.5975553202196572,0
-0.03031027744921846,0.18266985342735564,0
-0.1377563852891369,-0.3917383732680108,0
-0.1377563852891369,-0.3917383732680108,0
-0.1377563852891369,-0.3917383732680108,0
-0.1377563852891369,-0.3917383732680108,0
-0.016856585621990845,-0.25557113637481965,0
-0.1377563852891369,-0.3917383732680108,0
0.11874674464192415,-1.3785190302479118,0
-0.1377563852891369,-0.3917383732680108,0
0.13453185566792303,-2.3060377143429562,0
0.004945434308467505,-0.4465132880443398,0
-0.1377563852891369,-0.3917383732680108,0
-0.025318015576511577,-0.46894505322325813,0
0.0017948188284460577,-0.22825584850037517,0
0.0031820523898510515,0.5625202075134362,0
-0.1377563852891369,-0.3917383732680108,0
0.029207131503822068,0.24830675901444946,0
0.15137060587386936,4.228361200254076,0
0.01293324227891381,-1.0203281321409177,0
-0.0769768682462964,0.09237569933391328,0
0.5377741894390917,0.37843947804630335,0
0.02398855268129385,-0.1360161172828627,0
-0.01763180434641177,-0.3599804981816743,0
-0.037372515374925794,0.17795670080723416,0
-0.06412778866873196,0.8705663333979357,0
0.08986899166526668,0.7081026861845306,0
-0.0354846358080241,0.4264610725421698,0
-0.09767067559020667,-0.05808563620354847,0
-0.1377563852891369,-0.3917383732680108,0
-0.1377563852891369,-0.3917383732680108,0
-0.03248790666352451,-0.21095504764247605,0
-0.012784318719132713,-0.6762424678190815,0
0.04358313074259863,-0.02138067449891978,0
-0.010999063405902572,-1.0952924096700907,0
-0.10384247535867598,1.216997760045806,0
0.1008853171514133,0.06068604311666413,0
0.039959369927833395,-0.7358263484354394,0
-0.1377563852891369,-0.3917383732680108,0
0.15572824807537974,-2.1200325994440505,0
0.33501692497007296,-3.139539554512062,0
0.1912764300870966,-2.0405343578454684,0
0.11169076796092207,3.430089122380648,0
-0.1377563852891369,-0.3917383732680108,0
0.15631664944980087,4.429287575593395,0
-0.058862071991520964,0.7139403847618437,0
-0.040201565128116276,-0.5913180987666046,0
-0.1377563852891369,-0.3917383732680108,0
-0.1377563852891369,-0.3917383732680108,0
-0.1377563852891369,-0.3917383732680108,0
-0.015385725553827069,1.1542668465477792,0
0.2157905088257515,-1.1244748079785853,0
0.3598924896565573,4.016609938529435,0
0.056547911696272914,1.348556997851745,0
-0.1377563852891369,-0.3917383732680108,0
0.027489245978770442,-0.8890358657296841,0
-0.040085427964760945,0.09127134057196058,0
-0.06233524904692766,0.22146402015775984,0
0.10011673786395091,-0.382421348985156,0
-0.1377563852891369,-0.3917383732680108,0
0.4764472114260089,-4.865515453130293,0
-0.04042952877695793,-0.26577661146360493,0
0.004012290119964415,-0.004554651166350235,0
-0.014078833049165431,0.01448062897022134,0
-0.1377563852891369,-0.3917383732680108,0
0.007073754103410105,-0.011874797985664503,0
-0.03895557042680181,-0.11584879698499427,0
0.09969018058551288,-1.6619419972641911,0
0.031563711788467355,-0.36884528448750054,0
-0.07760308470014896,-0.4162370424631994,0
-0.07116877857834807,-0.15614720973797208,0
-0.0063969738044110085,1.2770030432705692,0
0.1426269859081553,3.1873218684899993,0
0.014134547959567586,-0.281196679820889,0
-0.1377563852891369,-0.3917383732680108,0
-0.03509465555917988,0.6141488121620596,0
-0.1377563852891369,-0.3917383732680108,0
0.137409354015585,-0.3421275562315179,0
-0.1377563852891369,-0.3917383732680108,0
0.0605194193431177,2.1307327510361236,0
0.0925922821060715,-0.5742023113569662,0
-0.0683598424551867,-0.01653260806106831,0
-0.06736099650326029,0.3257970490048163,0
-0.04258653094303625,-0.3575005253425211,0
0.12855285125848445,-0.3352854479141192,0
-0.02143903641468042,-0.37533026853945145,0
-0.023855776211046346,-0.08729107702407143,0
0.1673845936117763,-0.9951634370130904,0
0.1359023205674822,-1.4852183816550784,0
-0.1377563852891369,-0.3917383732680108,0
0.0038094817568447687,-0.3293949062505525,0
-0.05507118779280037,0.09299941199111962,0
0.04488065630731043,2.4751841776994867,0
0.028966538617025257,-1.1425900840427035,0
0.10061937845843368,-1.1917411971280234,0
-0.1377563852891369,-0.3917383732680108,0
0.07103248285248456,0.8150898165498836,0
-0.1377563852891369,-0.3917383732680108,0
0.2783441794157254,0.08482296413352745,0
-0.1377563852891369,-0.3917383732680108,0
-0.004067975754948935,-0.7531170084445178,0
-0.05335720372733931,-0.026072844845322175,0
0.01883662770433156,0.265843822655597,0
-0.1377563852891369,-0.3917383732680108,0
-0.05500320090005598,0.49039951256705633,0
-0.037639545819062814,1.1785347291212307,0
0.000796075574202685,-0.4024447513046477,0
-0.01937404157463715,-0.744822929649935,0
-0.07055053030083226,-0.3736508002021837,0
-0.1377563852891369,-0.3917383732680108,0
-0.1377563852891369,-0.3917383732680108,0
0.050239591461299714,-1.100441117205541,0
-0.035096048907309545,-0.11094364734530132,0
-0.1377563852891369,-0.3917383732680108,0
-0.14152459750363255,-0.5704868325251016,0
-0.1377563852891369,-0.3917383732680108,0
-0.05813742310478804,0.12375172122191193,0
0.0030196604272533533,-0.06950890414508602,0
0.07974496758517322,0.9545105269219523,0
-0.00978224432858592,-0.57240385213784,0
-0.1377563852891369,-0.3917383732680108,0
-0.08650047141973674,-0.13353352052248735,0
-0.1377563852891369,-0.3917383732680108,0
0.007194134655508791,0.515261644894919,0
-0.01858131964380191,0.08540009777514863,0
0.0011389135473337771,-0.030206703627600768,0
0.010928416058941173,-0.6262308477650675,0
-0.1377563852891369,-0.3917383732680108,0
-0.1377563852891369,-0.3917383732680108,0
0.06897399327028736,-1.1911724133275696,0
-0.1377563852891369,-0.3917383732680108,0
0.02098297064680622,-0.6516391649897754,0
-0.042976521665566744,-0.437770686666679,0
0.0024312090615037575,-0.28325817038482143,0
0.01903887057748212,-0.47434247134535074,0
0.04067912327842984,0.4234304213043095,0
-0.1377563852891369,-0.3917383732680108,0
-0.09633545369096491,0.2005666207655264,0
-0.1377563852891369,-0.3917383732680108,0
-0.1377563852891369,-0.3917383732680108,0
0.008825834996952659,0.08682705589251517,0
0.19873687622080133,0.022621825293656455,0
-0.028093034403886625,1.135278537936796,0
0.015041546999830322,-0.23309935063915604,0
0.03195122174306349,-0.24266687370766615,0
0.18786565893151538,5.121593600032921,0
0.2406577169590702,-0.7244132125311286,0
-0.10656781432787314,-0.03435801773913149,0
0.028527512164808484,1.8727313856781869,0
0.07869701828976639,-0.7154004616831312,0
0.07998274395535353,0.5381564027446133,0
-0.05302030807044812,-0.522104604427269,0
0.11570583205975071,-0.1936394386365482,0
-0.056544744285819876,-0.18533806997807775,0
-0.016590423355649215,-0.1943765882730563,0
0.3696825073051893,1.87054144989116,0
-0.002875066277145208,-0.08411171114179679,0
0.0023454586182955167,-0.3292678842188174,0
0.019008700351330534,-0.41322334758359414,0
0.10058757704811289,-0.9669593063272713,0
0.1413956032617922,1.4122815271145976,0
0.009935543499304403,0.4954022700751288,0
-0.02751598545695945,-0.3516444581227599,0
0.07899372446624196,-0.5265793259565914,0
-0.022384768183256257,-0.5953983144330659,0
-0.044548647496688056,-0.34977513534156995,0
0.062243034177309066,-1.2186063870874253,0
-0.004446112638110309,-0.47564513064235847,0
-0.012798231220988289,-0.381010608290795,0
-0.1377563852891369,-0.3917383732680108,0
-0.11505072157171023,-0.14839933816599268,0
-0.1377563852891369,-0.3917383732680108,0
0.14280289133237042,-1.2212347108063315,0
-0.04902814742695955,-0.2800844952761299,0
-0.02260996858394135,1.200118576995164,0
0.06031556274496017,2.673039483112992,0
-0.03871481558265108,0.0762617858663842,0
0.08617359039767582,-1.5758382157702167,0
-0.0025920932041215306,-0.4125029528053344,0
0.10702345282291019,0.9932296191725025,0
-0.084745508392566,0.2800123283846545,0
-0.1377563852891369,-0.3917383732680108,0
-0.03686312212698637,-0.2282478145300867,0
-0.05965474689112673,0.0068549530464670745,0
-0.0387051843908153,0.02371701127894318,0
-0.1377563852891369,-0.3917383732680108,0
-0.1377563852891369,-0.3917383732680108,0
-0.13398817307464125,-0.21298991401092005,0
-0.12645174864564993,0.14450700450326134,0
-0.013078619459048153,0.013007901423095613,0
-0.07804279649810739,-0.04827992331297298,0
-0.1377563852891369,-0.3917383732680108,0
-0.02194624984121521,-0.6261567236337785,0
0.1025960127992101,-0.8999095123481535,0
0.1256583864761203,-0.8019965319708375,0
-0.1377563852891369,-0.3917383732680108,0
0.3196208989902237,-1.498899743515684,0
0.02286196475044271,-0.5831445442444052,0
0.020133037854255763,-0.6409391643820196,0
-0.09303920550067435,0.2887176181348676,0
-0.026233524706352374,-0.17550896794038384,0
0.044672410763877526,2.475191372022504,0
0.14534655417815234,4.775165302217176,0
-0.1377563852891369,-0.3917383732680108,0
-0.1377563852891369,-0.3917383732680108,0
0.17411718615045377,-0.7404973499009928,0
0.2686651091683442,-2.712477387281173,0
-0.04607947881194706,-0.5097197809324462,0
-0.003645931817746623,0.3547795255520652,0
-0.04885916078516132,0.6013747990391629,0
0.03965881736464253,-0.3886570298265869,0
-0.08082021201280414,-0.025130392954872207,0
-0.1377563852891369,-0.3917383732680108,0
-0.041756801894622726,-0.22073486146173943,0
0.02633807871974562,-0.2762505119020429,0
-0.1377563852891369,-0.3917383732680108,0
-0.014225640061928155,-0.20164696334510204,0
0.030859332970464858,-0.7851024294881499,0
-0.0008593787355541294,-1.1668304835868117,0
-0.1377563852891369,-0.3917383732680108,0
0.1653253972732257,-1.8523193656802344,0
0.044672410763877526,2.475191372022504,0
0.11260207557681721,-1.5605482924790788,0
-0.1377563852891369,-0.3917383732680108,0
0.029036792119039756,0.5736802698108362,0
0.07338016629580367,-1.007596962370926,0
0.04529714739417626,2.475169789053452,0
-0.05946546272012286,0.5854638061495497,0
-0.040286493943627946,0.9294308089036873,0
-0.1377563852891369,-0.3917383732680108,0
-0.1302199608601456,-0.03424145475382931,0
0.06287356685616734,1.4405909449577676,0
-0.1377563852891369,-0.3917383732680108,0
0.05583020919062402,0.37860524112753735,0
0.11187361538028089,2.1248554830755446,0
0.1244295287051067,-1.860012211886181,0
-0.1377563852891369,-0.3917383732680108,0
0.15508473063712605,-1.3130113673785164,0
-0.1377563852891369,-0.3917383732680108,0
0.045539476725155764,-0.33182179087905433,0
0.09502373571639117,-1.154356613018683,0
0.20582881702435646,-2.207519809799021,0
-0.017107702320496215,0.2234834245260503,0
0.010154795887647092,-0.1523081121695583,0
0.04864886852180609,2.6539326369565774,0
-0.030764608982525005,-0.562085508757143,0
-0.13398817307464125,-0.21298991401092005,0
-0.0034368826751108757,-0.31379565301827295,0
-0.1377563852891369,-0.3917383732680108,0
-0.1377563852891369,-0.3917383732680108,0
-0.1377563852891369,-0.3917383732680108,0
-0.014199698302571721,-0.4868539768442017,0
-0.055841396441677495,-0.03791547540723343,0
0.0757050920092721,-1.0937741597429451,0
0.024730432272582002,-0.8437244709773154,0
0.04679788323312161,2.0129732609026676,0
0.029647763341415244,-0.1437628533443482,0
0.1515340409230668,0.37954072820598045,0
-0.0008420009670285145,0.09597596811747315,0
0.07667731298142637,-0.36686615892674984,0
-0.028263600318375538,-0.09273485127605777,0
-0.012613712329880301,0.15528915503750226,0
0.0020823416491971697,-0.640673547767674,0
0.048440622978373184,2.6539398312795948,0
0.03392240350064598,0.22060066290616837,0
0.054931313503883625,-0.9730188569691907,0
0.15408619528126236,-1.5662467706978167,0
-0.1377563852891369,-0.3917383732680108,0
1.1152928756265732,2.29006009044251,0
-0.06108446773105677,0.5814756079124414,0
0.010289160431494917,-0.5940569157511942,0
0.06789160564231553,-0.6627780579242077,0
-0.08653696502694629,0.14973970540134238,0
-0.1377563852891369,-0.3917383732680108,0
0.06323920801296479,1.9469964281658443,0
-0.019270825305511368,1.2097406861563411,0
0.0028811786635835304,-0.2470284318458536,0
-0.016435095847366413,-0.6642566988606656,0
-0.1377563852891369,-0.3917383732680108,0
0.044713070317230284,-0.9334841203543842,0
-0.1377563852891369,-0.3917383732680108,0
-0.1377563852891369,-0.3917383732680108,0
-0.02238267466630902,-0.02328925072862829,0
-0.1377563852891369,-0.3917383732680108,0
-0.016366048029356834,1.4500049046215835,0
-0.00552690081596735,-0.25738151507564055,0
-0.1377563852891369,-0.3917383732680108,0
0.015339582523085649,0.03267818947816348,0
0.07045310312720143,-0.9305144463519615,0
0.006352925971107154,-0.18848742369269778,0
-0.1377563852891369,-0.3917383732680108,0
-0.0434029827889504,0.6246285127425575,0
-0.033933715558928663,0.6017547868199603,0
0.09528185721337802,-1.0642230607871008,0
-0.04478423523744971,0.09040145144625254,0
-0.1377563852891369,-0.3917383732680108,0
-0.13398817307464125,-0.21298991401092005,0
-0.059126500042821065,0.24352672601774694,0
-0.14152459750363255,-0.5704868325251016,0
0.003609174767169468,1.798101004408067,0
0.16959640806668175,-0.46000948592458085,0
-0.027828677473461218,0.940524230390916,0
-0.1377563852891369,-0.3917383732680108,0
-0.1377563852891369,-0.3917383732680108,0
-0.1377563852891369,-0.3917383732680108,0
0.13864298145698664,-1.6980474032932213,0
-0.028201551063096696,-0.16135120504188966,0
0.01637710136424741,-0.3059555647512007,0
-0.1377563852891369,-0.3917383732680108,0
0.06134704854284229,-0.25822654050697097,0
0.049656433726587935,-0.5354675648571295,0
0.2009534504404825,-0.9118984988233266,0
-0.1377563852891369,-0.3917383732680108,0
0.18831281233587616,-1.7404286056568365,0
0.28587477797145505,-2.060135639741241,0
0.18883033073350605,-1.2774625181953132,0
0.10816255810431828,1.438980538836361,0
-0.00033092929230657146,1.4511188006920392,0
0.06854776098620771,-0.7238961856846143,0
-0.03226946873401013,-0.253858763023197,0
0.030687751123353577,-0.40685146711485654,0
-0.03724105491933982,-0.2674058658842785,0
0.012585631857695359,-0.8108307491554047,0
0.02236651779491807,-0.03741659169484174,0
-0.1377563852891369,-0.3917383732680108,0
-0.012656716777052181,0.7587379347942359,0
-0.1377563852891369,-0.3917383732680108,0
-0.13398817307464125,-0.21298991401092005,0
-0.025607861541117785,-0.4174074481433849,0
-0.06451990026921775,0.595981470767118,0
-0.017599517317225092,-0.4598807233053411,0
-0.1377563852891369,-0.3917383732680108,0
0.040065599391382635,-1.3465581002563458,0
-0.012685830374345017,-0.3660215062155938,0
-0.014337779039911347,0.04987791014054537,0
-0.05351983879797182,-0.5082624567019776,0
-0.13398817307464125,-0.21298991401092005,0
-0.03788238798809237,-0.29482545045311104,0
0.02905579917946627,-0.8035330214718449,0
-0.1377563852891369,-0.3917383732680108,0
0.08329281893214392,2.008367771130881,0
-0.14152459750363255,-0.5704868325251016,0
-0.013574536055327033,1.3471310588030065,0
0.005220409465505427,-0.3586046337708846,0
0.3712049988591106,-3.5329081234326916,0
0.08560939296876653,-0.15161369200842334,0
-0.1377563852891369,-0.3917383732680108,0
-0.13398817307464125,-0.21298991401092005,0
-0.1377563852891369,-0.3917383732680108,0
-0.02069191868772118,-0.7616883441873052,0
-0.1377563852891369,-0.3917383732680108,0
0.24411982370503932,1.0713231129483967,0
0.03611954588516112,1.9256424938512868,0
0.1741634725406063,1.367846133558666,0
0.016532901688171422,-0.3814185088285864,0
-0.049487554488800344,-0.7407849461355314,0
-0.04271669644340037,0.6208645962691236,0
0.06938006993996888,-0.4865756925048049,0
0.004928005635878115,-0.5648754179510657,0
-0.08260793280812784,0.15960371566414694,0
-0.1377563852891369,-0.3917383732680108,0
-0.03765180045398388,0.16122983705974686,0
-0.022736459293765325,0.06256319605727645,0
-0.01841620519980162,0.6795824090400668,0
-0.016358756471220127,-0.3710755748371219,0
-0.004944509457498274,-0.13496003277904425,0
0.2964258988207569,-2.9128982860294492,0
0.009143365812327732,-0.3223575273474846,0
-0.03433730593818337,0.1263511192475507,0
0.021777216952486717,-1.4023514723598283,0
-0.0065980361491161784,0.2283924913667162,0
-0.1377563852891369,-0.3917383732680108,0
-0.1377563852891369,-0.3917383732680108,0
0.014498386078029883,-0.5533583136494391,0
-0.1377563852891369,-0.3917383732680108,0
-0.08936423736379144,-0.041956931280719235,0
-0.1058590999343602,-0.010080640339919096,0
-0.014992289081726617,1.500498773388036,0
-0.002789187559544849,0.1523350380593684,0
-0.04517114166263361,-0.27273647805298057,0
0.03358875226677708,-0.7366129622024935,0
-0.09019713608341051,0.2412975074151928,0
0.020307338898727507,-0.6416296733441083,0
-0.14152459750363255,-0.5704868325251016,0
-0.1377563852891369,-0.3917383732680108,0
-0.1377563852891369,-0.3917383732680108,0
-0.14152459750363255,-0.5704868325251016,0
-0.14152459750363255,-0.5704868325251016,0
-0.11137889978766728,0.8595008415316244,0
-0.13398817307464125,-0.21298991401092005,0
-0.1377563852891369,-0.3917383732680108,0
-0.06550949413073096,-0.47762916969418073,0
0.09472628102160813,-1.2187392342782155,0
-0.1377563852891369,-0.3917383732680108,0
-0.1377563852891369,-0.3917383732680108,0
-0.03477109465209011,0.3545603871243493,0
0.10007925692551012,-1.4056400639100968,0
-0.1377563852891369,-0.3917383732680108,0
-0.1377563852891369,-0.3917383732680108,0
-0.1377563852891369,-0.3917383732680108,0
-0.06290329116257964,-0.007950246362160867,0
-0.017941138538999493,0.6816057232109289,0
-0.1377563852891369,-0.3917383732680108,0
-0.1377563852891369,-0.3917383732680108,0
-0.1377563852891369,-0.3917383732680108,0
0.08059012643237909,1.365018283774307,0
0.0036011586461620593,1.1390607794409144,0
0.03513465157634721,0.002564328590714674,0
0.2504601139586265,0.8847482688181356,0
-0.1377563852891369,-0.3917383732680108,0
-0.017706427569859677,-0.4755752428621,0
-0.07086144109217583,0.17208588605287045,0
0.03422054627547192,-1.4085047539694584,0
-0.03228240492003968,0.547997569257424,0
0.01547162153432222,-0.064392460431766,0
-0.1377563852891369,-0.3917383732680108,0
-0.1377563852891369,-0.3917383732680108,0
0.052281130384351934,0.3097275723591622,0
-0.14152459750363255,-0.5704868325251016,0
0.00424312173304359,0.11449214818386354,0
-0.09365217940300885,-0.10749479209767224,0
-0.1377563852891369,-0.3917383732680108,0
0.05112947250693047,-1.1623585504916167,0
-0.010936064779230382,-0.12714196189767527,0
0.06286777450141512,2.483716089625982,0
0.14669293460504496,4.206858540153933,0
0.041142886237951246,0.2098197043699339,0
-0.05509975670354312,0.8388537953592812,0
0.13289448364841988,-1.2252692018077513,0
-0.14152459750363255,-0.5704868325251016,0
-0.1377563852891369,-0.3917383732680108,0
0.07938576839341424,1.7929626698142762,0
4.040939732027928,7.089700081054636,0
-0.02029567143207241,-0.046509772505399234,0
0.12822084262309708,-1.112060233368499,0
-0.04515808370444467,0.3331188425981325,0
-0.1377563852891369,-0.3917383732680108,0
0.03125143653100833,-0.5803167603003829,0
0.008110872600431281,1.1035345813708761,0
0.050231472562183736,0.432542335392347,0
-0.1377563852891369,-0.3917383732680108,0
0.02616097426552147,-0.2979962925020899,0
0.2329378041551397,-2.242132401593337,0
-0.06723164309676603,-0.18956194226208353,0
-0.1377563852891369,-0.3917383732680108,0
0.014672684132210057,-0.3310437155349795,0
0.044818053394349654,-0.20635665842022136,0
0.0719186094251161,-0.7682441056273084,0
-0.0011831017305628795,-0.5558874364804435,0
1.092317813147492,2.364037687828078,0
-0.1377563852891369,-0.3917383732680108,0
-0.05809354021759162,-0.1808625085316206,0
0.09851443547690238,-0.7561885707898509,0
-0.01716200341560886,-0.4475884650642333,0
-0.03832510161756439,0.05543013438572663,0
-0.1377563852891369,-0.3917383732680108,0
-0.1377563852891369,-0.3917383732680108,0
-0.04115879578695212,0.03657213815186311,0
-0.009538293265362456,0.5605656835947336,0
-0.04696191842343222,0.2826703228200015,0
0.10783321237703575,2.8790781635746256,0
0.008843139270636869,0.3235534016563476,0
0.024450882283817428,0.683201519561617,0
-0.041031596248383616,0.7016823543733823,0
0.054440763338325655,2.3772167310827608,0
-0.001982666549144767,1.103210381449566,0
0.06439392832166786,0.365764668935874,0
-0.02248700248219742,0.10999116844565633,0
0.045057063749312114,-0.7617846102850142,0
-0.1254952129697132,-0.3785785421157833,0
0.09728659879212315,-0.9638669132031262,0
-0.0996576477666263,-0.468785094495518,0
0.23747383703186528,1.140753106491622,0
0.032737178876305714,-0.775560421687531,0
0.019137513952917257,1.9407825580132094,0
-0.009917332181144016,0.7229916818005183,0
-0.13398817307464125,-0.21298991401092005,0
-0.0134043531764262,0.12611319750725503,0
-0.1377563852891369,-0.3917383732680108,0
0.13819142917514526,1.8948952356433106,0
-0.13398817307464125,-0.21298991401092005,0
-0.061156333381605546,-0.1799057270675638,0
-0.024944683133970264,-0.1471832885804499,0
-0.1377563852891369,-0.3917383732680108,0
-0.13398817307464125,-0.21298991401092005,0
-0.00936948894112266,0.08677875372713402,0
0.008197006213072509,-0.1346805752949591,0
0.03455061615892549,0.8284483174600887,0
0.0834719374165894,-0.28990725534504314,0
-0.1377563852891369,-0.3917383732680108,0
0.014133643808574358,-0.6475000053723757,0
-0.1377563852891369,-0.3917383732680108,0
-0.1377563852891369,-0.3917383732680108,0
-0.008352475341141988,-0.5848727395643754,0
-0.016738250914106956,1.0444629493166697,0
0.09107657429642955,2.035182277116814,0
0.10330157038022274,-0.35621106966327937,0
0.05663453078902759,-0.5696176532104306,0
0.048700961259405394,-1.2614699746541733,0
0.13932505805832812,3.932819842452024,0
0.011886969995451219,1.3988040676629274,0
-0.1377563852891369,-0.3917383732680108,0
0.1995824670374103,-1.1659934946512778,0
0.32572372858205373,-1.831275072231235,0
0.0008296899100391005,-0.7249682721694024,0
0.051051165871919935,1.997002831488036,0
0.06570038508566747,0.32254648576219286,0
-0.012466398820960138,-0.8267788492639521,0
-0.018755428608450635,-0.27939994584300976,0
0.15810904626134067,3.4907526843105634,0
0.02057541253787792,-0.13921869348088517,0
0.08832721351793342,-1.2317312538815994,0
-0.13398817307464125,-0.21298991401092005,0
0.21737912734773016,1.922549726025677,0
0.046101316925553526,0.34760198590962343,0
-0.13398817307464125,-0.21298991401092005,0
0.0566132715072784,-0.7422024164820918,0
-0.029128100231962314,0.7155215565539543,0
-0.04163053860675079,0.3848743504077564,0
0.0013556408256766353,-0.17261011941408605,0
-0.016218097351214683,0.04312868946872642,0
0.017143047174484775,-0.08383095184097125,0
0.03784804388180062,-0.04673226018560983,0
0.20022154302214182,-0.7364064608902074,0
0.08389042803501541,-0.6611792579502777,0
0.27029940646946016,-0.31230240813855725,0
0.15730479357210286,-1.3580638612108913,0
-0.07455356832884981,-0.30926981426319755,0
0.24754802828280412,-1.1130743022247689,0
0.09221884419996207,-0.40370124309168437,0
0.01303716570361692,-0.10970646909737802,0
0.08916263298169386,-0.867759710469824,0
-0.010426730899356314,0.19044969073987422,0
0.021413430275962674,0.12112998479072122,0
-0.07130232450827381,0.01351833761525811,0
0.02560150737887177,-0.7958976167936356,0
1.2212801609320239,-8.559716276812368,0
0.20122866061362643,-0.40956644373992185,0
-0.06301528440248146,0.8274321206938554,0
0.050333428285673165,0.943688787610414,0
-0.13398817307464125,-0.21298991401092005,0
-0.07274369372619038,-0.22901984557379018,0
-0.021340228547709214,0.002654816471852489,0
0.11305741610755753,-0.5276615598706954,0
-0.1377563852891369,-0.3917383732680108,0
-0.14152459750363255,-0.5704868325251016,0
0.15635971089502718,-0.0354100245156167,0
0.08288030737561569,3.368264596267352,0
0.4361368068283132,-1.025367653427716,0
0.034014696658812536,-0.4036142844020088,0
0.07846747648451047,2.6256094086127932,0
-0.036761017232243474,0.315447776821766,0
-0.020321008059146658,0.8030288061606555,0
-0.044971034400998575,-0.010994987329273804,0
-0.016738876455136,0.02152957863473259,0
0.06125881241224526,-0.7564800145600366,0
-0.14152459750363255,-0.5704868325251016,0
-0.015278087122486836,-0.3297388806450878,0
-0.047741088324013206,-0.1724153859030862,0
0.03793941664139737,-0.9011672772994754,0
-0.1377563852891369,-0.3917383732680108,0
-0.024301878133319715,1.2835655960218348,0
0.026049112220356295,-0.5107205889931243,0
-0.03498523916986426,-0.02624501873028307,0
-0.020036565199760537,0.5275265509841865,0
-0.13398817307464125,-0.21298991401092005,0
-0.05385701410412632,0.06273794719708807,0
0.015433278913610819,0.5554573362563141,0
0.0075254313956260475,1.212292113086496,0
-0.02799064808482198,0.9103508273277057,0
0.036609601924646046,-0.6897198047393739,0
-0.012912657270942988,-0.44863931565636556,0
-0.1377563852891369,-0.3917383732680108,0
-0.1377563852891369,-0.3917383732680108,0
-0.01837246302866638,-0.27229399291773165,0
-0.03321637859238293,0.7207542160281619,0
0.00399197333704358,0.4096427308032365,0
-0.1377563852891369,-0.3917383732680108,0
0.013123778724863793,-0.3371384716285376,0
-0.0651301075312884,0.06917026590139082,0
-0.05336947271361539,-0.1712418307552833,0
0.013694735954728606,-0.3245007798042388,0
0.13282994957345512,-1.3048036885180656,0
-0.044462874152175036,0.234732772183815,0
0.06971853322196675,-0.9825025563589631,0
0.045309528544765186,-0.5110090491874919,0
-0.1377563852891369,-0.3917383732680108,0
0.027187767605934884,-0.799846147815998,0
-0.05983514655179569,0.7979125251408371,0
-0.07265972094453518,0.4179324440560215,0
0.023429612713959012,-0.9810599265663223,0
-0.02531695926463649,-0.3759858145675901,0
-0.021980185739219796,1.262158146677605,0
-0.1377563852891369,-0.3917383732680108,0
-0.1377563852891369,-0.3917383732680108,0
-0.026092843720270008,-0.030697352177493014,0
0.11943851190261429,-0.9704068989592508,0
-0.014826585499657596,-0.4204616448936275,0
-0.1377563852891369,-0.3917383732680108,0
0.030656603467921754,-0.9339487680681828,0
0.050086794893132974,2.4750043196240545,0
0.006477660477029683,0.45144439805781444,0
-0.05700623804622129,-0.2416116090797452,0
0.0035238745165358915,-0.8043162114948087,0
-0.05068353510558009,-0.2074782915981668,0
0.032947546566363825,-0.9832742456191415,0
-0.1377563852891369,-0.3917383732680108,0
-0.1377563852891369,-0.3917383732680108,0
-0.02492456350002955,-0.5829642527063084,0
0.012177998075847607,0.6436067684876746,0
-0.1377563852891369,-0.3917383732680108,0
-0.1377563852891369,-0.3917383732680108,0
-0.1377563852891369,-0.3917383732680108,0
-0.1377563852891369,-0.3917383732680108,0
0.8314548515271707,-2.910344273877157,0
-0.1377563852891369,-0.3917383732680108,0
-0.03593470017291268,-0.5099835645057008,0
0.1323251427853928,2.2705898435318406,0
-0.003894116964585472,1.701946059571404,0
0.04469096529215956,-0.5229226216978243,0
0.05885233559996817,0.06592795144176238,0
-0.05027878812119763,-0.3898272219388438,0
-0.02319248404022137,-0.48996258187209696,0
-0.0036151364559544614,0.5496034643878248,0
-0.1377563852891369,-0.3917383732680108,0
0.0006885246687900855,0.005736813080052414,0
-0.01116728723659393,-0.28356116594122643,0
-0.030071525478356002,-0.37182738420276473,0
-0.08105681274121122,-0.18797677295130139,0
0.06650691536508892,-0.7519100132387488,0
0.055485877521851974,-0.5768410822878391,0
0.021942854260179497,-0.9626064232247149,0
-0.1377563852891369,-0.3917383732680108,0
-0.1377563852891369,-0.3917383732680108,0
-0.1377563852891369,-0.3917383732680108,0
-0.13590288815569435,-0.40628934234778347,0
-0.005476340426280464,-0.17160044956820103,0
0.04140727047340501,-0.17694292552488472,0
-0.029249353804680626,-0.7141266142815651,0
0.06289881232674037,-0.6439947623438287,0
0.044758115038644346,-0.8956981439991809,0
-0.1377563852891369,-0.3917383732680108,0
0.14337268381796156,0.14804780002099902,0
-0.05629093720496124,-0.056055780124106974,0
-0.07844117880720029,0.25248837946568636,0
0.1248033704216468,-1.2977007141686414,0
0.13776175674694766,1.3347817956330874,0
-0.1377563852891369,-0.3917383732680108,0
0.18115242411494173,-1.5642219396370087,0
-0.12645174864564993,0.14450700450326134,0
0.08644902183949493,-1.2444427633582138,0
-0.04745320016685607,0.2239953931873379,0
-0.01700683392271616,0.9582025750730403,0
0.14609365516919914,-1.0924266076065685,0
0.10855331178056704,1.5159721417119678,0
0.0002939855815526486,-0.6124221310628593,0
-0.028020027469062504,-0.009350043894748488,0
0.02912114903293496,-0.6209724942931938,0
0.0010781992774098715,0.11463875490301699,0
0.046232650144295236,-0.4340234551311559,0
-0.059909390392930875,0.3934507515243595,0
-0.1377563852891369,-0.3917383732680108,0
-0.10158349959864868,-0.15434431562376666,0
0.029009517934757163,-0.3179749968051068,0
-0.1377563852891369,-0.3917383732680108,0
-0.1377563852891369,-0.3917383732680108,0
0.17940977081353407,-1.1569652780204356,0
0.06204484155433571,-1.1939262672602002,0
-0.012737846282519874,-0.7790074492015827,0
-0.045498044234538515,-0.5188135782250629,0
0.15570404001021218,-1.1720055790512018,0
0.2936229371163957,0.8184680877066899,0
-0.1377563852891369,-0.3917383732680108,0
0.08276695799920762,3.058089900524444,0
-0.1377563852891369,-0.3917383732680108,0
-0.07879915978145893,0.08750653690353301,0
0.014578215358963337,-0.28607567042630144,0
-0.1377563852891369,-0.3917383732680108,0
-0.1377563852891369,-0.3917383732680108,0
-0.07601066626202693,0.007083478172669866,0
-0.044375892734349644,-0.024200116381109523,0
0.04347737699025041,-0.6351139407940237,0
-0.1377563852891369,-0.3917383732680108,0
-0.1377563852891369,-0.3917383732680108,0
-0.1377563852891369,-0.3917383732680108,0
-0.05593457299830559,0.09663669633515344,0
0.026196176889741664,-0.8542263286374823,0
-0.1377563852891369,-0.3917383732680108,0
-0.026440663001164873,-0.47433597413227196,0
-0.019484587251653612,1.4370636579107614,0
0.0533519822619666,-1.0630624680034926,0
-0.1377563852891369,-0.3917383732680108,0
-0.10629230667876759,-0.09807601667586208,0
0.07243270611341852,-0.7938150873251466,0
0.05333105520136465,-0.596177046892713,0
-0.023405889895816,-0.09014045895056827,0
-0.07479886988005875,-0.23270532744889857,0
0.013995170569813566,-0.5862273339697422,0
-0.02548735338873361,0.004706329251691188,0
0.03934752194644212,0.8460362286362847,0
-0.04155944564502804,-0.505121309261558,0
-0.14152459750363255,-0.5704868325251016,0
0.026932485076798844,0.297631645131605,0
-0.14152459750363255,-0.5704868325251016,0
-0.1377563852891369,-0.3917383732680108,0
0.19758721766291887,-2.1024674780890193,0
0.0670873715681736,-0.6886102012273145,0
0.1599452320823227,-1.0716466994552862,0
0.09468423123225583,-0.020936130237593244,0
-0.1377563852891369,-0.3917383732680108,0
-0.1377563852891369,-0.3917383732680108,0
-0.0023753546300604466,-0.11297232355633637,0
0.10580727891612723,-0.6895256160429443,0
0.0008477600349141052,-0.08309118050587239,0
-0.012118383616949774,0.13139221106188173,0
-0.1377563852891369,-0.3917383732680108,0
0.05927585297125102,-0.5713874773577713,0
0.010095976202128085,-0.7621187526199276,0
-0.025964050914821294,0.5492763707131654,0
-0.1377563852891369,-0.3917383732680108,0
-0.1377563852891369,-0.3917383732680108,0
0.05595235417389658,1.6503828073396913,0
-0.016821823533047786,-0.30578557421136426,0
0.08772368480879711,-0.27225726575736686,0
-0.08074248160801509,0.3750395039700112,0
-0.007695648075062019,1.762882908177964,0
-0.06921634566853614,-0.3224042434970361,0
-0.023531971697404574,-0.27805044019165387,0
-0.03487372463885541,0.7487165615770752,0
-0.08618940609419544,0.39855955138799604,0
-0.04098761739776216,-0.2262686603061001,0
0.03922832354250658,-0.4995188018160251,0
0.05050414938875849,0.05923500690887649,0
0.019228597309407788,0.5237980073501242,0
-0.025325563722578007,0.6908646497047372,0
-0.025728239208040515,0.8970258740837714,0
-0.013954094605294775,-0.026973771831781092,0
-0.0010939449711727704,1.6617425209690984,0
-0.1377563852891369,-0.3917383732680108,0
-0.04918206527977439,0.08861580801192505,0
-0.1377563852891369,-0.3917383732680108,0
0.04529714739417626,2.475169789053452,0
0.052479242894294,0.6187007868838486,0
-0.048743446756693974,0.3874952858053277,0
-0.010881172591203908,1.2660461038303386,0
-0.1377563852891369,-0.3917383732680108,0
-0.1377563852891369,-0.3917383732680108,0
-0.1377563852891369,-0.3917383732680108,0
-0.1377563852891369,-0.3917383732680108,0
-0.1377563852891369,-0.3917383732680108,0
-0.0007872402604590488,0.24965540652444285,0
0.025814251671656747,1.7245953887170535,0
-0.1377563852891369,-0.3917383732680108,0
-0.1377563852891369,-0.3917383732680108,0
-0.1377563852891369,-0.3917383732680108,0
-0.1377563852891369,-0.3917383732680108,0
-0.1377563852891369,-0.3917383732680108,0
-0.0038730370395317986,-0.35517136865727006,0
-0.1377563852891369,-0.3917383732680108,0
-0.1377563852891369,-0.3917383732680108,0
-0.03258765753233191,1.2501603825191123,0
-0.1377563852891369,-0.3917383732680108,0
-0.1377563852891369,-0.3917383732680108,0
-0.1377563852891369,-0.3917383732680108,0
-0.003408625759870007,1.517410965352818,0
-0.08381905928849893,0.4042688560033974,0
-0.029268600624851607,-0.02191719497357512,0
-0.1377563852891369,-0.3917383732680108,0
-0.1377563852891369,-0.3917383732680108,0
0.3309811317957775,-1.6661147014474254,0
0.06842697109792496,-0.1611827565791016,0
-0.1377563852891369,-0.3917383732680108,0
-0.010283332556749441,0.9851525152379277,0
-0.013164518654701963,-0.12169607401400642,0
0.015601642418112262,-0.030502138303627416,0
-0.1377563852891369,-0.3917383732680108,0
0.15282961347594926,4.228319060046917,0
0.213462041231677,-0.6914320879638326,0
0.17648695594603014,-0.3910818603243817,0
0.10117216733221758,-1.2563904897837506,0
-0.13398817307464125,-0.21298991401092005,0
0.09689517665603616,-0.7540576996254357,0
-0.14152459750363255,-0.5704868325251016,0
-0.1377563852891369,-0.3917383732680108,0
0.1475510486272569,-1.4030891616546628,0
-0.1377563852891369,-0.3917383732680108,0
-0.006462899971342274,0.22235034260891073,0
0.15483335790043828,-0.9702545717492697,0
-0.1377563852891369,-0.3917383732680108,0
0.04669094221676499,2.0892246506626893,0
0.02275363265161232,0.006224002628923525,0
-0.031020430892330298,0.5444375127318397,0
-0.028561274640997548,0.6177040363856294,0
-0.06036223650569179,0.5912298632598537,0
-0.008472697030223941,-0.31218841789575574,0
-0.1377563852891369,-0.3917383732680108,0
-0.1377563852891369,-0.3917383732680108,0
-0.07275958562026762,0.6218515323517497,0
-0.0005351512144971134,-0.4664187821394968,0
-0.12539973773285326,-0.48874483379982875,0
-0.07108362438363558,0.2044540766186278,0
0.008408352335812278,-0.49428132030793803,0
-0.1377563852891369,-0.3917383732680108,0
-0.01772063627027595,0.22623289456635393,0
-0.0660345072016177,0.1674713590433146,0
0.03813092490267134,0.5403567719201283,0
0.01851023559022788,0.5350714244037569,0
0.14888362629363353,2.0645647197216617,0
0.01282933985551192,-0.41014438286217636,0
-0.00017114788798215668,-0.1866246242959757,0
-0.1377563852891369,-0.3917383732680108,0
-0.1377563852891369,-0.3917383732680108,0
0.07555384460679612,-0.1758023284493825,0
-0.1377563852891369,-0.3917383732680108,0
-0.05586803862702514,0.6386908327800203,0
-0.01802827740756615,-0.45107125481813476,0
0.050086794893132974,2.4750043196240545,0
0.03519062751126099,0.9393635189620434,0
0.02036987822101691,0.545117243081796,0
-0.004268464955604139,0.5384183506143926,0
-0.012715660695433912,0.3604904765852508,0
-0.01893780286836642,0.09022394333644697,0
0.03696040807669432,-0.6474217952983624,0
0.24681042264325367,1.1591914762503837,0
-0.1377563852891369,-0.3917383732680108,0
0.04791488589439611,0.8986895332593017,0
0.06559678261849927,-0.925363793900622,0
-0.010696789714444863,-0.6365532741566118,0
-0.05962240411708041,0.6506917382200818,0
-0.1377563852891369,-0.3917383732680108,0
-0.1377563852891369,-0.3917383732680108,0
-0.04449629924484187,0.5959942551320849,0
-0.1377563852891369,-0.3917383732680108,0
-0.1377563852891369,-0.3917383732680108,0
0.06709280301565759,1.3255783192489048,0
-0.1377563852891369,-0.3917383732680108,0
-0.019624099321241366,-0.01154530980223974,0
-0.1377563852891369,-0.3917383732680108,0
-0.06976005739476361,-0.3881118817640047,0
-0.021880270865793153,-0.18665132865991135,0
0.07687520434237956,2.1941635183217043,0
0.00939369040071814,1.374647467730819,0
-0.007379319805500748,0.20113604757761908,0
0.024260761372722175,0.669319290050685,0
-0.057198159073806695,0.8078180366058477,0
-0.025145995321834688,0.6554730483575991,0
0.06130009177349632,-0.2009095150800439,0
0.05891653970964173,0.24103032060698992,0
-0.010002612908008452,-0.3479285290671408,0
-0.1377563852891369,-0.3917383732680108,0
0.009509148539133472,1.863810843196291,0
-0.1377563852891369,-0.3917383732680108,0
-0.1377563852891369,-0.3917383732680108,0
-0.1377563852891369,-0.3917383732680108,0
-0.1377563852891369,-0.3917383732680108,0
0.009110304529280282,0.0049206709042334375,0
0.00784449404315704,0.4639076685127739,0
-0.1377563852891369,-0.3917383732680108,0
-0.1377563852891369,-0.3917383732680108,0
-0.1377563852891369,-0.3917383732680108,0
0.04202913966508907,2.0095189026952496,0
0.0069398204113084346,1.9579069001103173,0
-0.1377563852891369,-0.3917383732680108,0
-0.021195189788754922,-0.2595866393474338,0
0.019129155315729028,-0.09065107261178626,0
0.03735307231847189,0.2027006316231041,0
-0.005152124507488478,0.7889158949602818,0
-0.02812310802105759,0.6965079066271157,0
-0.14152459750363255,-0.5704868325251016,0
0.14377994348539722,-1.1893130505261404,0
0.004051905969999889,-0.6306646236349138,0
-0.00510370320765728,0.5933759625594078,0
-0.1377563852891369,-0.3917383732680108,0
-0.03504081487473907,0.5376194190519973,0
-0.13398817307464125,-0.21298991401092005,0
0.03796478373634374,-1.3072725519551887,0
-0.1377563852891369,-0.3917383732680108,0
0.049864310747289774,0.5265065722654774,0
-0.022197079480643634,-0.2536278693339212,0
-0.04063903821817455,1.4619606709183692,0
-0.00034985349373480365,-0.6839289334870309,0
0.16749345832807885,-0.5313978293319351,0
0.03631631268616548,-1.066686604671877,0
-0.1377563852891369,-0.3917383732680108,0
0.2072294752012509,-2.513031381231201,0
-0.1377563852891369,-0.3917383732680108,0
0.05762061975858958,0.4993362328876896,0
0.017450215809667474,0.48416207758859464,0
0.0621650364122413,2.474587048889054,0
-0.03941813807198717,0.971648320056189,0
-0.1377563852891369,-0.3917383732680108,0
-0.04802805791021315,-0.1754990133343981,0
0.021087586679311956,-0.0653403364907396,0
0.22936404104062091,1.4003116505758488,0
0.057214839967712816,0.5155033756099178,0
-0.03724438401880582,0.4285808646280722,0
0.004463805492402113,1.286940433355293,0
0.2095001352579039,0.14970311714698756,0
0.21670017739864517,-0.056534547630194096,0
0.14765389640049548,-0.2520432239369293,0
0.1292543610215724,-0.4031971858261734,0
0.023139676083424657,-0.8501233230360746,0
-0.0518574155636937,0.4639119528346284,0
-0.03634983522845165,0.5992742638428235,0
0.2403102622546904,0.43970277430003324,0
0.12790533801541557,0.6731606753011177,0
0.05220883519286884,2.8326882905366855,0
-0.059488386047739594,0.6407799065278063,0
-0.05381989020360925,0.09113114309663681,0
0.02739752499420944,-0.4891375596254672,0
-0.030824547703325492,0.051045634676047905,0
-0.01817450295088632,0.3512257017989876,0
0.045713638481042033,2.4751554004074174,0
-0.015235149375435079,-0.4793888796368622,0
-0.08338713219691705,0.108002917085594,0
-0.05675583895414117,-0.21873849558208458,0
0.0161100628856672,-0.2756412778126761,0
-0.043624617908037254,0.46784943948716584,0
-0.05136776620409057,0.45877250906101386,0
-0.035310280587932015,0.9721187985620547,0
0.02044695729881119,-0.9403572631727696,0
0.09302398091516863,-0.39560562579567066,0
-0.1377563852891369,-0.3917383732680108,0
-0.1377563852891369,-0.3917383732680108,0
-0.04366616866994821,-0.19105926405485577,0
0.06646611330579498,-0.21487560648279558,0
-0.13398817307464125,-0.21298991401092005,0
0.39641282313584514,1.9438238816499525,0
-0.0385704284577026,0.572498747625806,0
-0.1377563852891369,-0.3917383732680108,0
-0.1377563852891369,-0.3917383732680108,0
0.13007695864917865,3.6085554724234936,0
-0.1377563852891369,-0.3917383732680108,0
-0.015299423602679604,0.28325842295654285,0
-0.018336334134750436,-0.37068049819843485,0
-0.038770122633185314,0.32419515754023986,0
-0.0007402568858882817,-0.7306924496381288,0
0.43899722680320374,4.425810232737394,0
0.03419816107264315,-0.3999023927829724,0
0.19147906391195882,-1.482112934848073,0
-0.1377563852891369,-0.3917383732680108,0
0.0931422860225786,0.010399078240692387,0
-0.0006584942153356367,1.0566097914426518,0
-0.1377563852891369,-0.3917383732680108,0
-0.0638248138395069,-0.3263955004331492,0
-0.006131428082292028,0.07211947461622407,0
0.07677645497468953,-0.6499222223976273,0
-0.04089057987988361,0.7757586141633921,0
-0.07137730912796965,-0.10512800809299734,0
0.05220513513859602,-0.32982473526537576,0
-0.0344483074543268,-0.34995115918838177,0
0.19360109461287184,-1.6960617662546515,0
0.12429114015679674,0.337106750323496,0
-0.02056934371899892,-0.2154859935295756,0
0.022761210293596294,-1.2749551356737499,0
-0.0028712072821963502,-0.16845177106866374,0
-0.1377563852891369,-0.3917383732680108,0
-0.1377563852891369,-0.3917383732680108,0
-0.061075642359010196,0.7217723954128366,0
0.06392875279978541,-1.1353451935175543,0
0.05141953032787208,0.03582202036630035,0
-0.041801811117297236,-0.3059997716220084,0
-0.013664896776043293,-0.4821519854304507,0
0.0948049347046666,0.0368113356075251,0
0.020882803638426855,2.5644017126800214,0
-0.1377563852891369,-0.3917383732680108,0
-0.07141547935210736,0.29105064828953214,0
-0.012218329831428407,-0.18923054604366024,0
-0.13398817307464125,-0.21298991401092005,0
-0.02265763137152219,-0.08699030211818852,0
0.13955415408972113,-1.017493663355693,0
0.2200394488300117,4.58409244408835,0
0.11912812444186514,-0.4897618057173476,0
-0.011009513257509448,0.004997291940076529,0
-0.03362297358320251,-0.49365515343613353,0
-0.1377563852891369,-0.3917383732680108,0
-0.1377563852891369,-0.3917383732680108,0
0.000696305419854574,-0.05340319268589697,0
0.11435787628597088,0.42330439096733236,0
-0.06154637249680553,-0.4211418928166304,0
-0.1377563852891369,-0.3917383732680108,0
0.07222760615438031,-0.5091440606764491,0
-0.1377563852891369,-0.3917383732680108,0
-0.03531249065936389,-0.4927614259122972,0
0.07656691062772256,1.056194994131673,0
-0.03280307020842315,-0.39146139134867575,0
0.15357664153899941,2.2617351430127206,0
-0.07802319207263542,-0.2727904495997341,0
-0.1377563852891369,-0.3917383732680108,0
0.03738073039528728,-0.9453946592055995,0
-0.1377563852891369,-0.3917383732680108,0
-0.060309755548073066,0.32721770478189954,0
-0.1377563852891369,-0.3917383732680108,0
-0.0022446587673218606,-0.3603476645153516,0
-0.03386138370000086,1.1751086853004158,0
-0.04960203442351511,0.6644232396139403,0
0.15963653410390063,4.585837048664677,0
0.08660975062793451,-0.08689351367219689,0
0.06753155808016105,-0.2550474626415748,0
-0.11624206136214743,-0.030662673115698594,0
-0.0043145399084415685,-0.1682000688376554,0
0.03467784455426572,-0.23434266901034492,0
-0.14152459750363255,-0.5704868325251016,0
-0.1377563852891369,-0.3917383732680108,0
-0.07260425638152439,-0.1588575028383324,0
-0.12645174864564993,0.14450700450326134,0
-0.12645174864564993,0.14450700450326134,0
-0.03927912865667936,0.34179035844726496,0
0.05536267744332952,-0.7513022073949933,0
8.142078145952825e-05,-0.06536769063656879,0
0.22014330468883847,-1.339223378526878,0
-0.025583434747403846,-0.07183855692672535,0
0.10768078636867907,-0.32658998825459334,0
-0.0035676928921454204,-0.3401414728648771,0
-0.032438483244143196,0.16451711473868283,0
-0.007140210649619153,-0.4696338645282333,0
0.020961561276522822,0.1644283162181241,0
0.058284284464119665,-0.06347587126042813,0
-0.1377563852891369,-0.3917383732680108,0
-0.1377563852891369,-0.3917383732680108,0
-0.1377563852891369,-0.3917383732680108,0
-0.1377563852891369,-0.3917383732680108,0
-0.044646001502716394,-0.27717937324048014,0
-0.1377563852891369,-0.3917383732680108,0
0.015497671721934461,0.8819636906304898,0
-0.1377563852891369,-0.3917383732680108,0
-0.1377563852891369,-0.3917383732680108,0
0.07933567106170429,-1.065925624405854,0
0.1094011030855626,-1.8068465695953073,0
0.08941894103404098,-1.2334718984400215,0
0.37020819058895005,-1.3387174989239163,0
-0.02355393401918712,1.2959118090287354,0
-0.039083793522215235,-0.21473558329497955,0
-0.016730420283557177,-0.47933048988842936,0
0.0643564127357505,0.03963254056391774,0
-0.027690556414009696,-0.40552442970707475,0
0.08456813536610688,10.154420722900344,0
-0.1377563852891369,-0.3917383732680108,0
-0.03252900541449853,0.26203417999788853,0
-0.04758851290067782,-0.8614271658332309,0
-0.07704194267253908,-0.18437667152411363,0
-0.1377563852891369,-0.3917383732680108,0
-0.1377563852891369,-0.3917383732680108,0
-0.1377563852891369,-0.3917383732680108,0
-0.14152459750363255,-0.5704868325251016,0
0.10751965742960312,-1.45331556116447,0
0.03250908763369167,-0.8392318674376205,0
-0.0655174354516131,0.47999356175964325,0
0.008522547170907653,-0.4886093388153852,0
-0.042718219786169326,0.7732073168525027,0
-0.14152459750363255,-0.5704868325251016,0
-0.1377563852891369,-0.3917383732680108,0
-0.034455798952904064,0.5764858170855427,0
-0.1377563852891369,-0.3917383732680108,0
0.10380328171422894,-1.0422757545184516,0
-0.1377563852891369,-0.3917383732680108,0
-0.017793025135454835,-0.5836988786011224,0
-0.008558216460607539,-0.1876029160054639,0
-0.009624529253333559,-0.025492787219868186,0
-0.029211072892797715,-0.004807169288999147,0
-0.06024690367961943,-0.2585644009860789,0
-0.07965811935246063,0.22016085912478695,0
0.030806867244690332,-0.5978990184078582,0
0.082670814618556,-0.7358457183479015,0
0.16429483881503368,-1.0856073819742957,0
0.22256936111245315,0.20329680505717518,0
-0.0021530707827641356,-0.7840540355858693,0
-0.04621176602314883,0.8716629373335207,0
0.04094269551356408,-0.44065753949246317,0
0.03850546027582919,0.21102698548539833,0
-0.1377563852891369,-0.3917383732680108,0
0.0593918318567119,-0.3528340009639367,0
0.013765096394718443,-0.3074956074712154,0
-0.0013355876963847516,0.18088756511254245,0
-0.01999239263772395,1.41138692911942,0
-0.12630813400896268,-0.36061166064544997,0
0.030912335830047565,1.4193712965502727,0
0.09708586154359347,0.02383046548519579,0
0.007367865567805937,0.24671066728038887,0
0.023995087215351544,-0.48529897012326795,0
-0.019274323859999765,-0.6696596806770019,0
-0.1377563852891369,-0.3917383732680108,0
-0.08142545963345801,-0.5972405111804917,0
0.008724469497517259,1.2681519401111931,0
0.18455684975890047,-0.7374358430097461,0
-0.011399766290865683,-0.06463692203106589,0
-0.01541003333808868,0.22025891069177173,0
0.014305733492199664,-0.26017849534493964,0
-0.01328538042401846,-0.5125519818581712,0
0.08686338520870704,-0.6961175658293564,0
-0.04390754040909757,-0.9526447139062338,0
-0.1377563852891369,-0.3917383732680108,0
-0.05360140008310711,-0.193087691338072,0
-0.04102979686438207,0.3572692483991754,0
0.06781745562244086,1.9779553472979943,0
-0.1377563852891369,-0.3917383732680108,0
0.31871287107576873,6.463094413149614,0
0.03124245329483906,-0.09760659771784753,0
0.08779140306948506,2.8476979574837475,0
0.13219599875649996,-1.3955660737548286,0
0.05952013553140925,-0.2781530740418584,0
-0.028477209332550175,0.3596375302664105,0
-0.1377563852891369,-0.3917383732680108,0
-0.02881108031836517,0.08200462813721836,0
-0.05384545253514166,-0.37161881885684767,0
0.012244993156900929,-0.7153007559113994,0
0.11499255333319203,0.341950443811925,0
0.44875456601364555,11.195206455922659,0
-0.1377563852891369,-0.3917383732680108,0
0.10401675819769085,-0.6883450368794686,0
0.30062626507808266,-3.267532959350627,0
0.06452910638495203,-0.9507884557229388,0
0.004215930011530255,0.0032860088919094955,0
0.2458593292433274,-0.8785712448965217,0
0.03188968292183813,2.179080454110573,0
-0.010635390991005992,1.0323534461097277,0
0.14374171204506778,-0.5042397561147203,0
-0.1377563852891369,-0.3917383732680108,0
-0.04917064786862611,0.4912407796965106,0
0.18713642288263566,-2.186234105798,0
-0.1377563852891369,-0.3917383732680108,0
-0.1377563852891369,-0.3917383732680108,0
0.026123430856748012,-0.35456941625208444,0
0.14113969987511937,1.208664238950421,0
0.020263975183262367,0.07726531683312192,0
0.013375599538661534,-0.5864692161932616,0
-0.1377563852891369,-0.3917383732680108,0
0.025379079806747487,1.8567386942399977,0
-0.14152459750363255,-0.5704868325251016,0
-0.1377563852891369,-0.3917383732680108,0
0.02700830469181873,-0.9481303716034923,0
0.017359632430145745,1.6361731710118206,0
-0.053625798209937035,0.31877685753956364,0
-0.010937405026076702,0.42455813128731223,0
-0.1377563852891369,-0.3917383732680108,0
-0.042183601365010134,0.05757428671488719,0
-0.0969846353679574,-0.111000456304976,0
0.11710643155346913,0.608953109088682,0
-0.1377563852891369,-0.3917383732680108,0
0.08663478125128572,0.5268403792211811,0
-0.1377563852891369,-0.3917383732680108,0
-0.00995336849544751,-0.4379020442874291,0
-0.1377563852891369,-0.3917383732680108,0
0.026292213517379766,2.072888562646779,0
-0.0969536326233659,0.23151562430648515,0
-0.032903785412341784,-0.06343411870443194,0
-0.022545303294843295,0.2542866530457551,0
-0.006437136647967707,-0.690064828520076,0
0.13017648147965535,-1.508689789754759,0
-0.1377563852891369,-0.3917383732680108,0
0.15737774459330955,4.049330401609028,0
0.16239591265688583,-0.09401668775526181,0
-0.020309522082939003,0.37203409436290863,0
-0.14152459750363255,-0.5704868325251016,0
-0.1377563852891369,-0.3917383732680108,0
0.00912875769668888,0.5321499752180143,0
0.008652040125925806,0.9077927061847714,0
-0.11250523279439034,-0.1432117653422845,0
-0.044776302111787604,-0.11439739143995784,0
-0.0317888515863744,0.7964836860869824,0
-0.006896727837350099,1.1772546213115278,0
-0.1377563852891369,-0.3917383732680108,0
0.06135985047861694,-0.36755768484582263,0
0.040673870672795494,-0.38034179837688514,0
0.13984062411271392,2.471903566403618,0
-0.0037753902280542504,0.11543854222271448,0
-0.1377563852891369,-0.3917383732680108,0
0.02110211393979687,-0.5910947092244995,0
0.048634647377075055,0.05131366150914808,0
0.052048629413657316,-0.9996096027689683,0
-0.04737553305531143,-0.41779195904161526,0
0.005510337679807692,-0.510759228557016,0
-0.14152459750363255,-0.5704868325251016,0
0.044672410763877526,2.475191372022504,0
0.0036086611051696408,-0.5374789741268566,0
0.0630225267034745,-0.8396438047200767,0
0.0073635508879720795,-0.6714540657004427,0
-0.047614016262949935,0.4028174200496835,0
-0.1377563852891369,-0.3917383732680108,0
-0.1377563852891369,-0.3917383732680108,0
-0.02561944643308323,-0.3059775671052991,0
-0.026140436044685553,-0.1925687670609541,0
-0.14152459750363255,-0.5704868325251016,0
-0.0632781873370645,0.4885024005213032,0
-0.0496270353767449,0.5551323223012047,0
-0.1377563852891369,-0.3917383732680108,0
0.08743718972139429,0.23523228204071356,0
0.05254657453341027,-0.8084573849497938,0
0.028060391183899365,-0.47500449956753865,0
-0.09096785231156909,-0.3019873506019315,0
-0.004418912776413294,1.7019662445861563,0
-0.1377563852891369,-0.3917383732680108,0
0.24667062299377243,-1.9162369337375023,0
-0.1377563852891369,-0.3917383732680108,0
-0.1377563852891369,-0.3917383732680108,0
-0.07083274387655708,-0.38336237136515827,0
-0.061076179378295604,-0.44736453482708993,0
-0.1377563852891369,-0.3917383732680108,0
-0.006745728123264221,-0.6992521194135951,0
-0.1377563852891369,-0.3917383732680108,0
-0.1377563852891369,-0.3917383732680108,0
0.21060383580808098,-1.6405423078099994,0
0.057682317840154367,-1.165927318391022,0
0.16715309552724542,4.049048062221072,0
-0.1377563852891369,-0.3917383732680108,0
0.12370174978547394,0.17454754933984762,0
-0.07831302695236167,-0.18097529621689618,0
-0.1377563852891369,-0.3917383732680108,0
-0.1377563852891369,-0.3917383732680108,0
0.0885081342189022,1.784293178302429,0
-0.05551460719378801,-0.09524946395788277,0
-0.038673994790193,-0.5403157830308457,0
-0.1377563852891369,-0.3917383732680108,0
0.05248354435280653,1.2839527371369674,0
0.009546601640726439,-0.5191773660484625,0
-0.1377563852891369,-0.3917383732680108,0
-0.1377563852891369,-0.3917383732680108,0
0.2570074382454601,0.3892440633638135,0
-0.1377563852891369,-0.3917383732680108,0
-0.03969356955716627,0.9019938934266747,0
-0.13398817307464125,-0.21298991401092005,0
-0.08155318318375125,-0.023047205879102094,0
-0.1377563852891369,-0.3917383732680108,0
-0.1377563852891369,-0.3917383732680108,0
-0.1377563852891369,-0.3917383732680108,0
-0.005905061206025086,-0.39901428398445143,0
-0.005215873722303586,-0.5332477537372913,0
-0.1377563852891369,-0.3917383732680108,0
-0.1377563852891369,-0.3917383732680108,0
-0.09630605092968465,1.5744946785599876,0
-0.04245055316262333,0.8060668201388633,0
0.14564683858009042,1.7470075448400006,0
0.0017048797729302867,-0.13424952340869153,0
-0.1377563852891369,-0.3917383732680108,0
-0.14152459750363255,-0.5704868325251016,0
0.04517848328373063,-0.7201117811632153,0
-0.1377563852891369,-0.3917383732680108,0
-0.1377563852891369,-0.3917383732680108,0
-0.1377563852891369,-0.3917383732680108,0
-0.13398817307464125,-0.21298991401092005,0
-0.068157676571894,-0.08210630115779419,0
-0.009061861228771475,-0.2727522066360618,0
0.026052778882423435,-1.0309902781955906,0
0.04915366754008033,-0.5458796470369401,0
-0.043567626563405584,0.4471028107348286,0
-0.1377563852891369,-0.3917383732680108,0
-0.007577871538350674,-0.40453492177643874,0
0.1318603892290348,-2.005146106155295,0
0.15270259512711198,-1.4875095079194007,0
0.016086717277962556,0.16675429690044108,0
0.044560711980478035,-0.23791937214104403,0
0.11121331832197782,3.453784180691145,0
-0.1377563852891369,-0.3917383732680108,0
-0.05591483476554286,0.2053442303755377,0
-0.04281403256215687,0.045504364046679895,0
0.17922390707082841,-0.9921022582590799,0
-0.1377563852891369,-0.3917383732680108,0
-0.06438178700991967,0.26608126370226465,0
0.045654259784303104,0.8284519743902493,0
-0.1377563852891369,-0.3917383732680108,0
0.013778795713814268,-0.17945979196202647,0
-0.1377563852891369,-0.3917383732680108,0
-0.12645174864564993,0.14450700450326134,0
-0.07035272261612943,0.5313835704400504,0
0.007998638501363096,0.8643481249828026,0
-0.1377563852891369,-0.3917383732680108,0
-0.1377563852891369,-0.3917383732680108,0
-0.1377563852891369,-0.3917383732680108,0
0.14984419506024632,-1.4596639984675885,0
0.048440622978373184,2.6539398312795948,0
0.07788241433322608,3.3684372600197667,0
0.3021515585454541,-0.8267245740516982,0
-0.06632760321298548,0.4622026292648903,0
-0.06981920266445014,0.5776687628350994,0
-0.1377563852891369,-0.3917383732680108,0
-0.08303135864266441,-0.4024220284862266,0
0.10230935555442942,-1.1614499837278995,0
-0.1377563852891369,-0.3917383732680108,0
-0.019511748044235975,1.686018709931407,0
-0.1377563852891369,-0.3917383732680108,0
-0.04284283949899555,0.20285162681161706,0
0.024090773434286148,-0.334393221459181,0
-0.04567683986732531,0.3333927930430184,0
0.025044814620070962,-0.5102663653696592,0
0.006175461214004082,0.15013631521013307,0
-0.06005062935178769,0.07255855351158981,0
0.08697084565678476,0.8904661362256898,0
-0.07579108258976183,-0.4610597799641529,0
-0.015880227770620894,0.12215572774534601,0
-0.1377563852891369,-0.3917383732680108,0
-0.1377563852891369,-0.3917383732680108,0
-0.017340099410656156,-0.28120684298929255,0
0.038307181783748936,-0.42384981851432907,0
0.04378161720214994,-0.5639632653375362,0
-0.1377563852891369,-0.3917383732680108,0
-0.06061136647669109,0.41720276884905527,0
-0.07126472751601888,-0.210794254660423,0
0.05002571413123384,-0.4447298304562836,0
0.044672410763877526,2.475191372022504,0
0.004000801037576873,0.24206876467520622,0
0.10291805381076766,-1.1017629148686134,0
-0.06824639267651385,0.13946225706440837,0
-0.1377563852891369,-0.3917383732680108,0
-0.1377563852891369,-0.3917383732680108,0
-0.043730012865897075,-0.023114800937006557,0
0.08498581059010225,0.10394954088237236,0
0.009311263662237885,0.12765180750114458,0
-0.02633243344932626,-0.42781401988124695,0
-0.011732124676841935,-0.4725087501564662,0
-0.034305384703584456,0.731523254516113,0
-0.03581515714747603,-0.17295401919752157,0
-0.1377563852891369,-0.3917383732680108,0
-0.06563769724249541,0.17564065636789578,0
-0.1377563852891369,-0.3917383732680108,0
0.06760429216443127,-1.0437504856043482,0
0.035029389646793044,0.16500928690969727,0
-0.07573068639613392,-0.10709841372746437,0
-0.03667630962537601,1.1044635187546918,0
-0.1377563852891369,-0.3917383732680108,0
-0.03576606289206441,0.7815382451780324,0
-0.033209825260970854,0.7364544373615522,0
-0.1377563852891369,-0.3917383732680108,0
-0.1377563852891369,-0.3917383732680108,0
-0.004428645691252188,-0.1271981801153431,0
-0.09721145027180346,-0.2625905191647341,0
-0.1377563852891369,-0.3917383732680108,0
-0.07410901523392913,0.07100963435264594,0
-0.048277669056501035,0.8151287849744766,0
-0.1377563852891369,-0.3917383732680108,0
-0.01433807404228594,1.5198736123808199,0
0.24116151217475262,-1.7828854611152132,0
-0.1377563852891369,-0.3917383732680108,0
-0.004626455709986002,-0.7047813054348655,0
-0.04094461360666685,0.4548164515110915,0
0.009086627877015238,-0.9319088483871819,0
-0.1377563852891369,-0.3917383732680108,0
-0.1377563852891369,-0.3917383732680108,0
-0.035795175822014205,-0.12248913202603492,0
-0.03526232696465091,-0.005352641234306943,0
-0.07829583259673979,-0.12000106499657744,0
0.05945784434761357,2.474680575088278,0
0.02605624748980309,-0.8837249764909826,0
-0.07403804210952399,-0.3984651610155665,0
-0.1377563852891369,-0.3917383732680108,0
0.10013870798954345,1.1212548169878749,0
0.046762519997669526,-0.8705746053312727,0
-0.07412207330801468,0.41906148665319926,0
-0.06978100428762742,0.6267073380697797,0
-0.08301070179492617,-0.5571118914711374,0
0.0016333204982792026,-0.5492324541652862,0
-0.000435702646809963,-0.35217891716603134,0
0.039601844194944905,-0.5265450230487884,0
-0.015764266310759795,0.47314427774563267,0
0.020972109544837365,-0.5045625105993496,0
0.06280956547524345,2.653443422991404,0
-0.13398817307464125,-0.21298991401092005,0
0.11108911631150285,-0.7922307242618468,0
-0.077644923417849,0.26168845883703074,0
-0.13398817307464125,-0.21298991401092005,0
0.08032432899136584,-0.7600624338583065,0
0.026153092045678318,0.613737743276714,0
-0.015569080131677225,0.2648844834670786,0
-0.0169766196332037,-0.16503279799177545,0
-0.0924635431112714,-0.41056017245490095,0
0.04460617427810558,-0.6825217654864127,0
0.009086821325233509,-0.4653559453878214,0
-0.108134361819404,0.08056653204477206,0
0.05763820889621389,-1.0593045940195134,0
-0.1377563852891369,-0.3917383732680108,0
-0.016526129120188235,-0.8808285788707693,0
0.014723401950338378,-0.6268649670947455,0
-0.1377563852891369,-0.3917383732680108,0
0.04566353547034727,-0.7122117592362714,0
-0.1189153242166586,0.5020039230174429,0
0.3677461328711504,2.4480983957486,0
-0.1377563852891369,-0.3917383732680108,0
-0.1377563852891369,-0.3917383732680108,0
-0.1377563852891369,-0.3917383732680108,0
-0.1377563852891369,-0.3917383732680108,0
-0.1377563852891369,-0.3917383732680108,0
-0.023673839451970418,2.2109108720824566,0
-0.1377563852891369,-0.3917383732680108,0
0.07103261968773049,-0.49834084617686464,0
-0.1377563852891369,-0.3917383732680108,0
-0.1377563852891369,-0.3917383732680108,0
-0.0689310308544579,-0.4057929461212845,0
-0.08942434183711243,-0.2805330962005056,0
-0.003497883972234552,-0.36838441019085433,0
0.5309587760824748,-0.7972981828342603,0
0.018360890824861923,-0.6773919651068531,0
0.20419569230691959,-2.365882643508854,0
-0.10686476639842774,-0.6342545245975556,0
-0.1377563852891369,-0.3917383732680108,0
0.04570952460979172,-0.8276374719704939,0
0.04613012956790785,2.4751410117613832,0
-0.06969952529510605,0.02132946870458836,0
-0.1377563852891369,-0.3917383732680108,0
19.158194182611435,0.6545923077434928,0
-0.0828797358265861,0.004790661788701312,0
-0.1377563852891369,-0.3917383732680108,0
0.15573630804698327,-0.8305900799633773,0
0.028417467581159754,-0.9099239532245097,0
0.16990983219989755,-2.035300609031618,0
-0.1377563852891369,-0.3917383732680108,0
-0.0005720228300198896,-0.13916199980319477,0
-0.1377563852891369,-0.3917383732680108,0
-0.028541651576173787,-0.2789426518055492,0
-0.1377563852891369,-0.3917383732680108,0
0.03747504488019207,-0.13747472806450756,0
-0.1377563852891369,-0.3917383732680108,0
-0.11655225480446865,-0.13139895381802807,0
0.006700666696449873,-0.7044532772396551,0
0.05654747912792203,-0.545966300689681,0
0.09967538119534658,-0.5948348255871594,0
-0.0482002780790873,-0.17361381201773907,0
0.024608823896503006,0.6080988862057299,0
0.025511457143754048,-0.8713982290779558,0
-0.04724506167027042,-0.015238273448539752,0
0.015475159792750413,-0.7538835862800894,0
0.05416352572529035,-0.8870603544950081,0
0.030667083445322624,1.849671181083984,0
-0.1377563852891369,-0.3917383732680108,0
-0.14152459750363255,-0.5704868325251016,0
-0.1377563852891369,-0.3917383732680108,0
0.006517443662761921,-0.08435051333572935,0
-0.1377563852891369,-0.3917383732680108,0
-0.024620314535810924,0.6036860028072882,0
-0.1377563852891369,-0.3917383732680108,0
0.004963436414275186,1.3063921657080637,0
-0.02796663804472546,-0.34172009100173273,0
-0.1377563852891369,-0.3917383732680108,0
-0.027107500497392082,-0.26877164703755096,0
0.13793057461802707,1.1788077457082293,0
0.286197025503799,-2.8155719120622904,0
-0.015650384337252184,0.9647741014078455,0
0.09552539021489954,0.7041529320052557,0
0.020877968302500643,-0.5859468191369411,0
-0.1377563852891369,-0.3917383732680108,0
-0.018235480666291343,-0.9141790863957028,0
-0.02695117221473413,1.3087419543279355,0
-0.049040076105581115,-0.05050697785480957,0
-0.06737681035984465,0.04682504285019164,0
0.04989834178240351,2.653889471018474,0
-0.0007452353652911656,-0.08445328874616792,0
-0.010833178879744026,-0.42118216027408334,0
-0.06424219834101479,0.0477890047924472,0
-0.058432069238553035,0.16540480276637112,0
-0.07444674693325783,0.3182665569576839,0
-0.05078092766441745,0.3941509794003878,0
-0.1377563852891369,-0.3917383732680108,0
0.0044055395835278606,-0.49019482959574884,0
-0.1377563852891369,-0.3917383732680108,0
-0.1377563852891369,-0.3917383732680108,0
0.07331462884736188,-0.425412383951103,0
-0.0374820875975598,0.9055564791072204,0
0.06362275521627164,2.4745366886279334,0
-0.03079336013956103,-0.5634223453331692,0
0.02956895187918371,-0.017042515738363902,0
-0.027538475207405405,0.06703867425085311,0
-0.1377563852891369,-0.3917383732680108,0
-0.1377563852891369,-0.3917383732680108,0
-0.05949630100118933,-0.4212128326542787,0
-0.014095436994518396,-0.2670476987383571,0
-0.014993081809892948,1.0701062542065418,0
-0.1377563852891369,-0.3917383732680108,0
-0.14152459750363255,-0.5704868325251016,0
-0.04539053435688495,-0.05311579117018899,0
-0.04868787964064808,-0.20510280469180295,0
-0.06211613643299473,-0.4209016897892499,0
0.05296489844537112,-0.7189093107981785,0
-0.020454892530151515,-0.016009424520291807,0
-0.0059972755475715825,-0.550020990451208,0
0.004657725444554592,-0.22807057970773978,0
-0.1377563852891369,-0.3917383732680108,0
-0.1377563852891369,-0.3917383732680108,0
-0.1377563852891369,-0.3917383732680108,0
-0.021827731581326226,-0.4189071921172087,0
-0.0003217228800116119,-0.21175104296054048,0
-0.04504089130651325,-0.12407102941491269,0
-0.05266940600627607,0.12832924296008139,0
-0.016093366079565713,-0.65731834556276,0
-0.01256917598368794,1.5365765577881538,0
-0.05089670624942153,0.43936721589109695,0
-0.045240275096340175,-0.5112048183100041,0
-0.0608862651028421,-0.5821471967643137,0
0.1591673907755822,2.3541845652007427,0
0.14094704429395802,-0.34791165030409027,0
0.130877206800924,-1.7660604631375132,0
0.006705553711567693,1.0019729529352925,0
0.04906790025209978,1.4929663392747046,0
-0.05992080278548725,-0.12603182558947018,0
-0.1377563852891369,-0.3917383732680108,0
-0.1377563852891369,-0.3917383732680108,0
0.043597199391605404,-0.38628114085645393,0
-0.01704098470122676,-0.258614063245767,0
0.07776009115995869,-1.1272189747216228,0
-0.02247736105432297,-0.2525533136782243,0
-0.05033781590971333,-0.2340709153350244,0
0.1879867711409382,-0.9383009166514023,0
-0.1377563852891369,-0.3917383732680108,0
0.04119019089508806,-1.036421175690197,0
-0.13398817307464125,-0.21298991401092005,0
0.009744947815253188,0.16320739761269376,0
0.061348797734081174,0.8033153597131615,0
-0.004418912776413294,1.7019662445861563,0
-0.1377563852891369,-0.3917383732680108,0
0.031293912862195024,0.19630215068351742,0
0.05190309364570042,1.5619534728323796,0
0.22916356317007644,5.038712808650607,0
-0.1377563852891369,-0.3917383732680108,0
-0.1377563852891369,-0.3917383732680108,0
-0.06464811784405426,0.12089038063609157,0
0.03748022126458004,-0.8211962873727098,0
-0.0515275292309429,0.2309063465552549,0
-0.14152459750363255,-0.5704868325251016,0
-0.004418912776413294,1.7019662445861563,0
0.0007861948679994959,0.8861298342971082,0
-0.1377563852891369,-0.3917383732680108,0
0.04883846063259694,-0.8380867879746555,0
-0.024589266376647302,-0.2394646866968212,0
0.15621053851164554,4.049364113774754,0
0.05702285195974365,1.4921608916610603,0
0.015322428209795028,1.8687978646097558,0
0.113946820561453,-1.6655788017458986,0
-0.08238351426987038,-0.20987733195319552,0
-0.0521017941257848,0.5665318959890091,0
0.012875415839549285,0.2142632067349611,0
0.023464151941934408,0.933813496499201,0
-0.014556827258084812,-0.3776610912901015,0
-0.05508536466167161,0.014798548719685582,0
-0.01357532656398284,0.06606979976065684,0
-0.1377563852891369,-0.3917383732680108,0
-0.0651400433983565,-0.5514598556882011,0
-0.015218096231988144,-0.8806519636785478,0
-0.06709711566087458,0.12785702053867118,0
0.08564954767403393,3.20328126156723,0
-0.1377563852891369,-0.3917383732680108,0
0.02368036806371372,-0.6885421299719205,0
-0.1377563852891369,-0.3917383732680108,0
-0.05646666498626025,-0.5248777073470908,0
-0.1377563852891369,-0.3917383732680108,0
-0.1377563852891369,-0.3917383732680108,0
-0.017913153381161187,0.2859234092233349,0
-0.002078198041144488,0.1773079830831718,0
-0.04362760810610632,-0.28964367851585987,0
-0.1377563852891369,-0.3917383732680108,0
-0.04129976132354769,0.06707655624639487,0
-0.06704605066356203,-0.054896109062610034,0
-0.06549644333658515,-0.06171039572508761,0
-0.0443177848017535,0.3462931543054525,0
-0.1377563852891369,-0.3917383732680108,0
-0.042871023661775275,-0.42885213104368036,0
-0.0734764437856154,0.06347319062420263,0
0.06763486979401294,-0.82305839902708,0
0.044672410763877526,2.475191372022504,0
-0.1377563852891369,-0.3917383732680108,0
-0.1377563852891369,-0.3917383732680108,0
-0.1377563852891369,-0.3917383732680108,0
-0.056296412078153904,0.19204816857543017,0
-0.1377563852891369,-0.3917383732680108,0
-0.042081579364389325,-0.5170259470649592,0
-0.07368762866993826,-0.2568058530037182,0
-0.0372899878144478,0.09950643705508987,0
-0.1377563852891369,-0.3917383732680108,0
-0.1377563852891369,-0.3917383732680108,0
-0.1377563852891369,-0.3917383732680108,0
0.04103552893586579,-0.7445697841512315,0
-0.08441038164424745,-0.1456099874285536,0
-0.05843015782973259,0.5061133661831109,0
-0.0525387603438844,0.2347976915951241,0
-0.04120068870429917,0.012741917525403613,0
0.06264660233820353,-0.9359746977064324,0
-0.03970241499761458,0.14219988933573116,0
-0.08551115060710184,0.024350802840117185,0
0.04696311174163944,2.475112234469314,0
-0.1377563852891369,-0.3917383732680108,0
-0.03946436774734737,0.3107325072762557,0
-0.03671876449254008,-0.014232568768976762,0
-0.06364672507537555,0.3472133239762336,0
0.028939982557839465,-0.909292345936193,0
-0.1377563852891369,-0.3917383732680108,0
-0.07561892627627977,0.07287397716979131,0
-0.054100954943357725,0.7474595496920717,0
0.01453276195472366,-0.5112983026588834,0
-0.03800092127502698,-0.4143455848498045,0
0.06957820064253566,-0.618868437312342,0
0.0025113705334199716,0.6627210296759686,0
-0.05523554192441817,0.42890781966764124,0
-0.08021692134949274,0.19859109370812295,0
-0.1377563852891369,-0.3917383732680108,0
-0.0694731986070823,0.6242372779561592,0
0.04613012956790785,2.4751410117613832,0
-0.055261188601895564,0.5163892698686366,0
-0.06451551271471272,0.7550206946307647,0
-0.1377563852891369,-0.3917383732680108,0
-0.1377563852891369,-0.3917383732680108,0
-0.07088460672795725,-0.15405955004309654,0
-0.031463186796496845,0.0967413713752296,0
-0.1377563852891369,-0.3917383732680108,0
-0.1377563852891369,-0.3917383732680108,0
-0.1377563852891369,-0.3917383732680108,0
-0.0222430165447781,-0.26145465775096394,0
-0.009058396836162946,-0.14584731983564717,0
0.04051849618321175,1.7116075197561718,0
0.13091952408922536,0.642019521629931,0
0.0036275706774125875,0.9220437834867358,0
-0.1377563852891369,-0.3917383732680108,0
-0.1377563852891369,-0.3917383732680108,0
0.02117870573550582,1.7882790709967342,0
-0.1377563852891369,-0.3917383732680108,0
-0.040061266772059824,0.4788918443619882,0
0.004164166273378767,-0.32115107200310494,0
-0.1377563852891369,-0.3917383732680108,0
-0.01563031072344927,-0.6444850486895073,0
-0.1377563852891369,-0.3917383732680108,0
-0.004585851298065348,-0.6460465369725846,0
-0.006371446806544814,-0.656167216708384,0
-0.05816613157445745,0.8501639584878661,0
-0.09184053744704476,0.14299148545298943,0
-0.071388488443299,-0.08460549552345746,0
-0.0656375353444837,-0.4850563022705697,0
0.0424051248839478,1.403742015147449,0
-0.01100327581118954,-0.309498431437798,0
-0.1377563852891369,-0.3917383732680108,0
-0.1377563852891369,-0.3917383732680108,0
0.01427172657397887,1.898016672199999,0
-0.06592069598328157,-0.40262511759052333,0
0.01975897386054222,-0.8179583084767975,0
-0.09306524512293211,-0.17137639986247227,0
-0.03447392656837858,-0.5459995074578263,0
0.09111585317815836,2.456117623092842,0
-0.04249164883555021,-0.19000720931533416,0
-0.05612071951689649,0.48508616449656417,0
0.14830929345375485,-0.8828875488503464,0
-0.08721728459582925,0.013248838489359342,0
-0.03960956179049225,1.1001675107492543,0
-0.1377563852891369,-0.3917383732680108,0
0.1484777982206217,4.049587456872691,0
-0.00483085399722646,-0.6416458383292257,0
-0.1377563852891369,-0.3917383732680108,0
-0.1377563852891369,-0.3917383732680108,0
0.13730821625631956,-0.560968812324758,0
-0.052683095281393734,-0.542474322988447,0
-0.1377563852891369,-0.3917383732680108,0
0.011152534404731723,0.2545470396360468,0
0.04513783729317463,2.4751760966821097,0
0.185474533042741,-2.278733679525311,0
-0.03556482216839325,-0.8176600339730526,0
-0.056083524975797376,-0.1722984168684419,0
0.01156311898365335,-0.5961396055569058,0
-0.004611540366054377,-0.6049746420493578,0
0.10634848171961847,-0.9761197360105465,0
-0.03408005684210077,0.6622192022404243,0
-0.03649921768076706,0.4808184029074116,0
-0.1377563852891369,-0.3917383732680108,0
-0.1377563852891369,-0.3917383732680108,0
-0.034737815188687425,0.03577067863161568,0
-0.1377563852891369,-0.3917383732680108,0
-0.05686822896558287,0.6658670547124489,0
-0.1377563852891369,-0.3917383732680108,0
-0.017196459784725053,0.4146042514241454,0
-0.1377563852891369,-0.3917383732680108,0
-0.1377563852891369,-0.3917383732680108,0
-0.06067828519937903,0.513941452282586,0
-0.1377563852891369,-0.3917383732680108,0
-0.1377563852891369,-0.3917383732680108,0
-0.1377563852891369,-0.3917383732680108,0
-0.1377563852891369,-0.3917383732680108,0
0.002522759462693438,-0.9866530935129578,0
-0.0532844284007764,-0.08811800150538572,0
-0.09643685169909393,0.24050120707427697,0
-0.1377563852891369,-0.3917383732680108,0
-0.026764753685433542,-0.014671020271176506,0
-0.043895584585314236,-0.39661354827042533,0
-0.1377563852891369,-0.3917383732680108,0
-0.1377563852891369,-0.3917383732680108,0
-0.1377563852891369,-0.3917383732680108,0
-0.02816079875670995,0.4716709088961597,0
-0.1377563852891369,-0.3917383732680108,0
-0.1377563852891369,-0.3917383732680108,0
-0.1377563852891369,-0.3917383732680108,0
-0.1377563852891369,-0.3917383732680108,0
-0.04057945530889506,0.34411122167588953,0
-0.008338061231985307,-0.49943290109114785,0
-0.05850724255793901,-0.12897190394049643,0
-0.04346910810685841,-0.6933578686670228,0
0.0986290876895291,-0.8541987628329131,0
-0.009355923547756752,1.2491969279099142,0
-0.1377563852891369,-0.3917383732680108,0
-0.0025420270148743722,0.7170088644452478,0
-0.0391472420198395,-0.32743259662242385,0
-0.1377563852891369,-0.3917383732680108,0
-0.07599745325450308,-0.20115606162422212,0
-0.019147488809275668,0.6743502284419803,0
-0.1377563852891369,-0.3917383732680108,0
0.0825818423061374,0.6248905742539831,0
-0.13398817307464125,-0.21298991401092005,0
-0.007740553061215087,-0.04553866622270594,0
0.09874581939422392,-1.4035891212012093,0
0.012957698621038702,-0.8079654053901809,0
-0.04637583227210099,-0.375977359550993,0
-0.07410356992679974,0.17306773327848735,0
-0.04552100049197482,-0.038032339780492204,0
-0.009028774968161974,0.1865870498324521,0
0.17634484342034928,4.048782578915979,0
-0.05086534354360182,0.7249283711128763,0
-0.01217426193447437,-0.31353333582330334,0
-0.02777458899673108,0.3450836134770218,0
-0.036181116460643356,-0.3698978276336287,0
-0.1377563852891369,-0.3917383732680108,0
0.13153102234700972,0.3815424044032764,0
-0.05947226075977021,0.30488470300262605,0
-0.1377563852891369,-0.3917383732680108,0
-0.05983655743835057,0.2078536026748924,0
-0.1377563852891369,-0.3917383732680108,0
-0.02154483624170424,-1.0671894382590232,0
0.08461395352749568,-0.34038164541205945,0
0.19150184169097798,0.10377884777931336,0
-0.0030369496999481573,1.143532860802188,0
-0.1377563852891369,-0.3917383732680108,0
-0.1377563852891369,-0.3917383732680108,0
-0.13398817307464125,-0.21298991401092005,0
0.0096223272675955,-0.3921137883900699,0
-0.06139043910127914,0.8853948831351556,0
-0.02747509275804226,0.19531731998205476,0
0.07679595469397842,0.5210490390985755,0
0.07234593991354002,-0.33618888001797514,0
0.07841022838670725,1.2108612383437596,0
-0.1377563852891369,-0.3917383732680108,0
0.012945245442983672,-0.06701794545956354,0
-0.005876213542573743,-0.31822230367869947,0
-0.05884782343381674,0.8357723480831446,0
-0.07007124618986024,-0.12414128541466105,0
0.024894424391372964,-0.7139771790416374,0
-0.03300668498742021,-0.0913118798705759,0
-0.1377563852891369,-0.3917383732680108,0
-0.052466674135102885,0.20060503997891066,0
0.2117984524081095,-1.3136664481322617,0
0.025882596357051053,1.9040720968981217,0
0.01189789567296282,0.03752425946039163,0
0.15562693547081355,4.049380969857617,0
0.07486008247553302,-1.5316680889544263,0
0.044672410763877526,2.475191372022504,0
-0.07488491372654792,0.5467399718879364,0
-0.1377563852891369,-0.3917383732680108,0
-0.03646646602876103,0.26913008995613596,0
-0.019016002557680965,1.2202421398874805,0
0.4755764360128727,-3.225996484827999,0
-0.08675464585521145,-0.5806220044594621,0
-0.1377563852891369,-0.3917383732680108,0
-0.010027327815131873,-0.13737560982003594,0
0.05802766170846094,-0.0937640908592104,0
-0.1377563852891369,-0.3917383732680108,0
-0.1377563852891369,-0.3917383732680108,0
-0.1377563852891369,-0.3917383732680108,0
0.02658025473980321,-1.3211807184170468,0
-0.1377563852891369,-0.3917383732680108,0
0.05316368471147581,-0.22866801855671626,0
-0.1377563852891369,-0.3917383732680108,0
-0.1377563852891369,-0.3917383732680108,0
-0.1377563852891369,-0.3917383732680108,0
0.1643745662842284,-1.0272793693191302,0
0.17436421717932135,-1.514377220437652,0
-0.0897585820288059,-0.16520961166495388,0
0.21574832150332449,-2.0254779491684154,0
-0.04215930154221295,-0.5010698972195462,0
-0.08771634353177114,-0.40088789798387686,0
-0.1377563852891369,-0.3917383732680108,0
0.022744424332243312,-0.44079754971220636,0
-0.07758488998531464,-0.2709500891642114,0
0.13242332413353497,-1.669788617509074,0
-0.007752608911783729,0.2968821051749561,0
-0.1377563852891369,-0.3917383732680108,0
-0.001231512329276348,-0.1903191743944369,0
-0.07518867320468772,0.07202254127083861,0
0.7687691918097427,1.2798365633388493,0
-0.1377563852891369,-0.3917383732680108,0
-0.1377563852891369,-0.3917383732680108,0
0.05868056999022447,2.673092808853926,0
0.13911693649468512,3.789362991009515,0
0.08298258238446689,-1.5252879419545948,0
-0.010652663788271031,0.21350222380560724,0
0.03450949395146582,-0.41193227306843827,0
-0.006721284472164941,0.013482793498915817,0
-0.0701729715295345,0.14130795220935424,0
-0.09174957385336167,-0.23041629714807652,0
-0.1377563852891369,-0.3917383732680108,0
-0.1100214858551804,-0.14538942625045526,0
-0.1377563852891369,-0.3917383732680108,0
-0.1377563852891369,-0.3917383732680108,0
-0.1377563852891369,-0.3917383732680108,0
-0.043534799568292724,0.1340822434883196,0
0.02286926511406468,-0.4559695817592212,0
-0.046460770241980746,0.217007645550166,0
0.015140124123297509,-0.9620041602186024,0
-0.08267498699792135,-0.020667283049244343,0
-0.1377563852891369,-0.3917383732680108,0
0.021452957645592692,-0.6631696548261959,0
0.08233986228418544,0.15661260500121987,0
0.24551222302236184,-1.7855629252783878,0
0.044672410763877526,2.475191372022504,0
0.43150587451012806,-2.7311932627019235,0
0.03834104922562345,0.42648584313290827,0
0.11357551354142456,0.07675008334445942,0
-0.048591772411394875,-0.3815503458466565,0
0.09773838119555814,-1.573349223522487,0
-0.026295285256766374,0.7284826982890344,0
-0.019854340181933355,-0.5951983654834462,0
-0.1377563852891369,-0.3917383732680108,0
0.11806453082011092,0.41270512834205825,0
-0.08397010143772478,-0.44442984162937993,0
-0.034644764074193875,0.6713771738356601,0
-0.02741798374784788,0.13854874036718,0
0.18259315731371398,-1.2064044267905314,0
0.01710187446259842,0.024350243365196974,0
-0.1377563852891369,-0.3917383732680108,0
-0.04862754552602101,0.22681328756138147,0
0.01342452499705897,1.5874786980039142,0
0.02895531038140412,-0.3864455323642812,0
-0.1377563852891369,-0.3917383732680108,0
-0.027722846586965992,0.24713392227023767,0
-0.09600933274230912,0.16855676576733514,0
-0.016653583889545617,0.15755957342682875,0
0.07729670139398534,-0.8884982159104416,0
-0.02222411220627118,1.3704542203295602,0
0.01655640515190783,-0.31417330834402196,0
-0.09005567669719254,-0.14027972386752746,0
-0.001105238402655077,0.4147379920754446,0
-0.1377563852891369,-0.3917383732680108,0
-0.11996611204081309,-0.2659233048911621,0
-0.1377563852891369,-0.3917383732680108,0
0.03459646790437158,-0.24929480616218436,0
-0.04338307984355612,0.2535667190814223,0
0.06033930977171917,1.84277959295081,0
0.0030782291102888167,0.06256937407185074,0
-0.1377563852891369,-0.3917383732680108,0
0.05752536419870359,1.6495014217433408,0
-0.1377563852891369,-0.3917383732680108,0
-0.022467276507804335,0.5077041170886,0
-0.05649078788287729,-0.08154234137392954,0
0.12288307273126237,-0.56857932119906,0
-0.001547856782111541,1.0836700197061855,0
-0.14152459750363255,-0.5704868325251016,0
0.07070680018462563,-0.08605726165609759,0
0.028855714905208444,-0.23410529496485596,0
0.14468437845521376,4.0496970214113,0
-0.1377563852891369,-0.3917383732680108,0
-0.1377563852891369,-0.3917383732680108,0
0.0010823148041289408,-1.1497215443761226,0
0.10002277231825897,-0.7592199240817986,0
0.21833315332647152,-0.9543478630332075,0
-0.05947537686290234,0.474769936494976,0
-0.05447359620856761,0.5846959730777598,0
-0.1377563852891369,-0.3917383732680108,0
-0.04098314929511521,-0.08040556554793146,0
-0.047285681205603516,-0.12596764003942432,0
0.07100442794426874,0.5030239912983224,0
0.1417742113017203,3.008472688710667,0
0.04235810985440693,1.5295125247272041,0
0.04027374021499359,0.03917159964827027,0
-0.10861558401890192,0.013363432755727168,0
-0.09152158376809391,0.07606805875295593,0
0.026459895835881254,0.44763304214891797,0
-0.01905059858538589,-0.12214252995967245,0
0.1078689293413249,0.0917070570936277,0
0.08378383788576407,-0.026537560743479058,0
0.04488201329928145,-0.15726185521356004,0
-0.06504023742664591,0.30982340125383384,0
0.048169718258045814,-0.584977166054148,0
-0.11137889978766728,0.8595008415316244,0
-0.020788471907086475,0.1895974184426663,0
-0.01831229084357877,-0.13384546343933165,0
-0.1377563852891369,-0.3917383732680108,0
-0.02872464128276222,0.23899018029573127,0
-0.1377563852891369,-0.3917383732680108,0
-0.04973862891117485,0.5747222795704965,0
-0.1377563852891369,-0.3917383732680108,0
0.009586697020665415,-0.19455302428688004,0
-0.08925535466182549,0.18429421841342558,0
0.03826442975747098,-0.6618311772206844,0
0.04296072902386023,0.04779873403123887,0
-0.004347889665436172,-0.5429316372156109,0
-0.1377563852891369,-0.3917383732680108,0
-0.1377563852891369,-0.3917383732680108,0
-0.05015600613340031,0.5862822094632767,0
-0.14152459750363255,-0.5704868325251016,0
-0.1377563852891369,-0.3917383732680108,0
-0.1377563852891369,-0.3917383732680108,0
-0.06081841123477019,0.20082993329287313,0
0.10749026643508562,-1.2277325016212286,0
-0.020869331559983714,0.15827542528845737,0
-0.0110760124735072,-0.042733961141001496,0
-0.04755555858576585,0.46880169089895574,0
-0.1377563852891369,-0.3917383732680108,0
0.1464351875777097,4.04964645316271,0
0.023214730522679677,1.9958459475684538,0
-0.06524552057909454,-0.4042778375161291,0
-0.07426590837977809,-0.5351486814136539,0
0.08571901003469624,-1.0012462041093808,0
-0.015084243525746499,-0.10803086634450627,0
-0.0333303421113403,-0.03205637216902161,0
-0.030626623813814893,1.1871603197169098,0
-0.05822598684052238,0.5667808572854612,0
-0.03907988343761543,0.13736623400081963,0
0.026092322139669014,-0.2920822207272643,0
0.013136597235492126,-0.24132182502609562,0
0.01889844540101805,-0.29819084008490937,0
0.030094674889333484,-0.6729043435623817,0
-0.1377563852891369,-0.3917383732680108,0
-0.1377563852891369,-0.3917383732680108,0
-0.1377563852891369,-0.3917383732680108,0
0.0458623314979174,-0.3543596476518049,0
0.05131661542371267,-0.6311134819802947,0
-0.022673537900610524,-0.12963313656085493,0
0.1276218007924277,-1.2903885640459758,0
-0.04001869825064913,0.16057058621587647,0
-0.1377563852891369,-0.3917383732680108,0
-0.1377563852891369,-0.3917383732680108,0
-0.1377563852891369,-0.3917383732680108,0
-0.1377563852891369,-0.3917383732680108,0
-0.006021002680956097,-0.22858750952882773,0
0.044672410763877526,2.475191372022504,0
0.03280132520138718,-0.3828260207672666,0
-0.09233568213489228,0.07994923036523584,0
-0.028764697430378613,0.07695173324519118,0
0.30555680357200454,-1.4475243287801842,0
-0.1377563852891369,-0.3917383732680108,0
0.04173634122142445,-0.9969771016736184,0
-0.04114726116964889,-0.09229054356299482,0
0.11297450788083216,-1.1247178433857805,0
0.09718432633914789,-1.1668903055087043,0
-0.14152459750363255,-0.5704868325251016,0
-0.1377563852891369,-0.3917383732680108,0
0.47402383489626265,3.7949375434879116,0
-0.027217833412117014,0.3814153191819843,0
-0.14152459750363255,-0.5704868325251016,0
-0.1377563852891369,-0.3917383732680108,0
-0.0023927407125260065,-0.7535311285694376,0
-0.14152459750363255,-0.5704868325251016,0
-0.1377563852891369,-0.3917383732680108,0
-0.1377563852891369,-0.3917383732680108,0
0.03423074135463144,-1.247645745475667,0
0.0813048613440277,-0.8043534626092255,0
0.016406386247331605,0.42909723251400367,0
0.011844091083916972,1.7050628068265912,0
0.11432501143959699,-0.5839473936895696,0
-0.1377563852891369,-0.3917383732680108,0
-0.06762722313733749,-0.10555428071705178,0
0.06601644634609803,0.43038017278948204,0
-0.1377563852891369,-0.3917383732680108,0
-0.1377563852891369,-0.3917383732680108,0
-0.048622563888747396,0.43409848696956654,0
-0.14152459750363255,-0.5704868325251016,0
-0.1377563852891369,-0.3917383732680108,0
-0.1377563852891369,-0.3917383732680108,0
-0.1377563852891369,-0.3917383732680108,0
-0.023306086694082205,0.4664237231674101,0
-0.07965060031542993,0.16814034270223244,0
0.019939243460880995,1.181915204908411,0
-0.022441916898810692,-0.006897027367356814,0
0.15759260943562123,1.2758594063940838,0
-0.1377563852891369,-0.3917383732680108,0
-0.06609321175026403,0.17593631482389754,0
-0.013373841713716608,0.6411209011050558,0
0.12795002558320515,-1.1389438565411978,0
-0.1377563852891369,-0.3917383732680108,0
0.0819529328322061,1.7109270226762678,0
0.10495219018032727,2.2206766495578694,0
-0.015379265504021362,-0.44067331201602217,0
-0.1377563852891369,-0.3917383732680108,0
0.017312063154321416,-0.597980354169248,0
-0.1377563852891369,-0.3917383732680108,0
-0.1377563852891369,-0.3917383732680108,0
-0.1377563852891369,-0.3917383732680108,0
-0.041882987255607046,-0.21831721658192063,0
-0.13398817307464125,-0.21298991401092005,0
-0.03748497452277948,0.1560176734358574,0
0.05473836437058129,0.8671095031985613,0
-0.05641907225079411,-0.570091806648758,0
-0.1377563852891369,-0.3917383732680108,0
-0.05052060006496004,0.9675091708190151,0
-0.04329879413047286,-0.10243184657214836,0
-0.14152459750363255,-0.5704868325251016,0
-0.1377563852891369,-0.3917383732680108,0
-0.056331883025481026,0.003921975227562502,0
-0.020136163805392435,0.6173105231789351,0
-0.1377563852891369,-0.3917383732680108,0
-0.1377563852891369,-0.3917383732680108,0
-0.1377563852891369,-0.3917383732680108,0
-0.1377563852891369,-0.3917383732680108,0
-0.017922275452654533,0.01673441080816308,0
0.012032698423909121,-0.4707557493876796,0
0.02656664737408421,-0.24442195598803423,0
-0.007912852447643429,-0.7977953756180194,0
-0.1377563852891369,-0.3917383732680108,0
0.054736641653064175,-0.67321529260073,0
0.044672410763877526,2.475191372022504,0
-0.1377563852891369,-0.3917383732680108,0
0.05516206389690607,-0.44019083114765145,0
-0.1377563852891369,-0.3917383732680108,0
0.11273107708442975,-0.03740327826824392,0
0.05899588713550115,1.4413403256187116,0
0.04488065630731043,2.4751841776994867,0
0.1674364177317965,-1.8375038806610402,0
-0.0701716944427548,0.17245533179537506,0
-0.1377563852891369,-0.3917383732680108,0
-0.033444907691094344,-0.4445431168233238,0
-0.1377563852891369,-0.3917383732680108,0
-0.02667080459357278,-0.12125003168113747,0
-0.05276038667588955,-0.18495120479255608,0
0.07704990840872498,2.371905002747839,0
0.0649286851635632,-0.547015818698069,0
-0.13398817307464125,-0.21298991401092005,0
0.08133382127727637,1.453818319254918,0
-0.010764665157468366,0.2763396967852145,0
0.06967523697689296,0.1714363185754938,0
0.06675244328219586,-0.6433786385687207,0
-0.03171104818867434,0.12635372665310374,0
0.04782617276192277,-0.17997718737091017,0
0.024988617904133918,-0.1032961519843591,0
0.022985439982679542,1.816195813111737,0
-0.13398817307464125,-0.21298991401092005,0
-0.020658190441065972,0.11036945110168256,0
-0.04343700853268532,-0.0679801064167917,0
0.014098266215672891,-0.5304814249758482,0
0.009580813992217855,-0.5175603777645666,0
-0.1377563852891369,-0.3917383732680108,0
0.013249647609550538,-0.5078182334689443,0
-0.037188981620329124,0.06991625123145369,0
0.008209972331816745,-0.8464856170205143,0
0.3000040983151174,3.0473875402089874,0
-0.010246702554269379,-0.17842182446111826,0
0.01697605019936648,0.1375288240816592,0
0.08620372464658613,-0.7170919576036564,0
-0.13466722340006598,-0.4159899884009653,0
0.0009841043885590337,-0.41078675986893565,0
-0.0717809424689963,0.1302693680526156,0
-0.06256010098045657,-0.06301721011929512,0
-0.13398817307464125,-0.21298991401092005,0
0.09080605401335624,-0.5343994219848487,0
-0.1377563852891369,-0.3917383732680108,0
-0.1377563852891369,-0.3917383732680108,0
0.13234378454912943,2.472162562032239,0
-0.01441227092351978,-0.7983026631616604,0
0.03829738260526395,-0.8890578932135761,0
0.044672410763877526,2.475191372022504,0
-0.0354761606012161,-0.10695400828721854,0
0.06717072191660518,1.7008084305142073,0
0.01962698734598726,-0.3858502919085607,0
0.25081214315258754,-1.157251758674051,0
-0.00914372438783097,-0.3803893662732212,0
-0.1377563852891369,-0.3917383732680108,0
-0.05211596428953168,-0.014143957927870323,0
0.015575552145609094,-0.6819610128591052,0
-0.004997338850564867,0.10087450156341805,0
0.47079060280356627,-2.632506889700663,0
0.031127324506878613,-0.29424181864041404,0
-0.14152459750363255,-0.5704868325251016,0
-0.01224292151846908,-0.24910244745127463,0
-0.1377563852891369,-0.3917383732680108,0
-0.029609482779995592,-0.4132245448330305,0
0.03428263830792759,-0.6139524344506361,0
-0.06844567069699518,0.17839753593071278,0
0.15020069860363527,-0.9679916217238188,0
0.021118717328844194,-0.8663178590976653,0
-0.1377563852891369,-0.3917383732680108,0
-0.13398817307464125,-0.21298991401092005,0
-0.0068375599073525984,1.769316528959165,0
-0.07388167327004329,-0.09981733026736969,0
0.029998628866622218,-0.6117690128708448,0
-0.00770500883654163,-0.6434802476730447,0
-0.1377563852891369,-0.3917383732680108,0
-0.019951158079862703,-0.024689250528058548,0
0.023303556623104595,0.03236531978479701,0
-0.020121995205650722,-0.6493208135359692,0
-0.1377563852891369,-0.3917383732680108,0
0.01090705726078046,-0.6113491354431123,0
-0.1377563852891369,-0.3917383732680108,0
0.0449582837005626,0.2518186255190639,0
-0.1377563852891369,-0.3917383732680108,0
0.00948742246506681,-0.4483697422939706,0
-0.05378500122798241,-0.3192835019518342,0
-0.1377563852891369,-0.3917383732680108,0
0.03786436858570494,0.42966214432215655,0
0.12178109886128731,0.28278054737592273,0
0.03782087175266246,-0.7729847900660466,0
0.04345474905206984,2.7588266131380683,0
-0.1377563852891369,-0.3917383732680108,0
-0.1377563852891369,-0.3917383732680108,0
0.25720819480112994,-2.088464270571561,0
-0.1377563852891369,-0.3917383732680108,0
0.16689127297466674,-0.4233704670873467,0
-0.14152459750363255,-0.5704868325251016,0
0.024628293479195117,1.7001103235778698,0
-0.021430474470432816,-0.27451548759657707,0
0.01859821728122771,0.8383201761302506,0
-0.1377563852891369,-0.3917383732680108,0
-0.1377563852891369,-0.3917383732680108,0
-0.1377563852891369,-0.3917383732680108,0
-0.1377563852891369,-0.3917383732680108,0
-0.1377563852891369,-0.3917383732680108,0
-0.055086567951963775,0.4798586609288016,0
-0.01834181535285456,-0.8065097954395863,0
0.0420050518423376,0.07384092532052688,0
-0.08876962650069334,1.931991597074169,0
-0.1377563852891369,-0.3917383732680108,0
-0.1377563852891369,-0.3917383732680108,0
-0.1377563852891369,-0.3917383732680108,0
-0.1377563852891369,-0.3917383732680108,0
0.19476396153111977,-1.2041775019676744,0
0.11103390396337282,-1.1097840972753052,0
0.14789419517978972,4.0496043129555535,0
0.20923792650372572,-1.2160199909135552,0
-0.015252655132521224,1.2100239849172807,0
-0.1377563852891369,-0.3917383732680108,0
-0.0472456929850319,0.9679706758419364,0
0.10072644851502846,2.1833896199883176,0
0.2881327027429309,-1.873851953349594,0
0.018921271248944962,-0.2400421222140433,0
-0.01676516886472281,0.5791835019355337,0
-0.00787552271433543,-0.3751785267647757,0
0.01771750689486718,2.0090919051083382,0
0.1201376844979524,-1.3821349246419996,0
-0.1377563852891369,-0.3917383732680108,0
-0.03768735215032483,-0.14352464037477947,0
-0.14152459750363255,-0.5704868325251016,0
0.030384321996099646,1.186332657580256,0
-0.022396077619434348,0.4793481735195505,0
-0.021159124582057126,0.9347014755367069,0
0.05050328597999876,2.4749899309780203,0
-0.0027116606551642795,0.048075782515991525,0
-0.046504426125043886,-0.24018729611999515,0
0.24517985890298621,-2.2979458232052243,0
0.011809281432832086,-0.693661508017332,0
0.14055118270202294,-0.6975034657247775,0
0.14699396555499936,-1.0380626989094746,0
-0.14152459750363255,-0.5704868325251016,0
-0.0775664563257685,0.015874128217061894,0
-0.14152459750363255,-0.5704868325251016,0
0.055557759814400136,-0.34714244996737614,0
0.1276698856211549,-0.7581191855418099,0
0.005512593753956849,-1.0711734268476674,0
0.08832823821120253,-1.6092604970172233,0
-0.016619680724760288,-0.47356494252525216,0
-0.1377563852891369,-0.3917383732680108,0
-0.1377563852891369,-0.3917383732680108,0
-3.282162038542325e-05,-0.22073406262439357,0
0.08404790834112277,-1.3359575601013474,0
0.060340655638541234,-1.178211530541851,0
-0.1377563852891369,-0.3917383732680108,0
-0.01912946433120356,0.03216180302837726,0
-0.1377563852891369,-0.3917383732680108,0
0.010556035927398377,-0.5809478374376572,0
0.09486279845531999,2.4840400699265612,0
-0.04137241322019168,-0.017817721343954335,0
0.032674437081922844,0.7715897962233864,0
0.128980730237684,0.6607483575564418,0
0.0587507305902954,-0.5041360429331893,0
0.06935527952304803,-0.8470762367720455,0
-0.1377563852891369,-0.3917383732680108,0
-0.1377563852891369,-0.3917383732680108,0
-0.053651162569127275,0.23323421450745047,0
-0.004840215897823829,-0.5909587860944419,0
0.011446306636195575,-0.5499471673827037,0
-0.1377563852891369,-0.3917383732680108,0
0.1541894175574508,3.778929655541877,0
0.09272948590347475,-0.24568247420120687,0
0.0141175172404101,1.9792454106837396,0
0.06391830273754182,-0.2808161039961639,0
0.09229874125202739,-0.48305817263536205,0
-0.00150173807994452,-0.5973889781177444,0
0.0026981876461987875,0.28045973735601776,0
-0.1377563852891369,-0.3917383732680108,0
-0.1377563852891369,-0.3917383732680108,0
0.0020664960969037113,-0.3479926823944751,0
-0.13398817307464125,-0.21298991401092005,0
-0.04378262302906807,0.8886018328032933,0
-0.030914830741003596,0.14493973761551038,0
-0.05499248886155139,-0.0363495918113414,0
-0.1377563852891369,-0.3917383732680108,0
0.10010872238247706,2.6589550179225645,0
-0.008898603182957461,-0.2580476692684549,0
0.01242965016811237,-0.6212539707304123,0
-0.005703655359173787,0.09221678129693921,0
0.012879668245941774,-0.26502709329532753,0
0.6613253786949855,3.049694378984433,0
0.15635105398520138,-0.8598321986900381,0
-0.017804836731255717,0.6872177939250276,0
0.16032574138419753,-0.7112599076242907,0
-0.032481299434492836,-0.12615245720322732,0
0.011945162820883367,0.539898003287538,0
0.18305675904181737,-1.0822717676862952,0
0.02539130462131203,0.2448653138880647,0
0.12662349344071994,-0.5108563838543713,0
0.08184169948547883,-0.06315479388457546,0
-0.005910305308278521,0.3432578597182283,0
-0.04358121636385384,-0.1991831921033359,0
-0.13398817307464125,-0.21298991401092005,0
-0.13398817307464125,-0.21298991401092005,0
-0.1377563852891369,-0.3917383732680108,0
0.049794347389977206,-0.21953698717734313,0
-0.07773100785453983,0.3101881509028028,0
0.1078132667853575,-0.12119818229588247,0
-0.024728920884158047,0.18471907378168134,0
0.02012597026357969,-0.6835455877832666,0
0.015858914966068838,-0.25914483491384793,0
0.023249986743353594,2.715805352840952,0
0.13087321054136025,0.04090017912496636,0
0.09642058732146788,-0.5196781911909705,0
0.2957101102119808,-1.6281501649098462,0
0.04652853959925657,0.1085543648968264,0
0.13719543512061436,-0.2039077962581653,0
-0.020200128383009032,0.04016033392096267,0
0.020415588858928545,1.370294472774457,0
0.05778532121533564,1.436363371981461,0
-0.013263256963744986,-0.6723001537985405,0
-0.13398817307464125,-0.21298991401092005,0
0.00415945677165855,1.6066414540531528,0
0.025831338492767413,-0.8084409811417053,0
-0.04200164119576756,0.05126923207409841,0
-0.018251898460103014,0.7884605756942333,0
0.0050200306519572494,-0.14797975946784275,0
0.06037832720972353,-0.6609346428286874,0
0.28363111362627236,1.9377877935911183,0
0.04989834178240351,2.653889471018474,0
0.08569271787753706,-1.2397119845852105,0
-0.03698590440143492,-0.24602814403175,0
0.08058869981129095,-0.8706655205474559,0
0.049690096238970576,2.6538966653414904,0
0.01816744232121852,0.00924497057848318,0
0.12225004967135929,-0.5933418364102396,0
-0.14152459750363255,-0.5704868325251016,0
0.17445669088709212,-0.639950156081896,0
-0.025270191533132733,0.8150677582525391,0
0.139169983450125,-1.0741484421488234,0
-0.0024563247902150516,0.07419513800406896,0
-0.0018416652980278317,0.08782769885220686,0
-0.022302718936068878,-0.26060722200694497,0
-0.14152459750363255,-0.5704868325251016,0
-0.05855311292265398,0.15974941968489723,0
0.02211576929672796,-0.6767121712156282,0
-0.04018950011014223,0.1557453890366066,0
-0.010676463903232724,1.4219999033092916,0
-0.017290351811241337,1.0606530265170555,0
-0.1377563852891369,-0.3917383732680108,0
0.11149127168375106,-1.3123077394212164,0
-0.02595582556018335,0.12877574816312418,0
0.13057736057837466,-1.2233186616845035,0
-0.1377563852891369,-0.3917383732680108,0
-0.01931884532920615,-0.2623408078631436,0
-0.13398817307464125,-0.21298991401092005,0
0.08809284353480512,1.9829461383611293,0
0.018301438442280122,1.364630756121485,0
0.2990183750237716,-0.5433342322177993,0
-0.1377563852891369,-0.3917383732680108,0
0.03927974662142197,-0.9079826428284453,0
-0.033464147698651456,0.9407270190958806,0
-0.00769238803608465,1.4261295565926602,0
0.09691192973657314,-0.052220207083253006,0
0.020771697459201564,0.9681077105595711,0
0.13964057142281755,-1.832811225096282,0
-0.1377563852891369,-0.3917383732680108,0
-0.06395537976529124,0.20460643063130518,0
0.0988256396776086,-0.7779497545399648,0
-0.026790854060663383,-0.16560857612096164,0
0.02839324626001242,-0.20279390161730335,0
-0.1377563852891369,-0.3917383732680108,0
-0.032548323324296496,-0.46716650925802583,0
-0.06614557504702766,0.49631863228756473,0
-0.01277575170678374,-0.22859085611210395,0
-0.1377563852891369,-0.3917383732680108,0
-0.051704120964235094,0.5601844061328449,0
0.04349220318500386,-0.9661594328796185,0
0.08640069493878827,2.2316894442973534,0
-0.031453741424748057,-0.34060257949369166,0
6.857353126750916e-05,-0.688677860030473,0
-0.1377563852891369,-0.3917383732680108,0
-0.1377563852891369,-0.3917383732680108,0
0.14363202204483452,-0.6050042201265159,0
0.45913862713266124,-4.496716511867202,0
-0.1377563852891369,-0.3917383732680108,0
0.07679227944928033,-1.1083599030517035,0
-0.05418029363506109,0.5910031682896137,0
0.0037118081524605763,-0.5452168387057669,0
0.08195452931754123,-1.9307560482241455,0
0.028795242408479874,-0.9776642201533015,0
0.003064547272382673,-0.2818115341358419,0
0.03902214265591928,0.7187275446174072,0
-0.049313055082947505,-0.40994097494360593,0
0.027634676191191882,-0.013331533108157339,0
-0.02362415890356758,-0.3738737988613404,0
-0.04489410439162361,0.8500760036103872,0
-0.013549067007133769,-0.7584026178941882,0
0.22761551272315036,2.374613487808203,0
-0.1377563852891369,-0.3917383732680108,0
-0.021447472647387594,0.7734891577917137,0
0.011901821320244997,-0.9290043047573533,0
0.15241711874623765,4.0494736783133645,0
0.09652555107867022,2.473399985591207,0
-0.08484192671594895,-0.41624050606198115,0
-0.023930184476597872,1.0489236162446942,0
0.02679842351410463,0.20040692078193612,0
-0.1377563852891369,-0.3917383732680108,0
0.4394619159957118,-0.7791409330227247,0
-0.1377563852891369,-0.3917383732680108,0
-0.009246502447915519,0.49243605938302104,0
0.0026830119110359137,-0.8821952278722256,0
-0.04652026650132397,-0.47982890802277733,0
0.020751742234826336,-0.385522381701797,0
-0.006650556543947994,-0.10908118543585194,0
-0.1377563852891369,-0.3917383732680108,0
-0.07243872257343349,-0.21972685741120737,0
0.010204495691020016,-0.8919983848020039,0
-0.00024728246325651104,0.23350414134169506,0
0.18468281306543527,-0.8091598978596377,0
-0.1377563852891369,-0.3917383732680108,0
-0.1377563852891369,-0.3917383732680108,0
-0.04592764678420594,-0.46355089387760834,0
-0.07285323976715566,-0.23800896717875397,0
0.08491530893840867,-1.5694314619307015,0
0.039902100374423065,-0.2216209058170133,0
-0.030029484852197367,-0.34179485307893853,0
-0.04620517011908707,-0.30468169957482566,0
-0.05398566970589084,0.5367489811597852,0
-0.0010699018457636452,-0.040822929065496824,0
-0.026973431637029508,0.09763990265874974,0
0.2879205632552819,1.5561264582224124,0
-0.06154157197016709,-0.08214553753128265,0
0.03056320128011456,-0.8391873464228188,0
0.01862185707713906,0.2988305173469249,0
-0.03163634108522795,-0.3459417622778758,0
-0.026529463344117942,0.17960226990170652,0
0.021018957177376424,-0.16018829670065335,0
0.013834258856804978,-0.970319784756491,0
-0.041073308253493125,-0.5100802601251523,0
0.030134953342320213,-0.6889337548503859,0
0.07451101599424483,0.4284273885745694,0
0.1939231911131447,-2.251022662972687,0
-0.06958448869791936,0.5839644564293048,0
-0.03928644032999975,0.4075696203865209,0
-0.1377563852891369,-0.3917383732680108,0
-0.07636875470356244,-0.5017949674908277,0
-0.017096852803045702,-0.25087277327359175,0
0.29609937508290907,-2.8388050841562618,0
0.0429512566466086,0.4434660721267151,0
-0.10384247535867598,1.216997760045806,0
0.0019445332944119122,-0.8590072957919886,0
0.09115504584692147,-0.9502971573415439,0
0.08824738636445745,3.030458063835937,0
-0.034286686265742786,-0.4086095645817041,0
0.09998005309686836,0.6328110671806462,0
0.029072092395216253,-0.4884811230279689,0
-0.1377563852891369,-0.3917383732680108,0
-0.015404585762310746,1.3221092264475685,0
0.14534812594106797,-1.3866536672733403,0
0.05992701320912396,-1.0334902834060036,0
-0.03186622575493203,1.1768077505626755,0
0.06914328451584875,-1.206227997196716,0
0.051086589288554314,-0.5814617095197654,0
0.009724883664150332,-0.6285856174964634,0
-0.0031190566572776557,-0.5317870126477312,0
-0.04704185661688667,-0.19595582298751524,0
-0.041807454971455424,-0.48251607892032966,0
-0.011579623636103042,-0.4491317566346486,0
0.040484611297827836,-0.9480352178270997,0
0.04625616416558222,-0.7544817637021595,0
0.08223617086891367,-0.4766909605565589,0
-0.037551059439491344,-0.6146823502241363,0
0.05511018734688894,-0.8375818044170983,0
-0.005862905740160021,-0.30058860836003376,0
-0.1377563852891369,-0.3917383732680108,0
-0.03490967174987038,1.1381910190326405,0
0.08268164193603483,1.2737840882293847,0
0.006791707385002902,-0.10978248242935609,0
-0.012445845373576786,-0.24388138341242302,0
-0.011376719021447495,-0.42914363513537823,0
0.005349750550232124,-0.561447206735501,0
0.19757240605174406,1.8576652018455273,0
0.04508890185074333,2.475176983376469,0
-0.0854355216742288,-0.17587584530424252,0
0.08107238351081916,1.0240780167816819,0
0.07017732922620867,3.3687034499714046,0
0.040804838378337135,-0.483530620831247,0
-0.1377563852891369,-0.3917383732680108,0
-0.1377563852891369,-0.3917383732680108,0
0.11732450594266958,1.7610902621581188,0
-0.018595085189914547,0.6177724002836256,0
-0.1377563852891369,-0.3917383732680108,0
0.042477398628848424,-0.30398436872918405,0
-0.1377563852891369,-0.3917383732680108,0
0.028555303260624654,-0.8177201069557312,0
-0.1377563852891369,-0.3917383732680108,0
0.02169005185721583,1.1618927599767725,0
-0.0007192362453020957,-0.28201852440936054,0
0.15382928066122764,-0.8415847495318599,0
-0.1377563852891369,-0.3917383732680108,0
0.12370320185668021,-0.5330457453631081,0
0.014662577748214865,-0.32715555247817135,0
0.3894122311986436,-1.0241667374198669,0
-0.06823040501512344,-0.06213034879780267,0
-0.0774749108685744,0.5348422675155566,0
-0.1377563852891369,-0.3917383732680108,0
-0.1377563852891369,-0.3917383732680108,0
0.012955463629182888,-0.3079389849681471,0
-0.014917852652555078,0.22453107007093348,0
-0.01827981704478357,0.4552105722554566,0
-0.1377563852891369,-0.3917383732680108,0
-0.023913427663545175,0.8063986885843342,0
-0.010132435785384494,0.5418522350490549,0
-0.1377563852891369,-0.3917383732680108,0
-0.027118991408990403,0.11972820310632477,0
-0.1377563852891369,-0.3917383732680108,0
-0.1377563852891369,-0.3917383732680108,0
-0.1377563852891369,-0.3917383732680108,0
0.02565644697009672,-0.7020839377244242,0
-0.0678382768547423,0.33308591670649873,0
-0.1377563852891369,-0.3917383732680108,0
-0.00439977586082159,0.7381836170589856,0
-0.1377563852891369,-0.3917383732680108,0
-0.1377563852891369,-0.3917383732680108,0
-0.024274875221124648,0.9380486432699704,0
-0.1377563852891369,-0.3917383732680108,0
0.030114907306997805,-0.6732973862856645,0
-0.1377563852891369,-0.3917383732680108,0
0.09197914986433303,-0.39992051273010276,0
-0.1377563852891369,-0.3917383732680108,0
0.006599623343249943,-0.22476566469903028,0
0.05194880523034307,-0.1633805145047518,0
0.00935429979451246,-0.14586474521733533,0
-0.1377563852891369,-0.3917383732680108,0
-0.11081671140870691,-0.11775577658288369,0
-0.13398817307464125,-0.21298991401092005,0
-0.0009670830928065413,-0.20295600394414887,0
0.04832184091684506,-0.8545809673851013,0
0.06393212627282027,-0.5230313565639549,0
-0.027730620942673964,1.0442068975642682,0
-0.03956388669903652,0.8043816690258806,0
0.010569467278626038,-0.1034768831848529,0
-0.1377563852891369,-0.3917383732680108,0
-0.03826567787289874,0.928372162716554,0
0.1298096139951461,-0.8496128527173967,0
-0.1377563852891369,-0.3917383732680108,0
-0.1377563852891369,-0.3917383732680108,0
-0.1377563852891369,-0.3917383732680108,0
0.15628081661911672,4.585933971141141,0
0.054174199499935814,1.0936472220891544,0
-0.03208685149278195,-0.46394154145006467,0
-0.0669606736039434,0.09877774278114061,0
0.01050173033339894,0.5707991406518074,0
-0.1377563852891369,-0.3917383732680108,0
-0.1377563852891369,-0.3917383732680108,0
0.020617613837617694,-0.4485948461662987,0
-0.12645174864564993,0.14450700450326134,0
-0.1377563852891369,-0.3917383732680108,0
-0.1377563852891369,-0.3917383732680108,0
0.004435479499726107,-0.5328761781028886,0
-0.051981892083490695,0.19541597334025035,0
0.015496251673316641,0.43292121275839335,0
0.056542406739552936,2.4747812956105197,0
-0.061150390118455036,0.5566624235553018,0
-0.1377563852891369,-0.3917383732680108,0
-0.057686502398926705,0.1041210315662434,0
-0.014758442481085373,-0.3426714173564887,0
-0.1377563852891369,-0.3917383732680108,0
-0.14152459750363255,-0.5704868325251016,0
0.030059713890377093,-0.07718701521158505,0
0.05371861534746864,-0.2526750228935438,0
-0.038731907109039634,0.3161986708842966,0
-0.027899954895047707,1.0246951835896512,0
0.15126946223619794,1.0971488802087646,0
0.1846802436253052,-1.1535990466427049,0
-0.1377563852891369,-0.3917383732680108,0
0.05110727138367817,0.6944945058315067,0
0.01092780825292496,0.44883087293280055,0
-0.004362431170834118,-0.2916229515385818,0
-0.1377563852891369,-0.3917383732680108,0
-0.003876016858859596,-0.667206330558634,0
-0.006607159449452,0.8163806342903119,0
0.06464639914138152,-0.851597631004386,0
-0.05128602237131527,-0.14144982874452322,0
-0.1377563852891369,-0.3917383732680108,0
0.0005890796816371078,0.3518338510524428,0
-0.018463891935676126,0.562285185134798,0
0.14760239365937372,4.049612740996985,0
0.08994594569469958,0.5638456240783333,0
-0.13398817307464125,-0.21298991401092005,0
0.05133626815373038,2.474961153685951,0
-0.1377563852891369,-0.3917383732680108,0
-0.1377563852891369,-0.3917383732680108,0
-0.03735958385241415,-0.3608116283016155,0
-0.004250696055559923,0.6408110962961973,0
-0.02654865232023058,0.7187406156279258,0
-0.007569120658339564,0.5999104278962945,0
-0.1377563852891369,-0.3917383732680108,0
-0.03244177272839489,-0.231975131665633,0
0.21455525801739758,1.1957185769608882,0
-0.04909624818463269,0.6975975807527892,0
0.04883732163253554,2.475047485562158,0
-0.02525409836291301,1.3703651657024698,0
-0.04571995399274863,0.03870156376865588,0
-0.1377563852891369,-0.3917383732680108,0
-0.1377563852891369,-0.3917383732680108,0
-0.1377563852891369,-0.3917383732680108,0
0.024226439373406586,-0.9989915443067954,0
-0.023104808675185086,0.098409867347044,0
-0.1377563852891369,-0.3917383732680108,0
0.04800433945880393,2.4750762628542273,0
0.04010911672460377,0.03828212824495751,0
0.10180285956644344,2.3073086320672997,0
-0.1377563852891369,-0.3917383732680108,0
-0.019727062821720175,0.5766782008413878,0
-0.1377563852891369,-0.3917383732680108,0
-0.1377563852891369,-0.3917383732680108,0
-0.1377563852891369,-0.3917383732680108,0
-0.03796910479493746,1.03729221567368,0
-0.018161807960491782,0.06270371102205259,0
-0.1377563852891369,-0.3917383732680108,0
-0.1377563852891369,-0.3917383732680108,0
-0.1377563852891369,-0.3917383732680108,0
-0.1377563852891369,-0.3917383732680108,0
-0.022998977976212483,0.5925018073295825,0
-0.1377563852891369,-0.3917383732680108,0
-0.1377563852891369,-0.3917383732680108,0
-0.1377563852891369,-0.3917383732680108,0
-0.05078282192908009,0.43687034924013546,0
0.044395326458546464,1.6047807255602582,0
0.029960651137649813,0.4873526586353317,0
-0.04893496967623502,0.5447427554074475,0
-0.06940492173513552,-0.1727823421372157,0
-0.0024578193168841747,0.6849068035726591,0
-0.1377563852891369,-0.3917383732680108,0
-0.04369709578938834,0.5892377933543235,0
0.04971191490689113,0.19077521172758966,0
0.044672410763877526,2.475191372022504,0
-0.1377563852891369,-0.3917383732680108,0
0.040980332047533694,0.6631832505770775,0
-0.029288687828174023,0.7540829115890498,0
0.07382165901138635,0.6187241967302779,0
0.02105772406028424,2.0662308580685007,0
-0.13398817307464125,-0.21298991401092005,0
0.19169844791640758,-1.4967663502212503,0
0.05806852557706317,2.5910202659576926,0
0.12104816398175126,-0.8732910259446494,0
-0.1377563852891369,-0.3917383732680108,0
-0.05377143689725353,0.24613466734017136,0
-0.1377563852891369,-0.3917383732680108,0
0.05161248643416163,-1.2153465205279592,0
-0.057956816448461144,0.8211425196599337,0
-0.1302199608601456,-0.03424145475382931,0
0.014545574789140755,0.4679576474817957,0
0.04629239064753464,1.3279777518606002,0
-0.1189153242166586,0.5020039230174429,0
-0.04089137437005605,0.5679974627573776,0
0.339480523761878,4.968009698214918,0
0.06895821807446638,2.017070804199344,0
-0.009312382470707696,-0.542314156092041,0
0.07851356221460004,2.8831035139373933,0
-0.0844739269225805,0.4205844228083978,0
-0.1377563852891369,-0.3917383732680108,0
0.02200510253594224,-0.8544908757275738,0
0.017634334443904852,1.078977334477373,0
0.0036872534997182895,0.6689124165777336,0
0.031956565907207746,0.5378142118675804,0
0.013049300494680904,0.688947345532475,0
0.023012615877091983,0.02416494774535285,0
-0.1377563852891369,-0.3917383732680108,0
0.03844626600264658,0.9865340147909625,0
0.0011814691601121604,0.526846848627084,0
-0.07017383393285986,0.3739309338078715,0
-0.10170579427809688,0.1585870407721859,0
0.04263561101878843,1.0052928365949478,0
0.04741897497945049,0.5787006373660458,0
-0.01747317444709298,-0.1943701440836354,0
-0.009206939697864742,-0.6628250782435295,0
-0.014186564131552818,0.5206007302256704,0
0.022272330394354962,0.5431883946635302,0
0.026614620545641555,0.6967327560239769,0
0.03469850411269257,1.0653292706625128,0
-0.0023208148662743873,-0.17024139439558972,0
0.0029870102416991577,1.0370513042494658,0
-0.039558749002264464,0.8931615325261241,0
0.28598255198453026,0.29455055228062116,0
0.08561647647350648,0.9493752797708741,0
0.018578143662899494,2.36966277419164,0
0.09974215870901243,-0.5444073225217329,0
-0.010332400082032329,0.675274666403215,0
0.036973444585577074,-0.41843763873898615,0
0.05185309166414626,0.4822805839165222,0
0.11455578789166644,-0.5173537036561551,0
-0.0807156574635576,0.20369075636966716,0
0.024625535191948836,1.6041148192961967,0
0.05733991933263832,-0.9856633353969647,0
0.626751981737322,-2.075594216651846,0
0.313246684998152,0.8457415457767595,0
0.16990329802517198,-1.3509854760754092,0
0.13334607057024245,0.07157562916542455,0
-0.009219372075521162,1.2542411854387394,0
-0.02566180688494203,-0.3976633279189019,0
-0.1377563852891369,-0.3917383732680108,0
0.0197979718065578,-0.6846236972567423,0
-0.01345596914498184,-0.2488890312279058,0
-0.017980363201693578,0.5420849936852165,0
-0.009701933084307682,-0.5687680754510267,0
-0.00966663723610817,-0.6502592900305603,0
-0.050943308261512346,-0.574884453681043,0
0.17765265981121925,0.5983102277344807,0
0.1201588054359508,1.6378673208481191,0
0.0307323203665634,1.4037907491446826,0
-0.1377563852891369,-0.3917383732680108,0
-0.07470604368021712,0.29882206285125074,0
0.19517692933929745,0.2912162139482392,0
-0.06100044538795782,0.19452308025518245,0
0.0768069019749189,-0.7244027801288891,0
0.02050352033514529,0.85302480154216,0
-0.04323336375257003,0.5894822500746122,0
0.08932213382134079,1.526399780454747,0
-0.008970934300133508,0.5153822571538688,0
-0.019426265152816497,-0.32358636454764067,0
-0.041017565333382966,0.35605201115991764,0
-0.0629737054703883,-0.24126495011970361,0
-0.1083798214350352,-0.3019004565716221,0
0.023413722771081717,0.3097854563912835,0
0.12729596392375858,-0.23910728167933795,0
0.14177832541848834,-0.9448206196460434,0
-0.055305456227012606,0.3879214916683088,0
-0.06252650834475888,0.33229774241884,0
-0.045383861626033646,-0.051686406651890636,0
0.030856374989024556,-0.2540438081015463,0
-0.1377563852891369,-0.3917383732680108,0
-0.04628973076466916,-0.5334506385733537,0
0.06097655673582214,1.8449407586183888,0
-0.1377563852891369,-0.3917383732680108,0
0.05643537212344413,-0.5436415609621328,0
0.09787832277187604,-0.513449489615254,0
-0.1377563852891369,-0.3917383732680108,0
-0.1377563852891369,-0.3917383732680108,0
-0.011194919277054696,-0.5474793133872018,0
0.020154801322887064,0.15861508678039485,0
0.03656759452626437,-0.27257308557047105,0
-0.1377563852891369,-0.3917383732680108,0
-0.04060614376118057,-0.22560635338983165,0
-0.1377563852891369,-0.3917383732680108,0
0.055215540090247116,-0.5698864764717292,0
-0.11540894485925735,-0.24393183472940275,0
-0.12645174864564993,0.14450700450326134,0
-0.006879677957567083,0.2807860406906844,0
-0.06294377858297497,0.4665805672094976,0
-0.0472908447953704,0.35081685877454644,0
-0.0644450611520013,-0.657804081568225,0
0.17298517566580604,1.1944818364828687,0
0.06422504878096866,-0.8307130301030357,0
-0.023677983909344644,0.06554593237228963,0
0.29539146413086914,3.9277271856300993,0
0.0004516945075995541,-0.215949007767985,0
0.01937234060867528,1.0839385679033742,0
-0.12645174864564993,0.14450700450326134,0
-0.1377563852891369,-0.3917383732680108,0
0.35766538811439186,-0.6780802524742069,0
-0.016602952542241794,1.0422413866670084,0
0.12929936538137676,1.8082904912139224,0
-0.0006127622965351621,-0.021422972591297978,0
-0.030909901000621295,-0.31394952740167525,0
0.15081221038394962,4.0495200325412375,0
0.05048992229423549,0.7669887215549166,0
-0.1377563852891369,-0.3917383732680108,0
-0.040002381374907595,-0.6025275219505881,0
-0.045505958962851444,0.12251810367789039,0
-0.08876962650069334,1.931991597074169,0
0.02859194134885076,-0.7490334608866684,0
-0.13398817307464125,-0.21298991401092005,0
-0.018960517881584756,-0.6354228967779527,0
-0.03345482707650561,-0.26526446213865884,0
-0.1377563852891369,-0.3917383732680108,0
0.06759909141575815,-0.5652382676199172,0
0.15019718300362467,-0.621431776510533,0
-0.01469078409386709,1.5496692398339047,0
0.014811093060820036,0.09214678679191576,0
-0.04402011225371547,0.7470598480364697,0
0.14078559187760759,1.4653829797198763,0
0.029639501837522085,-0.14100452343650807,0
-0.037595078853760726,0.6422607867421226,0
0.0689453127497154,0.08643356611314185,0
-0.13398817307464125,-0.21298991401092005,0
-0.06265699428157664,-0.3897115615107975,0
-0.03567641573130683,0.5470847693552042,0
-0.036465263440068126,0.0025101824437050425,0
0.002672957697531914,0.8492885416616244,0
-0.1377563852891369,-0.3917383732680108,0
-0.1377563852891369,-0.3917383732680108,0
0.01402503411988847,-0.6752936051171271,0
-0.04160474333727057,-0.9766879975505529,0
-0.1377563852891369,-0.3917383732680108,0
-0.07018073275157281,-0.04237250665383257,0
-0.1377563852891369,-0.3917383732680108,0
-0.1377563852891369,-0.3917383732680108,0
-0.1377563852891369,-0.3917383732680108,0
0.05904735137760281,-0.3269920426211607,0
-0.1377563852891369,-0.3917383732680108,0
-0.1377563852891369,-0.3917383732680108,0
0.02966154759820587,0.9290511982849181,0
-0.01832741342885537,-0.3327053854576023,0
-0.1377563852891369,-0.3917383732680108,0
-0.022002092849376476,-0.14515776954135204,0
-0.015075216084275915,-0.4579329986619984,0
0.05738321658849722,-0.8867715456438585,0
-0.1377563852891369,-0.3917383732680108,0
-0.1377563852891369,-0.3917383732680108,0
0.19631345708484635,0.44712368664866176,0
-0.021714086505270135,1.2359859612149655,0
-0.07133270031837796,-0.3660087742270591,0
-0.1377563852891369,-0.3917383732680108,0
-0.021473528439853503,-1.1134120204201163,0
0.06512883862191368,-1.3193909084959001,0
0.044605738582788476,-1.183633657917731,0
0.029569509022811916,-0.9199826736668297,0
0.04491122551029213,-1.0230234444648143,0
0.04506156154926811,-0.42790176849854716,0
0.09311367615939459,1.1822300671802881,0
-0.1377563852891369,-0.3917383732680108,0
0.031014754970333,-0.023724807576267656,0
0.061304888116157134,0.16781338151041475,0
-0.07586418052515187,0.4828623982834537,0
0.11317256323463708,-0.39829180711144135,0
-0.03282580353172427,-0.35436367471970226,0
-0.06077344316269981,-0.1023217734804488,0
-0.1377563852891369,-0.3917383732680108,0
0.03157515431843119,-0.06585207052590077,0
-0.1377563852891369,-0.3917383732680108,0
0.0068573737417032925,-0.2199865777934964,0
0.09191023343800687,-1.4697569381012914,0
0.13650764020305672,-0.4807683216913555,0
-0.12645174864564993,0.14450700450326134,0
-0.023203417844203857,-0.3831911197086122,0
0.07611748782224574,2.4741050292468976,0
-0.0035235286149646714,0.7407789490548883,0
-0.1377563852891369,-0.3917383732680108,0
0.028779289363393676,2.053022178020398,0
0.013736727086619977,-0.5924258745084411,0
0.03881551584195989,-0.32397029071867406,0
-0.1377563852891369,-0.3917383732680108,0
-0.039755116793137604,-0.43367597488429743,0
-0.09453305405869088,-0.07674120879886648,0
-0.001582719270547221,0.22879507232358898,0
-0.1377563852891369,-0.3917383732680108,0
0.012046798878099427,2.564737787393232,0
0.04555793084429483,-0.5059541116589695,0
0.023471341375298216,-1.0028587271401164,0
-0.025921047212510394,-0.44909807333665624,0
-0.1377563852891369,-0.3917383732680108,0
-0.1377563852891369,-0.3917383732680108,0
0.06547390182176181,0.85107322645903,0
0.14658108833791772,4.0496422391419955,0
-0.1377563852891369,-0.3917383732680108,0
0.0028988518293644014,-0.5646457006231546,0
-0.1189153242166586,0.5020039230174429,0
0.03266838562533796,0.32162795026998403,0
-0.009705373760768415,-0.015900017772045357,0
0.09110987060334524,-0.7712652035293294,0
0.18176928627648573,0.33790320718290445,0
-0.06563602821761244,-0.4622909292889868,0
-0.04886441005459369,-0.45161218869641395,0
-0.030606246574504233,-0.2652053515383874,0
-0.1377563852891369,-0.3917383732680108,0
-0.04469332164835506,1.0610368932514878,0
-0.1377563852891369,-0.3917383732680108,0
-0.1377563852891369,-0.3917383732680108,0
0.05733591777940208,-0.5202790726147134,0
-0.0005534942658646305,-0.21826973841737982,0
0.09615246334290699,-1.3584662750488559,0
0.018608285595747526,-0.7280398107436596,0
-0.013232259944984856,-0.2304468196150612,0
0.06673100468845689,0.5036422700626109,0
-0.05093781797008563,-0.21392361328398038,0
-0.03181614582538368,-0.06096091887609865,0
0.11999964829947206,-1.7986585122181151,0
-0.022380334978358573,-0.356975595725969,0
0.04550539293760909,2.4751625947304343,0
0.5590459024865779,-4.216212710711181,0
0.1722596221345253,4.04890057149602,0
-0.016898760492792504,-0.4585362039766661,0
-0.04236621880799888,0.2177252797842763,0
0.013467184355744944,1.919504500877326,0
0.19691685060967692,4.048188401995056,0
0.06442578783383722,-0.3959442925279817,0
-0.06813610510368247,0.22867530331196473,0
-0.043186850949949916,0.18587977184537974,0
0.17554412533121735,-0.6473600857913735,0
0.40310742282911316,-2.2653085375974236,0
-0.1377563852891369,-0.3917383732680108,0
-0.08123320207170204,2.28948851558835,0
0.011034952915585828,-0.08466380526432103,0
0.05642934312562895,-0.3370868871433207,0
-0.1377563852891369,-0.3917383732680108,0
0.06869233596523378,-0.6174055000750021,0
-0.02466863525843109,-0.5911815654579252,0
0.1325368254003978,-1.4052417512834146,0
-0.1377563852891369,-0.3917383732680108,0
0.02502173859720617,1.246163432145817,0
0.12336370470853865,1.4979897117548613,0
-0.1377563852891369,-0.3917383732680108,0
-0.086432672266155,-0.07898617303020723,0
-0.1377563852891369,-0.3917383732680108,0
-0.03976349772495866,0.9707275420349506,0
0.0012410545161853856,1.6008910145006525,0
-0.1377563852891369,-0.3917383732680108,0
-0.014431002200535163,-0.9314008682777942,0
0.19394684660971084,-1.776070534983658,0
0.1639203913438232,-1.56934678285661,0
-0.1377563852891369,-0.3917383732680108,0
-0.0292865472497742,1.2799720808869894,0
-0.1377563852891369,-0.3917383732680108,0
-0.1377563852891369,-0.3917383732680108,0
-0.057481077357702914,0.30053606287594775,0
-0.1377563852891369,-0.3917383732680108,0
0.1401491621955962,-1.8726375695494415,0
-0.1377563852891369,-0.3917383732680108,0
-0.1377563852891369,-0.3917383732680108,0
-0.1377563852891369,-0.3917383732680108,0
-0.1377563852891369,-0.3917383732680108,0
-0.1377563852891369,-0.3917383732680108,0
0.14045757425673833,-1.5675542049716493,0
0.2451994370262007,-0.40126835995751836,0
-0.056156137749253446,0.06074108297885329,0
-0.1377563852891369,-0.3917383732680108,0
-0.1377563852891369,-0.3917383732680108,0
-0.1377563852891369,-0.3917383732680108,0
-0.1377563852891369,-0.3917383732680108,0
-0.1377563852891369,-0.3917383732680108,0
0.04488065630731043,2.4751841776994867,0
-0.1377563852891369,-0.3917383732680108,0
0.07146266264898582,-0.5387528229950734,0
-0.011865394669298592,-0.21589915438492696,0
-0.06744823417197669,0.3598565138275925,0
-0.04951611732919671,0.5223800025102122,0
-0.048963859885864235,-0.33602756749579815,0
-0.010860854591378293,0.8477829136746212,0
-0.060361453420685156,-0.7296204320915548,0
-0.04097736625117467,-0.08349408457438778,0
-0.1377563852891369,-0.3917383732680108,0
0.14321864451579683,3.249385956125644,0
0.27027735758616406,-0.07053216889006321,0
0.06128663326562978,-1.0462098192759464,0
-0.11559111726949772,-0.2082145450046411,0
0.13729290556140417,-0.6120474540189333,0
-0.04419009542063405,0.8846823724681008,0
-0.004261771976953547,-0.10754739253092417,0
-0.08476846126057071,0.1619250858886925,0
-0.1377563852891369,-0.3917383732680108,0
0.03801119946161115,-0.7620662372076372,0
0.2454598676233737,-1.2628153988152953,0
0.0908088221134921,-0.6058431814499171,0
-0.05533643426423026,0.4492998713883337,0
-0.05012661129189713,0.5446712442029468,0
0.1071186177082392,-0.6898999938754796,0
0.009038348952545282,-0.3308915434473142,0
0.031420279634681934,-0.7503431601864927,0
0.02477361867718475,-0.6029040121806454,0
-0.092537838715189,1.7532431378170783,0
-0.1377563852891369,-0.3917383732680108,0
-0.024248253371194687,1.3703252341738086,0
0.09253964853710657,-0.8019411705871878,0
-0.1377563852891369,-0.3917383732680108,0
0.11826904134036509,-1.044556312327672,0
0.08183636934790627,-0.5329202141573651,0
-0.1377563852891369,-0.3917383732680108,0
-0.01084086987016105,-0.2148751266491376,0
0.02319359226584532,0.6756927500609219,0
-0.06467172322042977,0.693928566668667,0
-0.1377563852891369,-0.3917383732680108,0
-0.031889960970309904,0.7481419584876854,0
0.21392179574449816,-0.9262834143495253,0
0.004374584737818457,-0.19800851545109002,0
-0.1377563852891369,-0.3917383732680108,0
0.016314270797145966,1.3902019695204537,0
-0.027131769588798888,0.428367983988201,0
-0.07292569112411548,0.16478609012946038,0
0.0028305549312872213,-0.1487251499271205,0
-0.1377563852891369,-0.3917383732680108,0
-0.015030661658089773,0.056914699077775424,0
0.10914490647798708,0.17728301456194062,0
-0.002145949206124046,-1.1934135074566825,0
-0.1377563852891369,-0.3917383732680108,0
-0.06390824335704197,0.20604289352050215,0
-0.02475117586705385,1.3703451999381393,0
-0.05322180719288221,-0.07150780869589353,0
-0.030010949992542366,0.6572006491936319,0
0.014792740998336613,-0.6233847409246451,0
-0.09057458037930927,0.2973954554777249,0
0.08623299134631819,-1.318927677159387,0
0.006282949519915102,-0.535504370318158,0
0.04081323251004574,-0.8022218530347971,0
0.162469449930887,-0.6181401191910433,0
0.009027535814082046,-0.05911822688958264,0
-0.030684660764248924,1.2771851898752908,0
0.19056764423478006,-0.3737911126092651,0
0.04378101193187731,-0.3970995824027373,0
0.040075936183193994,1.1149818914573744,0
0.04596097801576463,-0.41000496192278546,0
-0.1377563852891369,-0.3917383732680108,0
-0.1377563852891369,-0.3917383732680108,0
-0.026555239494391165,-0.40559450276205555,0
-0.05825257669030835,0.4475003899800014,0
0.0388794097632531,1.4308043261030223,0
0.005169988624573093,1.3845384977058985,0
0.056115704569497105,-0.43173423197810895,0
0.08486130822110714,-1.2617844777725227,0
-0.1377563852891369,-0.3917383732680108,0
-0.03714887856629011,0.8022443691826333,0
-0.1377563852891369,-0.3917383732680108,0
-0.1377563852891369,-0.3917383732680108,0
0.0026233882142815174,-1.0293910027410402,0
-0.1377563852891369,-0.3917383732680108,0
0.004500735106701359,0.2880877600384384,0
-0.1377563852891369,-0.3917383732680108,0
0.2958337378279328,2.0063453524535046,0
-0.1377563852891369,-0.3917383732680108,0
-0.004418912776413294,1.7019662445861563,0
0.09501475538543108,-0.7209522894460789,0
-0.041624089300567,0.23557009673047014,0
-0.01545865843454319,0.34398526080844716,0
0.16966704384106268,-0.828614270059707,0
0.08354744612396883,-0.7229611328279634,0
0.003349134360150626,-0.17668460060715824,0
-0.1377563852891369,-0.3917383732680108,0
0.015324096195109119,1.059257923982543,0
-0.1377563852891369,-0.3917383732680108,0
0.18480578455561744,3.77236876594967,0
0.20981656137530977,-1.432839901752128,0
0.18749357037101327,-0.7003463697475808,0
-0.08923041346607949,-0.5951837777396752,0
0.03749210417072465,-0.7017675018694409,0
0.2645407202034475,-0.9775892304133,0
0.14644506047889835,-1.2831060716294262,0
-0.03937685844656466,1.018932173976118,0
0.010518141414759567,-0.2136722712468356,0
0.01366252306184829,-0.5672577004923984,0
0.06368040070646817,-0.34063669960587917,0
-0.07310948064532803,-0.5299770066014959,0
0.056905180572397886,2.7472900481721743,0
-0.03628206371542859,0.8016552028470956,0
0.013861007761085842,0.0014119734137246326,0
0.046338375111340716,2.4751338174383655,0
0.020631230453642877,0.11412493708509021,0
-0.1377563852891369,-0.3917383732680108,0
-0.14152459750363255,-0.5704868325251016,0
0.14526798149604572,4.049680165328437,0
-0.14152459750363255,-0.5704868325251016,0
-0.030947881357843175,-0.4862044721335695,0
-0.1377563852891369,-0.3917383732680108,0
0.0653480968618451,3.0111130052579993,0
0.031118071640962884,0.1033173314464537,0
-0.1377563852891369,-0.3917383732680108,0
-0.1377563852891369,-0.3917383732680108,0
0.027470320150737127,0.19870282249160126,0
-0.06333414359805083,0.06137945161067261,0
-0.04610329433725509,0.6680762784798089,0
-0.03851306461472103,-0.07262052438802394,0
0.23479308917067623,-2.1533972040879705,0
0.07298680129255906,-0.423591474482396,0
0.006090386437275157,-0.7594551834100985,0
0.10229323777016176,1.33188630351317,0
-0.023054219734350165,-0.005372788573750914,0
-0.06031581734191611,0.15310814427334937,0
0.045433101039504584,-0.47465950774112153,0
0.06121444822674336,-0.866694767637743,0
0.037515894579846144,-0.4499177018204569,0
0.3620588277705204,-2.0834701534423563,0
-0.1377563852891369,-0.3917383732680108,0
0.09525359860209379,-1.7636642946863088,0
-0.015805093468845725,-0.21337037404166043,0
-0.0631577683256852,0.06909837854628172,0
-0.03422892849677132,0.22161918151313115,0
-0.05388586687859822,0.6058835353361542,0
0.14298697365962731,-0.5852412903133783,0
-0.030845249772481136,-0.0572846471461979,0
-0.05873894807193878,-0.6451873015764109,0
-0.1302199608601456,-0.03424145475382931,0
0.00585336155137126,-0.6085276512254805,0
-0.01668003219623552,0.097239732719777,0
-0.1377563852891369,-0.3917383732680108,0
0.08788290945780929,-0.1326079500431283,0
0.154483264445396,-1.673467351716475,0
-0.0007044023215640912,-0.5589759481156056,0
-0.1377563852891369,-0.3917383732680108,0
0.050418827334718044,-1.382636499581498,0
-0.1377563852891369,-0.3917383732680108,0
-0.007042608481284718,-0.24252392558896302,0
-0.12201939857882896,-0.17938544227960676,0
-0.060800087129724956,0.7422390348272219,0
-0.1061712785300661,-0.4844940629256831,0
-0.034882431806137544,-0.35366718314979806,0
-0.05363656886286285,0.1896210250553822,0
-0.03688037658830801,0.24714111836000502,0
-0.07526675470403246,0.36969502366055385,0
-0.043349706345310685,-0.10970210449189305,0
-0.1377563852891369,-0.3917383732680108,0
0.09110716298584108,-0.8136100553101192,0
0.06655689492888846,0.031409638010334195,0
-8.245507249731163e-05,-0.9120172103271788,0
-0.03824438247402781,0.827648482616235,0
-0.014469619366912935,-0.2546117534093369,0
-0.03491007303922333,-0.275394939900571,0
0.12178316268769948,-0.9937224897980157,0
-0.1377563852891369,-0.3917383732680108,0
-0.0268419815658098,-0.4020723638006105,0
-0.054264506419586876,-0.6194631673635135,0
-0.002574968393530058,-0.3396318170700392,0
0.003039273299174677,-0.5166076361156619,0
0.06575814735125922,1.4669219741183943,0
0.025272105251161726,-0.6230651173669645,0
0.07472163334813609,-0.5336269175491704,0
-0.13398817307464125,-0.21298991401092005,0
-0.1377563852891369,-0.3917383732680108,0
0.005493771428528086,-0.11006386588800421,0
-0.01754136514300934,0.1586354566892879,0
-0.059381525556513916,-0.16651691049038114,0
0.07739954395039508,0.22789331534502366,0
-0.02474681896319848,-0.46361241621330357,0
0.09867631778665872,-1.1229309619777685,0
0.04098729432699216,1.9446585316690645,0
0.05784051481954258,-0.39348996175776607,0
0.054202556765523394,2.1143708103746914,0
0.005286789417329055,0.026463260357137856,0
-0.039120141647074835,0.38292929808758397,0
-0.1377563852891369,-0.3917383732680108,0
0.02352822929692603,0.07936560160584637,0
-0.1377563852891369,-0.3917383732680108,0
0.012299544938678466,-0.4106873761249125,0
0.22557724787601183,2.4238698579631586,0
-0.024446738420976853,-0.16604591275238081,0
-0.06526497443534766,-0.2659890273034852,0
0.06363012462673076,-0.6133598206783065,0
-0.025796525249383355,-0.39909173687062177,0
-0.1377563852891369,-0.3917383732680108,0
0.03496177915406112,1.993588350653261,0
-0.1377563852891369,-0.3917383732680108,0
0.15778033624572427,-1.407435204001169,0
-0.1377563852891369,-0.3917383732680108,0
-0.1377563852891369,-0.3917383732680108,0
0.04768912907900549,-0.15412085626093353,0
-0.1377563852891369,-0.3917383732680108,0
-0.1377563852891369,-0.3917383732680108,0
-0.04046806118209372,-0.216271299271133,0
-0.1377563852891369,-0.3917383732680108,0
-0.03628875027592451,-0.23700330023388438,0
0.09289680058660003,-1.3262021059371545,0
-0.0012414995502872594,-0.6056136078737775,0
0.04057992277048577,-0.4985867955151351,0
-0.062321462729071214,-0.635425183504003,0
0.06186856260203561,-1.3052419093280219,0
0.0913437087612793,-0.999207548856693,0
0.21059308125651444,-1.739444814718846,0
-0.04828729865742764,-0.45842800846930026,0
-0.1377563852891369,-0.3917383732680108,0
0.1957597666649151,-1.9414003121093752,0
-0.1377563852891369,-0.3917383732680108,0
-0.1377563852891369,-0.3917383732680108,0
-0.1377563852891369,-0.3917383732680108,0
-0.028771611622100526,0.505447848432894,0
-0.09598025921840166,-0.3206328160566469,0
0.04328320891361411,1.961269605960218,0
-0.024093375202220095,-0.22092513410175632,0
0.04883732163253554,2.475047485562158,0
0.007159149448351755,-0.39351176139693095,0
-0.03678765085587264,1.038445124328599,0
-0.008152997236438449,-0.05831025890094415,0
-0.05738570001342616,-0.4393698214860632,0
-0.025370894571403492,0.6783421378415321,0
0.16264601837604623,-0.5555651205557102,0
0.14051961234839974,-0.6654916646238549,0
-0.1377563852891369,-0.3917383732680108,0
0.13043691106335586,-1.8723522069507115,0
-0.053308226474745854,-0.5150198306720103,0
-0.1377563852891369,-0.3917383732680108,0
-0.1377563852891369,-0.3917383732680108,0
-0.012618314195309935,-0.3753188036530121,0
0.021479696676117332,-0.864307232701824,0
-0.07364670470586,-0.47212482654534776,0
0.18615528120523606,-0.9395796342292226,0
-0.03927832483335696,0.924875830369581,0
0.12468827211738365,-1.3436824209386629,0
-0.1377563852891369,-0.3917383732680108,0
0.0320577186928319,-0.557415923124601,0
0.026858496083726577,-0.2414864780079345,0
-0.04043270220535382,0.17568440322625423,0
-0.1377563852891369,-0.3917383732680108,0
-0.01862953096520355,-0.43159747081179844,0
-0.1377563852891369,-0.3917383732680108,0
-0.025874369188965816,-0.6672574710027896,0
-0.06169707737031537,0.18308525953171534,0
0.039347269335054946,-0.5052433894113342,0
-0.1377563852891369,-0.3917383732680108,0
-0.07876469441270252,0.19158707117005674,0
-0.1377563852891369,-0.3917383732680108,0
-0.1377563852891369,-0.3917383732680108,0
-0.04310391185176782,-0.40705639693650225,0
-0.05549003955736025,0.349454170980176,0
-0.1377563852891369,-0.3917383732680108,0
-0.1377563852891369,-0.3917383732680108,0
-0.1377563852891369,-0.3917383732680108,0
0.01853811843049133,-0.7973893478225281,0
-0.00799109181724868,-0.8457493808855976,0
0.05084188600082259,-0.4665591032473949,0
0.02856740150168966,-0.9229260819986747,0
0.008149048454956832,-0.9160267741788423,0
-0.01071478529487162,-0.24144104773664565,0
-0.047063692278426855,0.2940571940603895,0
0.025001901701664248,1.712153571070879,0
0.02699399718358722,0.029648242410353725,0
-0.0047057047000147074,0.081507272134852,0
0.23804718693490026,-0.7273089531927677,0
-0.04914217907983413,-0.1311355032866281,0
-0.02142113143495744,0.07693630951537074,0
-0.03540479859711461,1.0535055456299784,0
-0.02819673634472616,-0.08844607112424226,0
-0.04185311745403166,-0.7340607519388678,0
-0.04327084131448896,0.10348063167725148,0
0.2189452726471412,-1.9860864285865274,0
-0.0187822907600932,0.31910904054894856,0
-0.1377563852891369,-0.3917383732680108,0
-0.04455981987461958,-0.5575072704863321,0
0.02240619414132007,-0.3575937753721932,0
-0.020321561795950488,0.6425112218081837,0
-0.009788595510537403,0.024580370463621822,0
-0.0812186116028145,-0.2636946310352065,0
-0.03831007510477827,-0.39175141156848925,0
-0.1377563852891369,-0.3917383732680108,0
-0.03927753168707058,0.33915062435686427,0
-0.1377563852891369,-0.3917383732680108,0
0.009735964214591159,-0.3575531002945172,0
0.17727213512414117,-0.6973227057236909,0
0.026623841894206877,0.020950592449396493,0
0.015155864809708479,-0.45599533987786856,0
-0.021737346854146154,-0.6030272088771559,0
-0.05530174483413085,-0.2520671081382602,0
0.005809954780444249,1.8494078756516592,0
-0.08720606041256801,-0.5929427609220645,0
-0.1377563852891369,-0.3917383732680108,0
0.13647113409958034,0.001463658897150383,0
-0.010746393477699089,-0.9909836476060416,0
0.09777592374585369,2.2263076708543115,0
-0.1377563852891369,-0.3917383732680108,0
-0.06702105260310413,0.5767109184293597,0
-0.1377563852891369,-0.3917383732680108,0
-0.03547238394862698,0.08782103301649181,0
-0.03969240232659267,0.031028786071363734,0
-0.030109998712065558,-0.3055474247143677,0
0.45099565771258554,-3.698957249943117,0
-0.004959682058732109,-0.6235903518476414,0
-0.1377563852891369,-0.3917383732680108,0
-0.1377563852891369,-0.3917383732680108,0
0.003215800536675944,-0.7895496780522541,0
-0.1377563852891369,-0.3917383732680108,0
0.07141405081773995,3.1484136959796905,0
-0.01717220248777754,-0.4282226934229219,0
-0.035106946444332605,0.016154287818892436,0
-0.03656754701560862,-0.2386902595493243,0
-0.08352824378847717,-0.3115496960413362,0
-0.07072008738809701,-0.05283117362482244,0
-0.1377563852891369,-0.3917383732680108,0
-0.06306172045554456,0.1386479961506989,0
-0.07863471061641171,-0.14584669074748816,0
-0.1377563852891369,-0.3917383732680108,0
-0.05012069013984618,-0.038401634905161144,0
-0.1377563852891369,-0.3917383732680108,0
-0.005291442687096303,-0.2045562413000212,0
-0.060694514552858736,0.6237691218397937,0
-0.10021581336557987,-0.556033909076771,0
-0.05041872158640801,-0.1413436859011356,0
-0.041276232401587586,-0.22839715964760504,0
0.1724569559797568,-0.9610732736464794,0
-0.1377563852891369,-0.3917383732680108,0
0.1224254240847035,-1.4346060209283982,0
-0.1377563852891369,-0.3917383732680108,0
-0.06810127250846523,0.6749787523690657,0
0.08978868353900234,-0.31414836073898383,0
-0.1377563852891369,-0.3917383732680108,0
-0.027370151329110626,-0.5339067584278296,0
9.816389047246457e-05,-0.41081324176209655,0
-0.1377563852891369,-0.3917383732680108,0
-0.03187346395933526,0.5893138385518575,0
0.008350676557830347,-0.24084141424764877,0
0.1901459836007828,-0.21827826166409858,0
-0.13398817307464125,-0.21298991401092005,0
-0.1377563852891369,-0.3917383732680108,0
-0.015396805949630846,-0.14177847067948715,0
-0.06748732936186114,0.517453942314642,0
-0.03661667512489179,-0.30302018623072574,0
0.018742617325570164,1.939241289031114,0
-0.05378459047092017,-0.4516271642316532,0
-0.012800067803516488,-0.37395499598429827,0
0.01699074788075488,-1.0660215884684523,0
-0.010522788636519387,1.4690799528653884,0
-0.050400750362974735,-0.21713801078407183,0
-0.018679558407601056,1.279457046911779,0
0.14289059684246871,-1.5865427513159873,0
-0.02630802332007688,-0.22975426941625765,0
0.031724662387107375,-1.1361737100701126,0
0.15045071442272742,-2.05324341996699,0
0.006881547699131794,-0.7604652052611494,0
-0.05365684604837281,-0.1312365152858836,0
-0.1377563852891369,-0.3917383732680108,0
-0.1377563852891369,-0.3917383732680108,0
0.16906361991427182,1.8038565485924702,0
-0.03574068890932914,1.0640932631615925,0
-0.1377563852891369,-0.3917383732680108,0
-0.008903350077930881,-0.7159773421491024,0
-0.030446009311584376,1.2869441876639605,0
0.034050048612913476,-1.3213264606565207,0
-0.06838831645778441,0.34495976443451976,0
0.14468437845521376,4.0496970214113,0
-0.1377563852891369,-0.3917383732680108,0
-0.04829305573926543,-0.1831598341712604,0
-0.024002855926269013,0.08873584948069997,0
0.037425776458115206,-0.613555659436896,0
0.022341932365439306,-0.6801224307918651,0
-0.07494161022213017,0.5692205754746725,0
0.015441389343204829,-0.6806238749722388,0
-0.09750881861227521,-0.15993613902810896,0
0.027179203698727932,-0.4573008495945924,0
0.010640994098356005,-0.06643132165742428,0
-0.1377563852891369,-0.3917383732680108,0
-0.04970872335112062,0.01680918243454604,0
0.04970960380614946,-0.7225134948639329,0
-0.02770821825040563,-0.32759872135068285,0
0.02585266709238549,0.377683176940204,0
-0.1377563852891369,-0.3917383732680108,0
-0.01929626593287032,-0.7151395573557816,0
-0.03300628156164352,-0.16821831651704852,0
0.010597601133727227,-0.5590164336155853,0
-0.1377563852891369,-0.3917383732680108,0
0.03142147413445323,-0.5495595818894018,0
-0.041003643768293796,-0.6221177313916352,0
-0.1377563852891369,-0.3917383732680108,0
0.08019286412370062,0.07113481328156816,0
-0.06048602976826938,0.06483319951898066,0
-0.1377563852891369,-0.3917383732680108,0
0.05089514415805805,0.7910437152126125,0
-0.058038225328964174,-0.33849796817944333,0
-0.036719634599910844,-0.29342697959999225,0
-0.0784543029532097,0.12664732414482477,0
-0.019075332866513684,-0.5067789917935674,0
-0.039075776196405315,-0.9045561330953966,0
-0.015120208933144698,-0.056765571962802436,0
-0.0011164823237875155,0.3193764506730127,0
-0.11029987957983407,-0.14490497465992747,0
-0.089245955183376,-0.11216782982783056,0
0.029594522968087844,-0.2583297884981534,0
-0.000360341362168506,-0.1587761811473673,0
0.016132787903314953,-0.8873672812426389,0
-0.1377563852891369,-0.3917383732680108,0
-0.03501746341235091,0.24359298755419262,0
-0.05732450358753352,0.05700905142966385,0
-0.1377563852891369,-0.3917383732680108,0
-0.014305972290012143,0.6363772131145863,0
0.06588499459158882,0.36806376235507243,0
-0.02827423440547896,0.19980586181509435,0
0.006505432203555577,-0.26836017505555865,0
-0.07929926667734222,0.12753680110800147,0
-0.0021148978126901688,-1.1494776265954036,0
-0.03903082442162494,0.39833032839490906,0
0.0037578712954984884,0.4194039966398205,0
-0.011313175073113458,-0.3564614697984278,0
-0.08670606961018233,-0.250242170660519,0
-0.05176394583218949,-0.5141106511431885,0
-0.013478149487373785,-0.3696508944023624,0
-0.030961163923910892,0.16154845657207947,0
-0.02839256215692698,0.4949351857043557,0
-0.039885040187691276,0.8840487128664015,0
0.036940658149754335,-0.2142633877293147,0
0.03945955200679822,2.3165121011762544,0
-0.07118440673287506,-0.5322472326493248,0
-0.1377563852891369,-0.3917383732680108,0
-0.0641078413524807,-0.5767349616129421,0
-0.06709562083971422,0.10944485847358452,0
-0.0684403637587846,0.5933965332933493,0
-0.028789827701396563,-0.11946586366156567,0
-0.1377563852891369,-0.3917383732680108,0
-0.1377563852891369,-0.3917383732680108,0
-0.07491848882831659,0.389539978366328,0
0.04874698486824693,0.492690337181633,0
0.1292912390987434,-0.08521574307699119,0
0.005965691147207309,-0.755912787192425,0
-0.0030768627317332743,-0.08802253944230379,0
-0.1377563852891369,-0.3917383732680108,0
-0.1377563852891369,-0.3917383732680108,0
-0.04120030706326999,-0.7763177853855767,0
-0.050468315267520644,0.16055917409694356,0
-0.1377563852891369,-0.3917383732680108,0
-0.11697653713028591,-0.339493484578006,0
0.033898639922857715,-0.223705120679912,0
-0.028187016850588026,0.5101972656600258,0
-0.1377563852891369,-0.3917383732680108,0
-0.1377563852891369,-0.3917383732680108,0
0.04925381271940137,2.475033096916124,0
0.06356564864899256,1.7035229686302205,0
-0.015668548545054298,-0.14318895679316135,0
0.021366351701091354,-0.8061664459091524,0
0.025195562632264926,-0.9675432098982023,0
-0.1377563852891369,-0.3917383732680108,0
-0.1377563852891369,-0.3917383732680108,0
-0.1377563852891369,-0.3917383732680108,0
-0.1377563852891369,-0.3917383732680108,0
-0.008900974365196095,-0.28200841205867816,0
-0.017965271167186297,-0.2802978183819171,0
0.0380675429516275,-0.6646539244775527,0
-0.06423792479217347,-0.15677140772039633,0
0.025434002058907664,-0.980447062721145,0
0.024314657489502293,0.5998074735794419,0
0.15064110207282938,4.228382270357654,0
-0.11802095096995294,-0.13714799103158282,0
-0.04411524264015854,0.2965486860805302,0
-0.1377563852891369,-0.3917383732680108,0
-0.1377563852891369,-0.3917383732680108,0
-0.009544056135108035,0.10467245025937354,0
-0.1377563852891369,-0.3917383732680108,0
-0.009684690288789094,-0.7552166204199545,0
-0.1377563852891369,-0.3917383732680108,0
-0.1377563852891369,-0.3917383732680108,0
0.05546779845763677,-0.0978095100169753,0
-0.1377563852891369,-0.3917383732680108,0
-0.1377563852891369,-0.3917383732680108,0
-0.035331241302548264,0.18301935034713618,0
-0.1377563852891369,-0.3917383732680108,0
0.20265402691303283,-1.229724052662549,0
0.03898951162680144,-0.9136990587862854,0
0.01675253420710379,1.070197301523897,0
-0.0023865361631443724,0.8381583672861131,0
-0.1377563852891369,-0.3917383732680108,0
-0.1377563852891369,-0.3917383732680108,0
-0.008725276775228885,-0.4891312833652176,0
-0.012469274742287751,0.20154557741472978,0
-0.033382561101131476,-0.46127827812449895,0
-0.1377563852891369,-0.3917383732680108,0
-0.015463588016080014,-0.15215811483967973,0
-0.1302199608601456,-0.03424145475382931,0
0.048440622978373184,2.6539398312795948,0
0.019402752904218022,2.030002002869315,0
-0.07713937482172088,-0.3263184093736912,0
-0.11385745102190141,-0.16257708189450135,0
-0.07831287749178899,-0.6102152456394079,0
-0.024332804213894967,-0.4685684592333046,0
-0.1377563852891369,-0.3917383732680108,0
0.004730718957577355,0.11061809936887107,0
-0.002564581162500847,-0.3171129655059611,0
0.2165092821125024,0.8138393691612823,0
-0.03328807450312458,0.12610797851937972,0
0.004246511511117118,0.2323119745990911,0
0.13395380876371454,-1.5231762495699945,0
-0.02525409836291301,1.3703651657024698,0
-0.03848712153556651,0.09601940407846311,0
0.1481061426366703,-0.6481809960214155,0
-0.1377563852891369,-0.3917383732680108,0
-0.021675310094639088,1.0585475919753846,0
0.0622870960595182,-0.30901161305984953,0
-0.038204255417186736,-0.13886448544772803,0
-0.10509398766995277,-0.3166091005002217,0
-0.12402502761094887,-0.2997715839077566,0
0.07880809139107256,-0.48050969571193203,0
-0.1377563852891369,-0.3917383732680108,0
-0.1377563852891369,-0.3917383732680108,0
-0.1377563852891369,-0.3917383732680108,0
0.004151446986204795,-0.5075470943861751,0
0.12578150231596633,0.5376802359015906,0
0.003174395978579545,0.3336021564724444,0
-0.058651522747537,0.7768887804374154,0
0.0867701849727372,-0.9328589333194676,0
-0.03352290542470412,-0.289981737497767,0
0.13252364496226582,-1.5757228075655605,0
0.026797442167906565,-0.7081231502603615,0
0.17074693793028142,-0.9125372023971083,0
0.19826763569507844,-1.3843729509287326,0
0.07775064326451939,-0.8496396163539514,0
-0.03431751486603117,0.44456744745465926,0
-0.1377563852891369,-0.3917383732680108,0
-0.1377563852891369,-0.3917383732680108,0
-0.1377563852891369,-0.3917383732680108,0
0.18486626281526614,0.14337045026303527,0
-0.018249614668503042,-0.37920357929372467,0
-0.10906088944580136,-0.11655669122434956,0
-0.1377563852891369,-0.3917383732680108,0
-0.1377563852891369,-0.3917383732680108,0
0.15605071796093337,-0.5104384344237398,0
-0.1377563852891369,-0.3917383732680108,0
0.21136102587026867,4.047771213944194,0
0.017250565211153857,-0.43830525382976404,0
-0.03561538249390073,-0.5975296485035521,0
-0.1377563852891369,-0.3917383732680108,0
-0.07906927989528165,-0.5551351460916117,0
-0.028774241988651632,-0.30203108888249863,0
-0.0591323297161066,0.29723908018049283,0
0.07744645333534729,-1.4437750697757128,0
0.024168149448737283,0.34397073277195833,0
-0.1377563852891369,-0.3917383732680108,0
0.0031839286239712414,-0.21939980692291433,0
0.11768251391270719,-0.8643462839127376,0
-0.07694940111991583,0.5327274959153211,0
0.010912204248984082,-0.35536690283992195,0
-0.013776734090342998,-0.023002407594730264,0
0.039459663317795365,0.24334230010861707,0
0.1031894084685231,2.473169767254655,0
-0.047646289159492955,0.14796108567484928,0
-0.1377563852891369,-0.3917383732680108,0
-0.053467416002728536,0.3112900763395308,0
-0.017910582219720517,0.23115930377485128,0
-0.1377563852891369,-0.3917383732680108,0
-0.1377563852891369,-0.3917383732680108,0
-0.04802583545764688,0.14076390282847448,0
-0.019066015963907123,-0.19250801626376435,0
-0.04801983387094813,-0.3020691279753571,0
-0.13398817307464125,-0.21298991401092005,0
-0.05846535388637145,-0.12042699396287375,0
-0.04306586517577298,1.0259910392810154,0
-0.1377563852891369,-0.3917383732680108,0
-0.03840706016222165,-0.07849582638291404,0
0.18219085494552031,-0.6063670442243317,0
0.03642970543274112,1.8827505339201367,0
-0.05334373204095694,0.8359772593565283,0
-0.048054719710746055,0.6171664423413359,0
0.15133651462925482,-1.1053775923913198,0
0.007332637573701889,-0.7245625663792241,0
-0.1377563852891369,-0.3917383732680108,0
-0.1377563852891369,-0.3917383732680108,0
0.14356223014784728,-1.290919124584966,0
-0.01788690498212704,-0.052982168841658565,0
-0.10306093588026399,-0.3292872111385256,0
0.009302617858521394,-0.10756390451179051,0
-0.0492547254519279,0.031485053798198104,0
0.07851274028835432,1.5809389643526781,0
0.032333011113604745,-0.7675607212800267,0
-0.12236353207161745,-0.30471928314465246,0
-0.057955866744581655,-0.41752594123622694,0
-0.1377563852891369,-0.3917383732680108,0
-0.10220661019438998,0.14398074737034047,0
-0.02618694870525297,0.594594854499599,0
-0.07042531641032082,-0.19437505970231556,0
-0.013843245371566107,1.3180089228529028,0
-0.1377563852891369,-0.3917383732680108,0
-0.029319457579992617,-0.6437041727434573,0
-0.056784698743837375,-0.25911773011377487,0
0.03290238734278205,-0.42447836800676225,0
-0.04551917828769539,-0.1556313950496623,0
-0.1377563852891369,-0.3917383732680108,0
-0.1377563852891369,-0.3917383732680108,0
0.051120099101935663,0.46329673033408303,0
0.10040580409161518,-0.33674906476169325,0
-0.1377563852891369,-0.3917383732680108,0
0.2083909070561726,-0.1476086758563337,0
-0.09593079505096203,-0.11275235227361223,0
0.03564986889863951,-0.7091448890497686,0
-0.01854696143244002,0.12939118054112037,0
0.009753171726247305,-0.47338966245915104,0
-0.04262015061777934,0.8227194014767083,0
-0.03893307163049575,0.1994751024518001,0
-0.13398817307464125,-0.21298991401092005,0
-0.017756852219284542,-0.6209553013171231,0
0.08274677915674504,2.056661997681303,0
-0.1377563852891369,-0.3917383732680108,0
-0.1377563852891369,-0.3917383732680108,0
-0.02634558529696304,-0.6761679510346458,0
-0.05340597954333277,0.24163819434637784,0
0.003680081115958128,-0.47816868293478026,0
0.054743316941539354,0.42438422003324583,0
0.21824022396420067,0.0770756089633789,0
-0.004154501905506147,0.26990424761351367,0
-0.035916766615431035,-0.4743870865446183,0
-0.1377563852891369,-0.3917383732680108,0
-0.1377563852891369,-0.3917383732680108,0
-0.1377563852891369,-0.3917383732680108,0
-0.1377563852891369,-0.3917383732680108,0
0.047171357285072296,2.4751050401462957,0
-0.1377563852891369,-0.3917383732680108,0
0.059946892172104436,0.3730294327163298,0
-0.07309443783805351,0.35699746313049874,0
-0.053816709792333745,0.2847987225384874,0
0.08853210717108698,-1.255753411542264,0
-0.06261795248898117,-0.0031153483501880235,0
-0.0766411713867571,0.45220500886259474,0
0.06370624007598107,-0.6564783627542258,0
-0.092537838715189,1.7532431378170783,0
0.25707744925540776,-0.3713233506917828,0
-0.1377563852891369,-0.3917383732680108,0
-0.007884732956385138,0.03157821107909743,0
0.07104636825763752,1.0932377920955882,0
-0.04631646270757323,1.0347345616100982,0
-0.012360901897839484,-0.7728352568343897,0
-0.059873762850557,0.2598379300168993,0
-0.05629414103939199,0.7122143514449965,0
-0.1377563852891369,-0.3917383732680108,0
-0.019462557285361625,-0.04694715679459369,0
0.06074281228532627,2.4877275853240106,0
0.05246523990793465,-0.0352160122882346,0
0.23609360925330553,2.4710773004457867,0
-0.1377563852891369,-0.3917383732680108,0
0.06090872384621019,-0.4886361001723065,0
-0.033603796893168926,1.2068119809165136,0
-0.07386236499975647,-0.6197569055345373,0
-0.07007966731997922,0.2731829281562799,0
-0.0461527701736912,-0.33942144360295956,0
-0.0950640984608091,0.18748426718014133,0
-0.1377563852891369,-0.3917383732680108,0
0.023211546445338797,-0.3646567317398117,0
0.04513783729317463,2.4751760966821097,0
0.03520380034979828,0.3138819046230081,0
-0.07503757308020287,0.10999116366271743,0
-0.04625134462024184,0.11720491057372164,0
-0.019170453743919333,-0.15663429139866644,0
0.20049133830760538,-0.7760863542547601,0
-0.1377563852891369,-0.3917383732680108,0
-0.1377563852891369,-0.3917383732680108,0
-0.14152459750363255,-0.5704868325251016,0
-0.1377563852891369,-0.3917383732680108,0
-0.1377563852891369,-0.3917383732680108,0
-0.08876962650069334,1.931991597074169,0
-0.03939687672860391,-0.36449385758946456,0
-0.03697298641920941,-0.11159377958542904,0
-0.1377563852891369,-0.3917383732680108,0
0.0926322373611728,1.950267661550799,0
-0.1377563852891369,-0.3917383732680108,0
0.009509148539133472,1.863810843196291,0
-0.05962652825661575,0.793872470443897,0
-0.1377563852891369,-0.3917383732680108,0
-0.1377563852891369,-0.3917383732680108,0
-0.1377563852891369,-0.3917383732680108,0
-0.1377563852891369,-0.3917383732680108,0
-0.0017883178919870207,1.7320041338039538,0
-0.1377563852891369,-0.3917383732680108,0
0.013113514144303442,1.1225157131355827,0
0.13981579047102008,-1.1261925907378896,0
0.142378260734734,-0.5419656144186273,0
0.07838866577833711,-0.9543852188362083,0
-0.1377563852891369,-0.3917383732680108,0
-0.0018147621827698979,0.44706845918874594,0
-0.052682761700734514,-0.08264158882280498,0
0.08513881098987934,-1.3983345682259158,0
0.1315841579206584,-1.261486345719151,0
-0.0687621300101034,-0.4916584850801855,0
0.12336870981848175,3.2535867169550303,0
-0.1377563852891369,-0.3917383732680108,0
0.17645742301586956,0.2829412940767252,0
0.009237520939514165,-0.6224742376967429,0
-0.10264329774081597,0.38381382237259165,0
-0.1377563852891369,-0.3917383732680108,0
0.12032154990129984,-1.5629778627809174,0
0.0760731896354091,-0.538004570533842,0
0.18647728567052776,-1.9105017056862528,0
-0.1377563852891369,-0.3917383732680108,0
-0.1377563852891369,-0.3917383732680108,0
-0.1377563852891369,-0.3917383732680108,0
-0.1377563852891369,-0.3917383732680108,0
-0.1377563852891369,-0.3917383732680108,0
-0.027414865985554693,-0.03361017818151128,0
0.06886505853244192,0.06238213421413918,0
-0.13398817307464125,-0.21298991401092005,0
0.06712519560132138,-0.5136596249255949,0
-0.03621175293387891,0.82502949138665,0
-0.017001852458758918,-0.6037974320052223,0
-0.006968574539009436,0.09379729946694303,0
-0.0414806373728372,0.4435290609784029,0
-0.1377563852891369,-0.3917383732680108,0
-0.014013138995348815,-0.22953181445730314,0
0.030649254184182934,-0.14557651083694034,0
0.030124444781186026,-0.17395035455558588,0
0.1251899360397571,-0.9345406363758464,0
-0.1377563852891369,-0.3917383732680108,0
0.03224094889638205,0.2136233973016769,0
0.010391834313108918,-0.42294586061964495,0
0.019587818839603848,-0.6220426555421527,0
-0.1377563852891369,-0.3917383732680108,0
-0.1377563852891369,-0.3917383732680108,0
-0.0007760193035690247,-0.5165849525881313,0
-0.14152459750363255,-0.5704868325251016,0
-0.1377563852891369,-0.3917383732680108,0
-0.1377563852891369,-0.3917383732680108,0
-0.1377563852891369,-0.3917383732680108,0
-0.1377563852891369,-0.3917383732680108,0
-0.1377563852891369,-0.3917383732680108,0
-0.0284107142937848,0.8905754641786484,0
-0.0667772732066083,-0.23026697397365103,0
-0.1377563852891369,-0.3917383732680108,0
0.1245564037133006,-0.8976966044938299,0
-0.1377563852891369,-0.3917383732680108,0
-0.1377563852891369,-0.3917383732680108,0
-0.1377563852891369,-0.3917383732680108,0
-0.1377563852891369,-0.3917383732680108,0
-0.1377563852891369,-0.3917383732680108,0
-0.13713855291132274,-0.3965886962946017,0
0.060118453827025686,-0.28236704682916414,0
0.004704001580187609,1.6921310717157743,0
-0.1377563852891369,-0.3917383732680108,0
-0.012461386000130126,-0.1900993672015454,0
-0.048755584848981105,0.14750759041240122,0
0.1319743118427483,-0.3571100991349485,0
-0.1377563852891369,-0.3917383732680108,0
-0.1377563852891369,-0.3917383732680108,0
0.24586635588497618,-0.5943812132065653,0
0.04936085531394254,-0.1826872679432556,0
0.12768124334875525,1.765450192889961,0
0.009217417974009733,-0.3915742038332013,0
-0.0264638014557213,0.39254798616544323,0
-0.1377563852891369,-0.3917383732680108,0
0.0013532607542236094,-0.5148545978204652,0
-0.12645174864564993,0.14450700450326134,0
-0.061253220642497025,0.5871139929274545,0
-0.1377563852891369,-0.3917383732680108,0
-0.023680622439563682,0.12351015561829122,0
-0.1377563852891369,-0.3917383732680108,0
0.015550896127667264,1.9961250639528665,0
0.049266852432421696,-1.037310536732385,0
0.06008158225146047,-0.4018989070897569,0
0.10652228768466578,-0.7621823206363172,0
0.0494457284750406,-0.2368676900261828,0
0.08504067886389288,3.0874317402021982,0
0.0401237430510763,-0.9693459792250557,0
0.10629224691168111,-0.4189066733182783,0
-0.13398817307464125,-0.21298991401092005,0
0.017205491146299032,0.21263399673889827,0
0.060432915681281923,-0.6629244426278624,0
0.048647843870987244,-1.2336381652996546,0
0.1734437948767583,-0.5971686578581199,0
-0.012836988581208846,-0.2788686015868623,0
-0.1377563852891369,-0.3917383732680108,0
-0.07365244921552083,-0.042960992311139694,0
-0.012593158752081038,-0.08629710967101716,0
0.008758374089830163,0.2832526752783953,0
-0.13398817307464125,-0.21298991401092005,0
0.06882486019385291,-0.3959996713047061,0
0.015642955299786328,-0.4965453079560149,0
0.010459569249578613,-0.12736371569698385,0
0.11618595350882104,1.3845438584336034,0
0.014302187161835272,-0.35874957036247446,0
0.07477252931039324,-0.45642965754477566,0
0.049378003204017876,-0.9798199462424229,0
0.052440182948781104,0.6765301111611474,0
0.004028816084731583,-0.44639014095016666,0
-0.1189153242166586,0.5020039230174429,0
0.1753627368517073,-0.23051969206556028,0
-0.05432285845467039,0.7627713521873726,0
-0.08335194415681105,0.3736670556156195,0
0.08843134239992445,-1.3921078951501742,0
-0.1377563852891369,-0.3917383732680108,0
-0.014179214353161338,-0.10401876174664462,0
0.03557062540509094,-0.21008390994012582,0
-0.046100013869949635,0.13481134968468292,0
0.03891442200661093,-1.012937611009569,0
0.13970446478947243,-0.5325700264351537,0
0.027654222694385562,-0.5196429919667928,0
0.04508890185074333,2.475176983376469,0
-0.1377563852891369,-0.3917383732680108,0
0.011585369853735558,-0.24163587897457206,0
0.033832328453638386,-0.8114536303440716,0
0.022186051462510438,-0.27748387560346616,0
-0.08404386878450837,-0.33419737687468765,0
0.19643594438068843,-1.6223756676052417,0
0.027589718674216702,-0.33642865464310134,0
0.13722392746701031,-1.5762085021797922,0
0.12141836169663524,-0.7009221343273508,0
-0.026114031310344774,0.5821074543872026,0
-0.05852693735973494,-0.3775431609836372,0
-0.004316600414439531,1.10152901042531,0
0.12253904921692435,0.5106884882853953,0
0.017917782671078006,-0.35006939433204864,0
-0.1377563852891369,-0.3917383732680108,0
-0.1377563852891369,-0.3917383732680108,0
0.043907583079085544,-0.6693277345234735,0
-0.010376547695801418,-0.1907125227683482,0
0.0018465687144072994,0.25002047237349495,0
-0.1377563852891369,-0.3917383732680108,0
0.10033183979523043,-0.8342679711682225,0
0.07827593501579502,2.8709644048998064,0
-0.050800175175407705,-0.34990227516153133,0
-0.1377563852891369,-0.3917383732680108,0
0.045144808703598924,-0.7131220163919622,0
0.013831613287245054,-0.08328937290166763,0
0.06992159456716115,-0.04524673865413146,0
0.04020246226762778,-1.1713035211087577,0
-0.1377563852891369,-0.3917383732680108,0
-0.05227696644909837,0.5017821851643829,0
-0.1377563852891369,-0.3917383732680108,0
-0.0704823535500075,-0.214892237719091,0
-0.1377563852891369,-0.3917383732680108,0
0.01783967975727576,-0.006425992674411535,0
-0.07746498985720637,2.468236974845441,0
-0.1377563852891369,-0.3917383732680108,0
-0.025085281550682383,-0.769096321240865,0
0.020783278110938875,1.8850142156298653,0
0.044672410763877526,2.475191372022504,0
0.23139410931039858,0.040184517103448184,0
0.016251958565718944,-0.5485495292869738,0
-0.06506159108387806,-0.3193599438159083,0
-0.1377563852891369,-0.3917383732680108,0
-0.1377563852891369,-0.3917383732680108,0
-0.11607213178372858,-0.4576842844237643,0
-0.1377563852891369,-0.3917383732680108,0
0.07333481637685378,0.9326289182475194,0
-0.10384247535867598,1.216997760045806,0
-0.1377563852891369,-0.3917383732680108,0
0.12547168161584368,2.4723999746918093,0
0.10919412378219236,-0.1254801026872174,0
0.3565681978139812,-3.1064350768126747,0
-0.001276810581818201,-0.6673444803387426,0
-0.1377563852891369,-0.3917383732680108,0
0.03792223850260805,-0.9637152449989697,0
-0.1377563852891369,-0.3917383732680108,0
-0.1377563852891369,-0.3917383732680108,0
-0.1377563852891369,-0.3917383732680108,0
0.07139240368201877,1.6771259005921124,0
-0.060148436967800936,0.5688055375286312,0
-0.026227212672543382,0.144663489581836,0
-0.003099083011217315,1.6021236002872625,0
0.07662641436458735,-0.8036763722430689,0
-0.06976247563265696,-0.4170467144082086,0
0.05375605649940461,-0.651093924306322,0
0.0003043626843075271,2.3614673070747307,0
0.016876697426138204,-0.22123497398630976,0
0.0884405086117488,-0.3093558099152774,0
-0.14152459750363255,-0.5704868325251016,0
-0.030807980828139077,-0.3451088445883796,0
0.26964965855082235,-2.9341928632020466,0
0.05519489799953602,-0.5970441895195184,0
-0.1377563852891369,-0.3917383732680108,0
0.007808263598459115,-0.4362477350943603,0
0.03581174003944851,-0.48284760402393895,0
-0.1377563852891369,-0.3917383732680108,0
-0.015718619321957762,0.021294570798971606,0
-0.02127708927820189,-0.0947250495506482,0
0.14763551988882379,-1.2646411529765578,0
-0.08216465792846442,-0.13823607854762207,0
0.040080977555840974,-0.606118603491051,0
17.723677820500132,1.864429319472742,0
-0.1377563852891369,-0.3917383732680108,0
0.033914401728990975,-0.46216674298566157,0
-0.014270615302270208,-0.03349832544430151,0
-0.09509052822934165,0.05763294127365519,0
0.07024231592361317,-1.1352154669715886,0
-0.05515817631272316,0.8436473541208207,0
0.24236694168757042,-1.0460628812183037,0
-0.05619994395098887,0.2130208742232525,0
0.04317409308839938,-1.1699954296620223,0
-0.06976062467476175,-0.2974207639657634,0
-0.13398817307464125,-0.21298991401092005,0
-0.04994223574139521,0.7172608808318541,0
-0.1377563852891369,-0.3917383732680108,0
-0.1377563852891369,-0.3917383732680108,0
-0.1377563852891369,-0.3917383732680108,0
-0.1377563852891369,-0.3917383732680108,0
-0.1377563852891369,-0.3917383732680108,0
-0.1377563852891369,-0.3917383732680108,0
-0.04320479951801121,-0.2545493405714037,0
-0.05923494021784771,-0.39280147477638877,0
-0.1377563852891369,-0.3917383732680108,0
0.04055585044431151,-0.3581889223287106,0
-0.1377563852891369,-0.3917383732680108,0
0.3898011919502521,-1.4636770984641467,0
0.02824027152550083,1.7007367338481851,0
0.12443070981339036,-2.0759641891757292,0
-0.1377563852891369,-0.3917383732680108,0
-0.1377563852891369,-0.3917383732680108,0
-0.016000576195625747,0.39898185078543597,0
-0.006124479361958712,-0.2614193850467111,0
0.043813239615557574,1.077373212714233,0
-0.0046719745506049095,0.5514460657430454,0
-0.13398817307464125,-0.21298991401092005,0
0.0025330920306834153,-0.40942473615164626,0
-0.13398817307464125,-0.21298991401092005,0
0.0565899240370178,-0.6549856987060784,0
-0.018833530282092514,-0.18991787479468367,0
0.09619679952439736,-0.8138335322590498,0
-0.1377563852891369,-0.3917383732680108,0
-0.0461112336511818,0.1569405030593865,0
-0.1377563852891369,-0.3917383732680108,0
-0.041252038489961916,0.13094708657618662,0
0.07141921067842597,0.07194866945851199,0
-0.027823026040472067,-0.29374864457545324,0
0.11489361931239808,1.204467334037738,0
0.01917716535641982,-0.868240275405442,0
-0.014363712684388234,-0.7177730027472624,0
0.0037261994769559347,-0.006374196149591243,0
0.028998271118153174,-0.2546765089834113,0
-0.1377563852891369,-0.3917383732680108,0
-0.008508761492951088,-0.726904166790105,0
0.007163696436602373,-0.7814185463422664,0
0.04673696601510399,0.8708951445922777,0
0.0692831290580449,-0.5181320043680196,0
0.11935026060886088,-0.8966800449140179,0
0.07226001789335766,-0.8758956276623691,0
0.10235804291495407,-1.1339268769694004,0
-0.02911540354769333,0.9870237026342448,0
-0.005479321594057259,0.3073344481785818,0
0.060538434769389964,0.20470535432909304,0
-0.05077496935808824,-0.4059061351318401,0
-0.1377563852891369,-0.3917383732680108,0
0.9352623350660428,2.49915636237544,0
-0.1377563852891369,-0.3917383732680108,0
-0.1377563852891369,-0.3917383732680108,0
-0.1377563852891369,-0.3917383732680108,0
-0.1377563852891369,-0.3917383732680108,0
0.08849456892248164,-0.6785693441780541,0
0.04081693995676315,-0.5664575160100901,0
-0.02108658408973789,0.9569437833193591,0
-0.021789922412774835,0.6149597016205436,0
-0.1377563852891369,-0.3917383732680108,0
-0.1377563852891369,-0.3917383732680108,0
-0.1377563852891369,-0.3917383732680108,0
0.11986285743553071,-0.752286583862556,0
-0.1377563852891369,-0.3917383732680108,0
0.031651492748142065,-0.6439168555024495,0
0.007319711425493831,0.16712494893906565,0
0.027732147560528865,1.4856990931292182,0
0.02607802758140702,0.064727723136534,0
-0.14152459750363255,-0.5704868325251016,0
0.0066924251440447086,-0.3774176771204715,0
0.003054703965734554,-0.4656907407257522,0
-0.045345580620955644,0.13386384276497418,0
0.07570537419551399,-0.6294077254870855,0
0.025060859540742376,-0.6397714365339165,0
-0.1377563852891369,-0.3917383732680108,0
0.01323709123505669,-0.8934539132109982,0
-0.05912493692173015,0.226994114903695,0
0.00012425586486440243,-1.1104610773671157,0
-0.13398817307464125,-0.21298991401092005,0
0.0036166260712285664,0.4438489345349939,0
-0.1377563852891369,-0.3917383732680108,0
-0.03996993706759175,1.0792782530107834,0
0.07196706053227019,0.3501214136981842,0
0.2845327850578388,-1.8519808871721364,0
0.17478225827828453,-0.32840671445859826,0
-0.05819754052131359,-0.12980295835661537,0
0.015668309427730728,-0.4356697622125308,0
0.02348859034741612,-0.25785761317590755,0
0.02304244071922697,0.09630400020531359,0
-0.03972499747445807,-0.5974892096155568,0
0.03650689916317411,0.419804841185188,0
0.12567039773573782,-0.5644479695981552,0
-0.002709768577766022,-0.31531300565769954,0
0.027649438767371814,-0.10025893161569208,0
0.03784722420880091,0.01642654792997777,0
0.12436375501951728,1.1582601573405387,0
-0.13398817307464125,-0.21298991401092005,0
-0.13398817307464125,-0.21298991401092005,0
-0.05006477031570857,-0.6002209485798968,0
0.12206003085588928,-1.6168349298180014,0
0.02205533003638423,1.5918063722880897,0
0.16187546060884514,4.22805779076254,0
0.08882757418662121,-0.22275752232874102,0
-0.1302199608601456,-0.03424145475382931,0
0.02065466594253729,-0.05895527065238129,0
0.028967252595945646,1.4050820998024882,0
-0.13398817307464125,-0.21298991401092005,0
0.21740559449595023,-1.4999507700980312,0
0.0027417644354555686,-0.430529891933836,0
0.019375819773256062,0.3314430962566882,0
0.03573566550566251,-0.5278289980858559,0
-0.007741354527303362,0.5181485039634125,0
-0.00023667618856533217,0.1692240928951064,0
-0.03739876151244245,-0.4168620363759668,0
-0.04148431831212393,-0.025467767319246885,0
0.004416277525543629,1.4646571586152153,0
0.004115863240347574,0.7629956093168986,0
-0.13398817307464125,-0.21298991401092005,0
-0.025247682632627885,0.612386990165351,0
-0.04062180030303878,-0.04830206216719801,0
-0.007535538707159528,-0.1028231908972862,0
-0.026657128290121016,0.3088828469842666,0
0.07009815949539504,2.6531916216858,0
-0.044007024314206146,-0.3684749502390431,0
0.12143529150623787,-0.7077334293261429,0
-0.016395928630512816,1.017824126991753,0
-0.03402239139273622,0.12540345867652272,0
-0.017347002419976356,0.07347746383357441,0
-0.01662028988670631,0.052934724171950054,0
-0.01756219968501235,-0.18830769803437553,0
0.06223206940427511,-0.5180514827364106,0
0.06934470742540065,-0.25960376781488076,0
-0.006822650961889001,0.6105021874121961,0
-0.021083881740449034,0.12439596123961846,0
-0.13398817307464125,-0.21298991401092005,0
0.08017625904768441,-0.1905026107677088,0
0.15036678394906147,-0.731995062452353,0
0.10060235374804914,-0.3605812058968359,0
0.009074792643565754,0.13021314393490854,0
0.229468983639422,-0.24406624918856973,0
-0.0018800525689732167,-0.21658077967583106,0
-0.003942776211180014,0.5640691254189641,0
-0.021499872741925597,-0.276374472804174,0
0.007089081329974623,-1.0579443137895033,0
0.14312820780740382,-1.02187616999019,0
0.08812284522793044,-0.5130572097802119,0
-0.054559966341117996,-0.4844529492517387,0
-0.13398817307464125,-0.21298991401092005,0
-0.034405917318948244,-0.021211911158202024,0
-0.017683564490371624,0.3483121054117502,0
-0.03899698582266153,0.954594397711644,0
-0.1377563852891369,-0.3917383732680108,0
-0.1377563852891369,-0.3917383732680108,0
-0.1377563852891369,-0.3917383732680108,0
-0.006556544908998685,-0.5015222253760101,0
0.09378614873605785,-0.8811643490637507,0
0.48534987505315874,-1.4251572968595474,0
0.25196790055959045,-0.6526675279285303,0
0.4191300829213314,-1.8301863378139374,0
0.1924307239647339,0.9382073725028685,0
0.14023258343010267,-0.29503936255081287,0
0.09448887887716127,-1.3355089719747408,0
-0.1377563852891369,-0.3917383732680108,0
-0.023653844772182513,-0.37565097254033963,0
0.05453182960353527,-0.3974615817865266,0
-0.004010429521587085,-0.07684986090526305,0
0.05623969256468185,-0.5582173485425679,0
0.03237518775108474,-0.719346785801533,0
0.043334118221619,-1.051360333752944,0
-0.10761068757317163,1.0382493007887152,0
-0.04000955837982298,-0.07562484848366574,0
-0.06296237462727775,-0.06439915034511587,0
0.07099477143517219,-0.8220391459328023,0
-0.01471169438558816,0.17614597425091139,0
-0.1377563852891369,-0.3917383732680108,0
-0.032104296569338144,0.6826055486688243,0
-0.13398817307464125,-0.21298991401092005,0
-0.020293114229646095,-0.22463358806183778,0
-0.1377563852891369,-0.3917383732680108,0
0.17941255552342297,-0.581909193543566,0
0.04245899076226403,-0.9116027602532418,0
-0.041930462101759866,-0.7594169429630215,0
0.11169736210016991,4.082783607976577,0
-0.1189153242166586,0.5020039230174429,0
-0.1377563852891369,-0.3917383732680108,0
-0.03120781751189819,-0.3569467187652893,0
0.12297282853296408,-1.1169971310951563,0
0.09258426517733216,-1.022377810609816,0
0.009628977073050358,-0.8410009451345076,0
0.009206358757435446,-0.43850716917681926,0
0.16045694310220304,-1.7683011294419808,0
0.33070167912205717,-1.9933335886857357,0
0.028411710777184854,-0.2992739998128432,0
0.014867531729272389,-0.0020825837169580366,0
0.17038532190008,-1.2533175305368118,0
-0.007622919288621829,-0.5496084098746628,0
0.13442571457053035,-1.1468814387726103,0
0.03748462622596431,-0.6869158199478514,0
-0.1377563852891369,-0.3917383732680108,0
-0.045242519709957345,0.3001748949660262,0
0.12473374053708526,0.523426639524809,0
0.18966902365202296,-2.1115097374374288,0
-0.1377563852891369,-0.3917383732680108,0
0.0014634081521876549,-0.8864981399224572,0
-0.02338970590200641,-0.7258462550293909,0
0.05046414793208272,-0.9419447385611626,0
0.08749656596409054,1.028986348314991,0
-0.04052639939472529,1.0383277678640812,0
-0.1377563852891369,-0.3917383732680108,0
-0.1377563852891369,-0.3917383732680108,0
-0.1377563852891369,-0.3917383732680108,0
-0.1377563852891369,-0.3917383732680108,0
-0.1377563852891369,-0.3917383732680108,0
-0.1377563852891369,-0.3917383732680108,0
-0.058919410890538676,-0.20570935721304473,0
0.025349904555978672,-0.5523922436745945,0
-0.1377563852891369,-0.3917383732680108,0
-0.05302157691005692,-0.5267768600867412,0
-0.024917844063420038,-0.31087367404630933,0
0.0008010732115091571,1.7123358599480931,0
-0.13398817307464125,-0.21298991401092005,0
-0.1377563852891369,-0.3917383732680108,0
-0.1377563852891369,-0.3917383732680108,0
-0.0029797269518523697,0.002251532994225034,0
0.06934565846675265,1.717431673747544,0
-0.029836220870017378,-0.20046597294993126,0
-0.030462147506004997,-0.4599204690331542,0
-0.1377563852891369,-0.3917383732680108,0
-0.06920284207452626,0.06091915221867379,0
0.016008222549635975,-0.7146013264967764,0
-0.032543109274840824,0.8505289914709717,0
-0.1377563852891369,-0.3917383732680108,0
-0.004980470606303776,-0.5438092119790365,0
-0.050097994842945595,0.9788969514381953,0
-0.07427637883632372,-0.009430917554578576,0
-0.020673339192097618,-0.2327954326578121,0
0.04218308381531625,-0.4384867041807537,0
-0.06359322237217976,0.1201116240922771,0
0.052190175294790565,-0.009296074169633451,0
0.06767471454062925,-1.1341734683957636,0
0.1345649022977798,-1.032332750466176,0
0.2616517960793347,-1.8306346935684785,0
0.008801974639641054,-0.4207881571642978,0
-0.0022347079957762677,-0.788793027688228,0
0.048647890152928426,-0.48277722338758244,0
0.08341253053025995,-0.15864445083453402,0
0.022737136031616898,-0.722473431291843,0
0.08706238029843637,-1.3061372773828563,0
0.0009034554001636863,-0.8705165805137691,0
-0.1377563852891369,-0.3917383732680108,0
-0.04600693572208753,0.3377823028938474,0
-0.022848295692331707,-0.42948706208887627,0
-0.12645174864564993,0.14450700450326134,0
-0.09017831527947037,-0.32619816003585306,0
-0.044778402892536665,-0.3470153555863985,0
0.026145431144474447,0.1533262471143071,0
0.047991656736572214,-0.12009898131828937,0
0.06118271149638966,2.400235768428207,0
-0.006066399178642832,-0.6305174040036251,0
0.001552399272316939,0.3473208698926761,0
-0.1377563852891369,-0.3917383732680108,0
0.0892397617938251,-0.7737203928545978,0
0.09621310852490367,-0.055562974210058125,0
0.2307640928240974,-1.0797257139929017,0
0.07810033882756308,-0.016645176309245842,0
0.0200161493687291,-0.7944523854505069,0
0.025625659727555712,-0.3632592284766962,0
-0.006453685534684932,-0.25658989576387065,0
0.015763550459558,0.34969839348095205,0
0.34670703082361787,-2.7866054631542014,0
-0.017975674832668695,0.36267967088077957,0
-0.1377563852891369,-0.3917383732680108,0
-0.07898137445299097,0.43277054574107476,0
-0.1377563852891369,-0.3917383732680108,0
0.033627412151551926,-0.6057878634792265,0
-0.021330421235877424,1.1974700540163952,0
0.37691896745219783,-1.2802267040411732,0
0.07070467476054844,-0.24045139722865336,0
0.10568614677893033,-0.15460943822843753,0
-0.1377563852891369,-0.3917383732680108,0
-0.1377563852891369,-0.3917383732680108,0
-0.1377563852891369,-0.3917383732680108,0
0.008703558189447362,-0.9599868824960375,0
-0.1377563852891369,-0.3917383732680108,0
-0.1377563852891369,-0.3917383732680108,0
-0.02907619797952492,-0.46270128534986754,0
-0.08718865517332576,-0.44849428523057494,0
0.13510337190322896,-1.9454672721806847,0
-0.1377563852891369,-0.3917383732680108,0
-0.0724099126774341,-0.05526154300235162,0
-0.010043216283345077,-0.39494057253502907,0
0.037465330453473784,-0.06467681172991745,0
-0.034285006698560605,-0.024011339605062996,0
0.11910540190593537,-1.1058546383087164,0
0.11836511600499323,-1.4641280990933023,0
-0.016337543899985284,-0.24166967097951067,0
0.003529945879854133,-0.7166258940843323,0
-0.1377563852891369,-0.3917383732680108,0
0.18068563139857605,1.6270173066280766,0
-0.05764953335495343,0.13510529012354042,0
-0.1377563852891369,-0.3917383732680108,0
-0.1377563852891369,-0.3917383732680108,0
0.05535946888386824,-0.2809370011229233,0
0.15713548068347788,-1.636809382826108,0
-0.1377563852891369,-0.3917383732680108,0
0.16479347581300513,4.2279735103482246,0
0.018631208909930745,0.9075776747369673,0
-0.02898423531728739,1.3893586765022155,0
0.012746112228197772,-0.1291844128510803,0
-0.09335614935391601,-0.21622038939446708,0
0.03534319708336923,-0.3660301186530489,0
0.24488110532926174,-1.6394820489931474,0
-0.0334154279544932,0.4861185717250174,0
-0.1377563852891369,-0.3917383732680108,0
0.02444555964505993,-0.2301884220430966,0
-0.037639545819062814,1.1785347291212307,0
0.01677070290609134,-0.8679157806727964,0
0.05395469903325998,0.22374533437813432,0
-0.12645174864564993,0.14450700450326134,0
0.06867584712562148,0.8374681302693504,0
-0.05048062517431781,0.6368632385481456,0
-0.04324622327994518,0.6206474014597837,0
0.06859924006792599,-0.7805825965199324,0
0.1721954113211365,1.4986655078363131,0
-0.1377563852891369,-0.3917383732680108,0
-0.034219964456462484,-0.711873871012341,0
-0.004372705450725001,-0.4872053012531138,0
-0.1377563852891369,-0.3917383732680108,0
-0.1377563852891369,-0.3917383732680108,0
-0.1377563852891369,-0.3917383732680108,0
0.08172755302448843,-0.6417350920651433,0
-0.1377563852891369,-0.3917383732680108,0
-0.1377563852891369,-0.3917383732680108,0
-0.09242553426206293,0.10617110238190751,0
-0.031686708893587885,-0.1300450135359141,0
-0.1377563852891369,-0.3917383732680108,0
-0.00020770839071757957,-0.0012930102363298995,0
0.08094894454549048,1.3738521892741737,0
0.03027811130632032,2.1256561029162815,0
-0.04313245213268226,0.8641255853309537,0
-0.002073524903242219,0.12528942417543162,0
-0.06028587261977942,-0.6529846270278326,0
0.010926568101780856,-0.2869978589930763,0
0.11933037820833504,-0.9925601181285871,0
-0.0886047779244262,0.14287904873489846,0
-0.0188344882229669,0.30787218207627765,0
0.03104947829813693,-0.12338799881329512,0
-0.1377563852891369,-0.3917383732680108,0
-0.1377563852891369,-0.3917383732680108,0
-0.049955051861573195,0.38505400460897327,0
-0.009201297623611356,1.163046802429903,0
-0.0024429483541058205,-0.49031167755865385,0
-0.0041744315379190055,0.8261443260720214,0
0.02075715900753587,-0.32981701441591604,0
-0.1377563852891369,-0.3917383732680108,0
-0.1377563852891369,-0.3917383732680108,0
-0.1377563852891369,-0.3917383732680108,0
-0.1377563852891369,-0.3917383732680108,0
-0.022633713694453675,-0.26898454542209227,0
-0.1377563852891369,-0.3917383732680108,0
-0.1377563852891369,-0.3917383732680108,0
-0.1377563852891369,-0.3917383732680108,0
-0.0439897417008203,0.5203030589140007,0
-0.060342228519931485,-0.7988465530995745,0
-0.1377563852891369,-0.3917383732680108,0
-0.1377563852891369,-0.3917383732680108,0
-0.06010282527677048,-0.3734148704698799,0
-0.1377563852891369,-0.3917383732680108,0
0.0023721460972250153,-0.5994917237562408,0
-0.1377563852891369,-0.3917383732680108,0
-0.05823027661192928,0.7060014184429759,0
0.0307038153160432,-0.1111190704837263,0
-0.1302199608601456,-0.03424145475382931,0
0.03962549993921852,1.4676838055101422,0
-0.1377563852891369,-0.3917383732680108,0
-0.02637459469222203,0.9962093006992536,0
0.0005622560642000133,0.8741174503341759,0
-0.1377563852891369,-0.3917383732680108,0
0.0476102990415127,-1.3106066930433866,0
0.03590153577634363,0.01776943416536927,0
-0.048558830775210934,0.03364216146262511,0
0.05445995130522393,2.4748532388406925,0
0.009216645566917854,-1.1213945053312768,0
-0.06026397603985979,0.5290617277804202,0
-0.1377563852891369,-0.3917383732680108,0
-0.1377563852891369,-0.3917383732680108,0
0.0559770474073645,3.011436749793776,0
-0.007170097543987749,1.3932945312976905,0
-0.08494361606298753,0.41667910935713426,0
-0.1377563852891369,-0.3917383732680108,0
-0.1377563852891369,-0.3917383732680108,0
-0.092537838715189,1.7532431378170783,0
-0.06131654456530087,-0.12103008532325493,0
0.04219983844250767,-0.8034601547225686,0
0.051112657616279256,-0.6520574634204066,0
-0.04609095003953884,0.12175901240200328,0
-0.1377563852891369,-0.3917383732680108,0
-0.01610694518073505,-0.24076550978948838,0
0.05581804587658492,2.667597748727413,0
0.25607299248077897,-0.951122948643184,0
-0.016490123309551484,-0.570577133906532,0
-0.04272093312999565,-0.05402298188044927,0
0.06411095470559348,0.6591766738338983,0
-0.004280690227206863,0.10418600171231308,0
-0.027351767075061453,1.3187739053066778,0
-0.08022073277180236,0.038507201306872435,0
-0.1377563852891369,-0.3917383732680108,0
-0.1377563852891369,-0.3917383732680108,0
-0.1377563852891369,-0.3917383732680108,0
-0.009263085472550822,0.06331918396123275,0
-0.1377563852891369,-0.3917383732680108,0
-0.1377563852891369,-0.3917383732680108,0
-0.1377563852891369,-0.3917383732680108,0
-0.1377563852891369,-0.3917383732680108,0
0.030638054676846674,0.9708712050773534,0
-0.1377563852891369,-0.3917383732680108,0
-0.0028737176809273744,-0.11168311476220086,0
0.008165279381867787,-0.37830545701353885,0
-0.1377563852891369,-0.3917383732680108,0
-0.01133782346480894,0.7517266317678083,0
-0.03975490180792816,-0.2376035669255268,0
-0.04744179053691335,0.7019808202319929,0
-0.1377563852891369,-0.3917383732680108,0
0.10175453365760503,-1.4721383220226474,0
-0.1377563852891369,-0.3917383732680108,0
-0.005500577691840431,0.03201374380727719,0
0.004873132972064236,0.5533895147338566,0
0.04606199476481718,-0.5414694653849601,0
0.03425088376669255,-0.22220423506083628,0
0.009138119838312322,-0.6070904587223347,0
-0.05612971971882788,-0.1455821169482885,0
0.047120554324709546,0.9559163526039263,0
-0.1377563852891369,-0.3917383732680108,0
0.032375823638419836,-0.02406833968237491,0
-0.03915378256632065,0.46464583325247744,0
0.10289102783568395,-1.139484787321583,0
0.1005488537275177,-0.33335573937509444,0
0.04581689686685236,-0.772705910910293,0
-0.012332096820839692,1.3442309166821855,0
-0.03199306901428246,0.6061722348902938,0
0.033230134046800676,-0.4281878506573215,0
-0.1377563852891369,-0.3917383732680108,0
0.16146296587913345,4.0492124090289865,0
-0.010232489285545977,0.9123660673088342,0
-0.1377563852891369,-0.3917383732680108,0
0.05445840302276593,0.6819871675175508,0
-0.049200347570499514,-0.21264640071981303,0
0.03358673615207557,0.5299534034167618,0
0.013990485021153139,1.1663278087216185,0
-0.02517484374147223,0.19500147151045072,0
0.0580284131909592,1.1745692899961442,0
-0.1377563852891369,-0.3917383732680108,0
-0.048904779297056465,0.8556674880308771,0
-0.050053635708783815,0.15058160433212248,0
0.056528877878522885,2.526830291879893,0
-0.1377563852891369,-0.3917383732680108,0
-0.1377563852891369,-0.3917383732680108,0
-0.01808548445901567,1.2660113152466077,0
-0.1377563852891369,-0.3917383732680108,0
0.1475813721721966,1.4335426975227579,0
-0.1377563852891369,-0.3917383732680108,0
0.05087658034388037,0.4615483642064352,0
-0.1377563852891369,-0.3917383732680108,0
-0.014581773654026785,-0.45615335872923235,0
-0.021014150309692118,-0.12083078865886,0
0.0067409914508626025,-1.029587156404794,0
-0.03603142931637219,-0.2839811385447873,0
-0.0627625554946893,0.6793663185856968,0
-0.1377563852891369,-0.3917383732680108,0
-0.02241633376330978,1.410213464067186,0
-0.1377563852891369,-0.3917383732680108,0
-0.1377563852891369,-0.3917383732680108,0
-0.07909416470431514,-0.08154803061754914,0
0.02290460661497304,2.0400026127299853,0
-0.1377563852891369,-0.3917383732680108,0
-0.01841694523336866,-0.6014887314771179,0
-0.035475741696077735,0.7320917874204204,0
0.014078603299390504,0.5138223293987965,0
-0.044265440479525506,0.7162436861447457,0
-0.04753258183813639,0.050698070801460285,0
-0.08654716084071508,0.3871622568802995,0
0.0333766332422201,0.5300524001263036,0
-0.10071870951769861,-0.0783710412418937,0
-0.029331226519194745,0.6193949922684854,0
-0.13398817307464125,-0.21298991401092005,0
-0.015663572542031018,-0.33427198620209386,0
0.012833422800513548,0.18798958565380408,0
-0.009237250273313815,-0.45915452815215285,0
0.04643538165008422,0.5484582617762502,0
0.044780800673438904,0.6091195354609259,0
-0.02276734856791775,0.4804663107303677,0
-0.1377563852891369,-0.3917383732680108,0
0.04542741201133435,-0.2156124137912176,0
-0.005468617171744682,0.07993872642869938,0
-0.1377563852891369,-0.3917383732680108,0
-0.059341154605749805,0.38267266490730567,0
-0.1377563852891369,-0.3917383732680108,0
-0.08228964064524925,0.3691934694253863,0
-0.01346229554417771,0.5555999062061048,0
-0.02601555637566996,0.5125878290828935,0
-0.04631057283389472,0.35641683607569746,0
-0.0029927203098614337,0.5963237167811307,0
-0.04491083608617151,0.09381206838538851,0
0.07164282197060552,-0.33161529887923474,0
0.04671556724991647,-0.7155598954764659,0
-0.1377563852891369,-0.3917383732680108,0
-0.1377563852891369,-0.3917383732680108,0
-0.1377563852891369,-0.3917383732680108,0
-0.1377563852891369,-0.3917383732680108,0
0.12012598737847399,-0.09280817065608533,0
0.10400009715359622,-0.5426998220632078,0
0.027601174431917678,0.5344801216959213,0
-0.01934020128172269,0.5042932450044264,0
0.036588548479692444,-0.8001049835680419,0
-0.0508280603439214,0.8958650339746262,0
0.02471756319889243,0.025522336604213446,0
0.23013487099864652,-0.3891476018980466,0
0.08525088369078977,-1.3629722884704112,0
0.04613012956790785,2.4751410117613832,0
-0.1377563852891369,-0.3917383732680108,0
0.005319055022425291,-0.6129259272282002,0
0.04563689803337807,-0.8386570957729577,0
0.024583656528890555,0.7054457903652643,0
0.014871079632643468,0.3385135989065049,0
-0.06006578686928407,0.004054194148157078,0
0.14468437845521376,4.0496970214113,0
-0.026249850383799674,0.7981882803164999,0
0.26006856171525816,1.1782164652911054,0
-0.025799303311392564,-0.21044700835854008,0
-0.14152459750363255,-0.5704868325251016,0
-0.1377563852891369,-0.3917383732680108,0
-0.02953315919463303,-0.24991501313070683,0
-0.07284849832492162,0.1481306238829155,0
0.29886928363626103,0.45356735149756744,0
0.028390610800090258,1.737790015073791,0
0.010463573535623655,-0.1882611336342636,0
-0.006631737755177844,-0.455896732898294,0
-0.023456753379244865,-0.1434525701089173,0
-0.13398817307464125,-0.21298991401092005,0
-0.08876962650069334,1.931991597074169,0
-0.021016138148444385,-0.35445313632615694,0
0.15527704276393703,3.909653616503367,0
0.05496521611640839,-1.0887918791310636,0
0.021403109939629742,-0.02577708861518924,0
0.2507372264558248,-1.954694144386796,0
0.31224868168651765,1.2138407759744272,0
0.013022362873739833,-0.44099765086767423,0
0.04141108816520135,-0.7300834305595768,0
0.0319910607413029,1.451605013431626,0
0.03779515221546822,2.190992617977065,0
-0.12645174864564993,0.14450700450326134,0
0.05375689302115764,-0.6263585525504298,0
-0.05258352290238567,-0.4143113918051578,0
-0.07168352261564039,0.604306382361596,0
0.00484948487000167,-0.5557360996565024,0
-0.1377563852891369,-0.3917383732680108,0
-0.1377563852891369,-0.3917383732680108,0
0.853474224657306,-0.7570361343722011,0
-0.04778974608256882,0.11345277565566152,0
-0.05501252996556443,-0.02625323730248558,0
-0.013670088462560482,-0.8015348723811283,0
-0.06457001396288417,-0.24842998342633385,0
-0.1377563852891369,-0.3917383732680108,0
-0.06061862052500618,0.12904796146469769,0
0.050352367419469114,0.5613677530538288,0
-0.007024158255261724,1.031352255412894,0
-0.1377563852891369,-0.3917383732680108,0
-0.06336077058479565,-0.14279340672611643,0
-0.045170930676431124,-0.38410948866676736,0
-0.1377563852891369,-0.3917383732680108,0
0.02444020061138141,-0.7173196244652709,0
-0.014482401051860435,-0.22759747936537758,0
-0.03543914800359988,0.07108025791725191,0
0.264756964597304,-0.6619321801253618,0
-0.1377563852891369,-0.3917383732680108,0
-0.026615747668534383,-0.17310731413256486,0
0.019155399931242816,1.425580144703311,0
0.11128735603184524,1.5986243204128556,0
-0.0711484245481108,-0.5074246283246636,0
0.003919882818935046,-0.5755231572194163,0
0.20789520422801994,1.5343299506196422,0
-0.010917409955616422,0.4474482950975004,0
0.019136351837837958,0.026339541642935112,0
-0.004825278235972381,-0.7988724808695024,0
0.003053088342882261,-0.039972704645525145,0
0.029140198416638258,-0.47214813720372223,0
0.05576470025516833,-0.551530873050041,0
0.1108837881860187,0.5775474966494953,0
-0.13398817307464125,-0.21298991401092005,0
0.07552099610354682,-0.36826584977184984,0
-0.0025099401408370282,-0.2356809107835215,0
-0.1377563852891369,-0.3917383732680108,0
-0.1377563852891369,-0.3917383732680108,0
0.028166347344891565,-0.004891314699673496,0
-0.022357838510196005,-0.11463058797068701,0
0.007899619170038896,2.112610170822926,0
0.018578707064128334,0.12530953194552913,0
-0.1377563852891369,-0.3917383732680108,0
-0.11558141764515464,-0.11926353447463969,0
0.012055763621430442,1.9205458680076997,0
0.36154994139049973,-1.1365511277920948,0
-0.05767609007131211,-0.41922814029962197,0
0.05738075505420932,-0.4551364517990856,0
-0.048792372428853176,-0.18266996275145825,0
-0.04148076418043726,0.05442409954328219,0
0.0038205759706828684,-1.2576682570389568,0
-0.1377563852891369,-0.3917383732680108,0
-0.1377563852891369,-0.3917383732680108,0
0.21312937933931161,-0.6874953843102998,0
0.09008774529954408,0.45928191594906215,0
-0.005148343454472164,-0.4240142793699621,0
-0.1377563852891369,-0.3917383732680108,0
-0.013276149302196807,-0.6282276797269052,0
-0.0050554595773248225,0.7186505441552385,0
0.15596809999580438,-0.6335502678154564,0
0.013301447923860659,0.7238232719507104,0
-0.039533721469033646,0.9119467066352195,0
-0.008482351133090966,0.5701053810264801,0
-0.03485047973811897,0.6403142654913232,0
0.0031553705084721895,0.006034208277510761,0
0.05936619782815669,0.9563232946571492,0
-0.1377563852891369,-0.3917383732680108,0
0.045061532950595555,-0.8338593793757075,0
0.049711862232072176,2.520589185130587,0
0.14766102346553833,-0.42541045784720904,0
-0.006391049450129891,1.3922201032066606,0
-0.0020607915970802986,0.5445002581234973,0
-0.1377563852891369,-0.3917383732680108,0
-0.1377563852891369,-0.3917383732680108,0
-0.1377563852891369,-0.3917383732680108,0
-0.050777725852722375,-0.06833718376518173,0
0.027228059450260446,0.5226835825247037,0
-0.048434260781452965,-0.09237261171052866,0
-0.005170080584504483,-0.5857934026979492,0
-0.1377563852891369,-0.3917383732680108,0
-0.04121572830679767,0.6547952234634755,0
-0.021363380275164632,-0.10662818771076576,0
0.11935410205140579,-0.32089201443617765,0
0.044672410763877526,2.475191372022504,0
0.02138595499373829,-0.6049011851137162,0
-0.1377563852891369,-0.3917383732680108,0
0.02690776387051879,-0.7721233692854487,0
-0.04074374762207558,-0.3219771498035034,0
-0.1377563852891369,-0.3917383732680108,0
0.12283378964475691,0.7638772154218498,0
-0.030394840123906648,-0.012138211368175751,0
-0.016002286809769818,-0.5596239175467527,0
-0.1377563852891369,-0.3917383732680108,0
0.028776944942373338,-0.31665960800798326,0
-0.1377563852891369,-0.3917383732680108,0
-0.1377563852891369,-0.3917383732680108,0
-0.1377563852891369,-0.3917383732680108,0
0.18143305026310255,1.030866153328828,0
-0.1377563852891369,-0.3917383732680108,0
-0.046276671409262046,-0.6137149185492738,0
-0.0012228787579008436,0.10284043101409714,0
0.07461866154982233,-0.42474662308109123,0
0.05727821998285367,2.4463893336506404,0
-0.1377563852891369,-0.3917383732680108,0
-0.1377563852891369,-0.3917383732680108,0
-0.1377563852891369,-0.3917383732680108,0
-0.1377563852891369,-0.3917383732680108,0
-0.1377563852891369,-0.3917383732680108,0
-0.040809341873043956,0.6222662027280651,0
-0.1377563852891369,-0.3917383732680108,0
-0.0397147596831263,0.0666513289660249,0
0.04967030380626716,2.475018708270089,0
0.223516693203974,1.2282925126591848,0
0.17954350138071568,0.5107697361423011,0
0.03058355529119204,2.1303993601419413,0
-0.04614039719205487,0.7101049676010779,0
-0.1377563852891369,-0.3917383732680108,0
-0.1377563852891369,-0.3917383732680108,0
-0.044152064549553935,0.8347329882117124,0
0.30903931418237157,0.02932478760451415,0
0.017417977409262913,-0.8569224967908874,0
-0.11698695758296102,-0.09967189151903695,0
0.1353577850284582,-1.298224899833283,0
-0.12645174864564993,0.14450700450326134,0
-0.039625387633835725,0.9492297571640229,0
-0.0241503824863321,1.37032346078509,0
0.044672410763877526,2.475191372022504,0
-0.12645174864564993,0.14450700450326134,0
-0.12645174864564993,0.14450700450326134,0
-0.02941153985800157,0.1149895505043642,0
-0.07765914283072178,-0.3328062311226197,0
0.016768607069118934,-0.3902989664224604,0
0.04219827819156207,-0.07738449956746608,0
0.043317943956899606,-0.6506491829010486,0
0.11127248196271633,-0.4377716957188594,0
-0.0959594341383556,-0.4107193570758557,0
-0.05379342193906102,0.10059799763674411,0
-0.02315244704521098,-0.44892160371575235,0
0.026551315592169365,-0.7908479952437458,0
0.054635126816807295,-0.6237010594537609,0
-0.1377563852891369,-0.3917383732680108,0
-0.056620872637152805,-0.30305983957268123,0
-0.0399328559099877,-0.08697353541104691,0
0.06471265818739504,-0.8935286940307512,0
-0.03886298785824365,-0.29917478430359373,0
0.020806861809449663,-0.25247281403131133,0
-0.1377563852891369,-0.3917383732680108,0
-0.1377563852891369,-0.3917383732680108,0
0.037822185602219956,-0.02365344303451761,0
-0.03668583624211541,1.053770803786612,0
0.12295966734127751,-0.6559494904238817,0
0.018001174433655728,1.2843371148138165,0
0.49628744940528025,-0.9300567014434781,0
-0.1377563852891369,-0.3917383732680108,0
-0.1377563852891369,-0.3917383732680108,0
-0.1302199608601456,-0.03424145475382931,0
0.005138328508423965,-0.7831184772285813,0
-0.1377563852891369,-0.3917383732680108,0
-0.1377563852891369,-0.3917383732680108,0
-0.04562477604817521,0.14483689778960873,0
0.0037340853513765306,-0.23537526027335232,0
-0.1377563852891369,-0.3917383732680108,0
-0.1377563852891369,-0.3917383732680108,0
-0.07715720603617017,-0.27393585360897427,0
-0.06462341266199972,0.04537260248022586,0
-0.09146108260685876,-0.4225738283952751,0
0.06632386281031002,-1.2882438538603824,0
0.03530795570211357,-0.8348737523159273,0
-0.14152459750363255,-0.5704868325251016,0
-0.05591255758160768,-0.18819159588643228,0
0.08558251720176954,-0.26314437628203835,0
0.014821726622299625,-0.8128149546308313,0
-0.1377563852891369,-0.3917383732680108,0
0.052916461875394366,-0.21514655232480506,0
-0.010002062987018038,1.1773839251306901,0
-0.07019559629396692,-0.4030887943723751,0
-0.03429715316757001,-0.16961566001957326,0
0.04779609391537108,2.475083457177245,0
0.15196192459289684,-1.5469838445668123,0
0.18218087382866915,4.048614018087348,0
0.06133789218358137,-0.669894869462127,0
-0.006081286505481538,-0.17201685947633544,0
-0.03731697776114869,0.6112853353097016,0
0.04166419648550269,-1.1988917427731463,0
0.01869361175048225,1.8018114318722847,0
-0.09544858513432118,-0.031126079601657964,0
0.0028758054502102475,0.08557592287375314,0
-0.009806272180237195,0.6301165876353189,0
0.2672506052178989,-1.796731457265832,0
-0.02318761429149235,-0.5507612282511265,0
0.0767941093967121,0.2601772443084003,0
0.03521638818590268,-0.052189407243823496,0
-0.05313040850855481,-0.3131811367435084,0
-0.014803174226458198,1.3024262034853038,0
-0.1377563852891369,-0.3917383732680108,0
-0.1377563852891369,-0.3917383732680108,0
-0.03715595609182973,-0.2730089051213932,0
-0.1377563852891369,-0.3917383732680108,0
0.2072796760314131,-1.1207038852756472,0
-0.1377563852891369,-0.3917383732680108,0
0.05319757437540764,-0.5044688610459888,0
0.11505381574801408,-0.6115676136711703,0
0.04521272039365224,-0.39525010488774903,0
0.04551893041787796,-0.1543975444467192,0
-0.020835487774838953,-1.0221610466509932,0
-0.04186639878398924,-0.7135484898213362,0
0.43404027850077803,-3.8051503596911167,0
0.015309079733036773,1.7448243962681846,0
-0.1377563852891369,-0.3917383732680108,0
-0.1377563852891369,-0.3917383732680108,0
0.027764665967384854,0.38170117950049576,0
-0.028883657440700754,1.0021610436276798,0
0.13810988577926414,-0.5934614625110346,0
0.10089870749076121,2.4732489048078454,0
-0.1377563852891369,-0.3917383732680108,0
-0.1377563852891369,-0.3917383732680108,0
0.06181838282536888,1.829240872460998,0
-0.1377563852891369,-0.3917383732680108,0
0.2574656660959959,4.046439583398012,0
-0.06377920170010315,-0.08375264963959098,0
0.1888111614071465,-0.5898155914670691,0
0.2695057108453671,-0.40026568137068763,0
-0.053841283536797034,0.7172003049281304,0
-0.1377563852891369,-0.3917383732680108,0
-0.1377563852891369,-0.3917383732680108,0
0.010343809723388806,1.2608042724796917,0
0.03167292330577537,-0.4244141879182752,0
-0.1377563852891369,-0.3917383732680108,0
0.19030996754160934,-1.2559091730831031,0
-0.044019109673740286,0.7684317102802635,0
0.07526029226335455,-1.3683794066621406,0
-0.1377563852891369,-0.3917383732680108,0
0.046338375111340716,2.4751338174383655,0
-0.008230170378519077,0.646595766975323,0
0.007810353051440679,-0.42345019071940737,0
-0.009735917847199689,0.9681940858181803,0
-0.07434382681656651,-0.09313778450316526,0
0.0058099547804442275,1.8494078756516588,0
-0.1377563852891369,-0.3917383732680108,0
-0.03666617326646849,-0.9240233244018077,0
0.10740724747474224,-0.6269270810997448,0
0.09338372437156603,-0.3884219063208194,0
0.027919415941471005,2.1743321484951754,0
-0.1377563852891369,-0.3917383732680108,0
0.05695889782641873,2.474766906964485,0
0.11051642397723357,2.940109570085316,0
0.21091224470506925,3.0736731524509184,0
0.04379232294250765,0.09430479228022774,0
0.11380991216989761,2.824466005035164,0
-0.024302779882646706,-0.3220526196414003,0
0.031594672209607634,-0.09092762799988187,0
0.07444186425402373,0.5703016568358664,0
-0.019904286253782814,0.005790741870980468,0
0.06574181150074086,2.3432646489765165,0
0.06056557127424589,-0.44196384901821434,0
-0.04176377194664779,0.8959432768679606,0
-0.03964929574331267,1.3516244600743896,0
-0.013164969401647908,0.1913022010712231,0
-0.08947573564381965,0.3232687025792336,0
-0.1377563852891369,-0.3917383732680108,0
0.10251588989994587,2.3884649485146903,0
-0.1377563852891369,-0.3917383732680108,0
0.00025515379359757935,0.5841279960747072,0
-0.04540145700267836,-0.21349549899996983,0
0.15286790093976904,-1.8779410211827996,0
-0.0071156030072057185,0.23809292666267773,0
0.2319730499814853,-2.033146065756193,0
0.08028858229505555,0.9157453452689605,0
-0.14152459750363255,-0.5704868325251016,0
0.033271100526835164,0.4810432695689588,0
0.0532104780446265,2.474896404778796,0
-0.0017269807366780746,-0.9596553924195161,0
-0.1377563852891369,-0.3917383732680108,0
-0.1377563852891369,-0.3917383732680108,0
0.08537386036492356,-1.0411950120739593,0
0.11547589553106434,2.472745302196637,0
0.12291264856470387,-0.9932145960590703,0
0.03741293308442057,-0.1713841093510667,0
-0.1377563852891369,-0.3917383732680108,0
-0.1377563852891369,-0.3917383732680108,0
-0.1377563852891369,-0.3917383732680108,0
-0.1377563852891369,-0.3917383732680108,0
-0.034485412269263244,-0.38716298105365177,0
0.04737960282850523,2.475097845823279,0
-0.022056734142311518,0.07237139696315091,0
0.08662617695263045,0.4780005326559511,0
-0.1377563852891369,-0.3917383732680108,0
0.22818465824095022,-1.7494089395589971,0
0.23644845950853088,-0.08356302208669378,0
0.20727815418534973,-0.4462779129695203,0
0.02999260270846163,-0.9951393544793709,0
-0.025588651125753113,0.8294924036230283,0
0.021014541246859635,0.8827006134736687,0
0.346281461458311,-3.4326439524544203,0
-0.011391585920043421,1.138765925900432,0
-0.1377563852891369,-0.3917383732680108,0
-0.04566519038336963,0.992097386017682,0
-0.1377563852891369,-0.3917383732680108,0
0.16578411616557312,-1.1822091357837752,0
0.07224650806222213,-1.137101274948858,0
0.22452474031404926,-1.1797895880884623,0
0.0002749843564050928,1.7114125118017172,0
-0.05580444767881524,0.08671928617097997,0
0.05422857795687673,-0.7296784682549209,0
0.0792569316396118,-1.2994970619225235,0
-0.1377563852891369,-0.3917383732680108,0
-0.1377563852891369,-0.3917383732680108,0
0.07470923434429314,-0.7177505199465554,0
0.09597311629952653,0.14103181408045523,0
0.062378553958111364,0.40913299762389993,0
-0.00018648543839540994,0.6012144474927144,0
0.033663530051703146,-0.09414020117448199,0
-0.1377563852891369,-0.3917383732680108,0
0.016209842029195242,-0.11025240384124368,0
0.03693147304443492,-0.8053967753155201,0
-0.0068375599073525984,1.769316528959165,0
-0.1377563852891369,-0.3917383732680108,0
0.043861708265106734,1.871926215751547,0
0.14029123287147635,1.208564812877996,0
-0.03989496239092497,-0.2845983476256621,0
-0.05776488144202776,0.5914974956791256,0
-0.05301394654220041,0.46574345342609147,0
-0.1377563852891369,-0.3917383732680108,0
0.029709637361697655,-0.3668451725237788,0
0.0534215771856008,-0.16724243864642255,0
-0.03252673881719409,-0.21886827073555581,0
-0.029519165015478927,-0.6648857245938237,0
-0.1189153242166586,0.5020039230174429,0
0.06684540053128223,3.368818559139681,0
-0.10376906063245273,-0.026136203299328264,0
0.14789419517978972,4.0496043129555535,0
0.024015551016020476,0.1660532276026784,0
-0.053382942634264616,-0.4170089979009813,0
-0.1377563852891369,-0.3917383732680108,0
0.056984791367967115,-0.14691551739581366,0
0.1007672509357335,-0.694204729854218,0
-0.1377563852891369,-0.3917383732680108,0
-0.1377563852891369,-0.3917383732680108,0
0.017238281390616682,-0.7171679486626817,0
-0.08657385788353715,0.35162407756688396,0
-0.1377563852891369,-0.3917383732680108,0
-0.1377563852891369,-0.3917383732680108,0
-0.1377563852891369,-0.3917383732680108,0
-0.1377563852891369,-0.3917383732680108,0
-0.1377563852891369,-0.3917383732680108,0
0.018377030090526714,-0.9098580602092865,0
0.11134287911994468,0.03563912966827719,0
0.04725884030505432,-0.24212213849601022,0
-0.1377563852891369,-0.3917383732680108,0
0.2684944251891667,-1.0853391108719763,0
-0.03142780589694684,-0.2514285532298883,0
-0.1377563852891369,-0.3917383732680108,0
-0.14152459750363255,-0.5704868325251016,0
-0.1377563852891369,-0.3917383732680108,0
-0.1377563852891369,-0.3917383732680108,0
-0.1377563852891369,-0.3917383732680108,0
0.0524730126884692,-0.6091388775297322,0
0.010564438221908468,0.9014220103087048,0
-0.028142476875247752,0.04430943204704843,0
0.27543179829977643,-1.3204600290746453,0
0.013388821508703352,-0.4424069049247731,0
0.021724465659782897,-0.5730731230389473,0
0.06368703080492198,-0.07400645027118258,0
0.0020334650080101858,-0.9283280925168319,0
-0.011270934287695884,-0.43402515299619954,0
0.009721348578523567,-0.4925352201555261,0
-0.09272914222151321,-0.029850052978741933,0
-0.018318377193376954,-0.29189445609147324,0
-0.005577838406859415,-0.5641835602116257,0
-0.04314915827495609,0.5359554445121877,0
-0.0031472227768611595,-0.5262617602821225,0
0.006258425219615851,-0.5031712620818211,0
0.078624217549734,-0.749549130638841,0
0.044672410763877526,2.475191372022504,0
0.06136570157846285,-0.6558722942051254,0
-0.003268274140505815,-0.5909372307501521,0
0.08682184881431976,-1.1399180717024888,0
-0.1377563852891369,-0.3917383732680108,0
-0.028587180285143513,0.24115671076037615,0
-0.1377563852891369,-0.3917383732680108,0
0.012901152785770378,-0.3576713193129165,0
-0.00251930806396483,-0.3026584404659242,0
-0.03547143714853423,-0.5559479538818749,0
0.011155984381970902,-1.01422676141496,0
-0.1377563852891369,-0.3917383732680108,0
-0.1377563852891369,-0.3917383732680108,0
-0.03771955366291362,-0.46871792697376385,0
0.34745318861902924,-1.1075922656421935,0
-0.1377563852891369,-0.3917383732680108,0
-0.1377563852891369,-0.3917383732680108,0
-0.1377563852891369,-0.3917383732680108,0
0.021922084741772097,-1.1564477910865703,0
-0.010256657757410043,-0.63877486899193,0
0.04654662065477362,2.475126623115348,0
-0.1377563852891369,-0.3917383732680108,0
-0.03164860473478473,0.3581168276368314,0
0.1449504833792778,-1.2241566870363876,0
-0.07885463548394125,-0.23641373384764588,0
-0.1377563852891369,-0.3917383732680108,0
-0.1377563852891369,-0.3917383732680108,0
0.05776418902150547,-1.43843263941428,0
-0.1377563852891369,-0.3917383732680108,0
0.03398402170236694,-0.28159533110974133,0
-0.1377563852891369,-0.3917383732680108,0
-0.04436386631745362,-0.19901519181108082,0
0.06799591162836259,2.4743856078445714,0
-0.028216503200320427,-0.6260075995621514,0
0.034993572573782286,0.06999262917314493,0
-0.13157806151099508,-0.4402416035339197,0
0.0031371417516755074,0.8744805433343147,0
0.04488065630731043,2.4751841776994867,0
0.09322288782275413,0.3607870173617265,0
0.030342828530902574,1.7872013976898473,0
-0.1377563852891369,-0.3917383732680108,0
0.040211718507656,-0.6697318365637276,0
-0.022734822111858642,0.46808972317067277,0
-0.1377563852891369,-0.3917383732680108,0
-0.001796339783318062,-0.9082778957576132,0
-0.09734701198737174,-0.15107090461804304,0
-0.015742344987397856,0.28452054731010695,0
0.11817175463519448,-0.7809583755207091,0
-0.1377563852891369,-0.3917383732680108,0
-0.1377563852891369,-0.3917383732680108,0
-0.1377563852891369,-0.3917383732680108,0
-0.051289484120603364,0.259714223448506,0
-0.11258409703594818,0.2988437583662323,0
0.11589466979140929,-1.6617834181446498,0
0.014930384638321543,-0.09776025297203164,0
-0.011604597205520676,0.2470857425578858,0
0.004998417569249127,1.7556227298799272,0
-0.1377563852891369,-0.3917383732680108,0
-0.1377563852891369,-0.3917383732680108,0
-0.07725648976093848,0.1390062716741772,0
-0.05351452211391831,0.5022752886205694,0
0.1296748852159005,-1.1951834291549401,0
-0.11732113418855755,-0.13703075711094703,0
-0.023681343210680127,-0.32858001160314204,0
-0.014927203635839128,-0.17577527303798857,0
0.003385350563373402,-0.5595416452817,0
-0.1377563852891369,-0.3917383732680108,0
-0.1377563852891369,-0.3917383732680108,0
-0.002743665091161439,-1.100386213856322,0
0.05391518008181256,-0.750702872166193,0
-0.005769290442312096,-0.5316177709321317,0
-0.1377563852891369,-0.3917383732680108,0
-0.01710297731148085,0.04814452248685312,0
-0.1377563852891369,-0.3917383732680108,0
-0.0037833557657785885,-0.05735724839859455,0
-0.03287795981280367,-0.045507158180211116,0
0.0020866692862006727,1.1835642194519125,0
-0.025790227444223573,-0.4488389999320071,0
-0.1377563852891369,-0.3917383732680108,0
0.424205027462825,4.22048098151559,0
-0.07746498985720637,2.468236974845441,0
0.044672410763877526,2.475191372022504,0
0.003923967535688642,-0.6885334997466693,0
-0.015176444097961515,-0.09607014552993615,0
-0.06230424788264286,-0.13109446836789979,0
0.10429611446309131,-1.4698679703890556,0
0.05220883519286884,2.8326882905366855,0
0.003468726273123069,-0.4961713139981148,0
0.044672410763877526,2.475191372022504,0
0.016030492882061046,-0.5192469930199344,0
-0.13398817307464125,-0.21298991401092005,0
-0.03130479061156334,0.6529567568976717,0
-0.1377563852891369,-0.3917383732680108,0
-0.07908920823054717,-0.08610969476513006,0
0.11448843494168152,-0.0018360666022072035,0
0.7056293981648134,5.08110938004536,0
-0.1377563852891369,-0.3917383732680108,0
-0.1377563852891369,-0.3917383732680108,0
0.057333391632199124,-0.725752086769035,0
-0.14152459750363255,-0.5704868325251016,0
-0.07000235650715875,-0.24547276799032078,0
-0.08100779808388056,-0.2843755223844799,0
0.0533565494295035,-0.7797742979990403,0
-0.1377563852891369,-0.3917383732680108,0
0.04345853076743952,-1.2511275791213035,0
-0.1377563852891369,-0.3917383732680108,0
-0.14152459750363255,-0.5704868325251016,0
0.16698242827782242,2.1323881086519076,0
-0.13398817307464125,-0.21298991401092005,0
-0.1377563852891369,-0.3917383732680108,0
-0.06671826760008519,0.4312469029642033,0
-0.06498310102160472,0.005489863194638897,0
0.013303696046068621,-0.5818533088900917,0
0.02677802127493646,-0.5965018790838746,0
-0.1377563852891369,-0.3917383732680108,0
-0.00013455082735579796,0.26998254609740224,0
0.4306264464284673,-2.7191895297861692,0
0.09648184037837813,3.198611749547594,0
-0.1377563852891369,-0.3917383732680108,0
-0.02186081957609385,-0.8777409810858042,0
-0.06192156977657698,-0.3890619327039511,0
0.022877497553790295,-0.608882410639766,0
-0.1377563852891369,-0.3917383732680108,0
-0.10781422939003776,-0.3617454401907245,0
0.0004755877432819059,-0.3578564541374386,0
-0.1377563852891369,-0.3917383732680108,0
-0.06842591371098163,0.2576183231563011,0
-0.13398817307464125,-0.21298991401092005,0
-0.015780867046946038,-0.684891338588595,0
0.02960242301391876,-0.34920743404460003,0
-0.026881447878370664,-0.2629104685323635,0
0.3734105736522458,-3.415064292672562,0
-0.0674469048208217,-0.17319510100007407,0
0.056975946468185504,-1.1753491411803085,0
-0.1377563852891369,-0.3917383732680108,0
0.027554768517971173,-0.7601448023965252,0
0.010325237219425437,-0.6523266422216977,0
0.01926098770736004,-0.9725254312391632,0
0.0208559712915688,-0.7412458327656511,0
-0.04511160433907138,0.6706674497859902,0
-0.037639545819062814,1.1785347291212307,0
-0.13398817307464125,-0.21298991401092005,0
-0.009675442145886351,-0.3913130767848257,0
-0.033492298347910704,0.9350606276242152,0
-0.04021284247722258,0.465933531808024,0
0.004956877694581396,0.6296148804753802,0
-0.08808893148322948,-0.14516218745784198,0
-0.1377563852891369,-0.3917383732680108,0
-0.07900684417017918,-0.577771362824137,0
-0.1377563852891369,-0.3917383732680108,0
-0.010829436180294045,0.5863231909357877,0
-0.1377563852891369,-0.3917383732680108,0
-0.1377563852891369,-0.3917383732680108,0
-0.1377563852891369,-0.3917383732680108,0
-0.0898759069083148,-0.5019890149037881,0
0.09497089577791792,-1.198530346929312,0
0.020923008782217947,-1.22216424803711,0
-0.025055069577078235,0.34480117933440024,0
-0.06146674748421613,-0.11113650192088013,0
-0.08338280234575986,0.08960205884416488,0
-0.025243637707212604,-0.6857556137976684,0
0.04858156649488965,-0.19468452784073825,0
-0.1377563852891369,-0.3917383732680108,0
-0.017004803935266728,-0.6149971399434871,0
-0.04385478137829029,0.3452048800276781,0
-0.1377563852891369,-0.3917383732680108,0
0.024629960098889233,1.7509715600128115,0
0.0005752788245880077,-0.1881756506201502,0
-0.1377563852891369,-0.3917383732680108,0
-0.003700614549708195,0.921399454465791,0
-0.07632415673806248,0.019760689369237427,0
-0.1377563852891369,-0.3917383732680108,0
-0.04743205953736832,0.04694358431804635,0
-0.02700320446255323,-0.23935024814931263,0
-0.1377563852891369,-0.3917383732680108,0
0.18884748022988446,0.256872524690507,0
-0.052214685498501105,0.06690698222806947,0
-0.05813367716830504,-0.0873632804127048,0
0.045853688067113374,0.06492288973452238,0
-0.1377563852891369,-0.3917383732680108,0
-0.053440970459759964,-0.02152276652711983,0
-0.008327259243794856,0.34877466534021434,0
-0.1377563852891369,-0.3917383732680108,0
-0.0033457691308561807,0.1459887363897268,0
-0.1377563852891369,-0.3917383732680108,0
-0.04703307811231211,0.8373932229265549,0
-0.05156884815679853,-0.3771870642964918,0
-0.01737392196540734,-0.01773367415524996,0
-0.07201245718894599,0.43612409729566615,0
0.05101539997338018,1.8364559048638336,0
-0.003903275806550832,-0.8959482178665279,0
0.1309039256072329,-0.3625790397263838,0
-0.04731675145597825,-0.0530916286302711,0
-0.1377563852891369,-0.3917383732680108,0
-0.1377563852891369,-0.3917383732680108,0
0.025107662318633966,2.518531979337802,0
0.04407157102712487,-1.0903584623635794,0
-0.02182636180748606,1.3906706257840122,0
0.03926548378220035,2.2696586897012287,0
0.018982426012265404,-1.1087805422464079,0
0.08663533570034898,0.1362824448230729,0
0.08787926506013553,-0.19561206627167238,0
-0.10258396948802014,-0.41128807825375463,0
-0.051087504355736786,3.7194761896450763,0
0.01903726250047551,-0.7145671422592331,0
0.07239330450422744,-1.3693092303658052,0
0.04999881993109556,-0.07254327045353176,0
0.06805416887275799,0.12886128425476856,0
0.07619846968978261,-1.0988068423038184,0
-0.04896782730094886,-0.5173129003293023,0
-0.0308445533837448,-0.5426123846939888,0
0.10859765271016916,2.657838929676969,0
-0.1377563852891369,-0.3917383732680108,0
-0.06649102882130448,0.11069884942839515,0
-0.02074404530127239,-0.1340584682237786,0
-0.1377563852891369,-0.3917383732680108,0
0.0534231719320619,2.309496022839787,0
0.051340695020572834,-0.6489242366895985,0
0.1968869706690573,-1.1743897882757455,0
0.016533087072586772,-0.7580709024944398,0
-0.12412014568457536,-0.25494794106276275,0
-0.05551241950016294,-0.4313681888080913,0
-0.14152459750363255,-0.5704868325251016,0
0.01375375492430203,-0.919794245037939,0
0.044672410763877526,2.475191372022504,0
-0.09701675271764976,0.2271548559905972,0
0.12467278603728513,-1.756333162352529,0
-0.010999846965022422,-0.92904559976046,0
0.02757405265585551,-0.9444126878137422,0
-0.06626830710031974,-0.09282798408639321,0
0.11388295996867194,0.3603045950975887,0
-0.049266090964985534,0.24050660299297547,0
-0.1377563852891369,-0.3917383732680108,0
-0.026775652565058313,-0.23199372594536513,0
-0.1377563852891369,-0.3917383732680108,0
-0.029341462963624675,-0.3179152645455873,0
0.0009012883844320915,-0.6548924480239486,0
-0.0552070224770853,-0.12361323452520236,0
-0.014534714556816377,-0.6776335502933628,0
-0.023385533891200756,0.46316317135382745,0
-0.1377563852891369,-0.3917383732680108,0
-0.042184400222011496,-0.735450053440582,0
-0.1377563852891369,-0.3917383732680108,0
-0.0263867308935174,0.2349893303099176,0
-0.03610486545351197,-0.17865345658095189,0
-0.1377563852891369,-0.3917383732680108,0
0.015129761253507498,0.06337884201277931,0
-0.058382017326814535,-0.7044304149565989,0
-0.1377563852891369,-0.3917383732680108,0
0.002546615959375979,-0.4625020226997974,0
-0.11162239349505099,-0.367975518691042,0
-0.1377563852891369,-0.3917383732680108,0
-0.1377563852891369,-0.3917383732680108,0
-0.09594528682737326,-0.18923325097600335,0
-0.012426819136679383,0.32714894775223863,0
-0.1377563852891369,-0.3917383732680108,0
0.0021877731482927805,-0.5023721034939882,0
-0.1377563852891369,-0.3917383732680108,0
-0.05854162752850754,-0.47677713166738367,0
-0.1377563852891369,-0.3917383732680108,0
-0.02010739276732778,1.3484189117989438,0
-0.05998164697592202,-0.5166344842034433,0
-0.13398817307464125,-0.21298991401092005,0
-0.032484904328818676,-0.07544523401767923,0
0.07461329843665429,2.8240942448411013,0
-0.013721518839757177,-0.22563892536275254,0
-0.1377563852891369,-0.3917383732680108,0
0.09307569408119726,3.2156971397817165,0
0.00612682700203087,1.3943278112268613,0
-0.1377563852891369,-0.3917383732680108,0
-0.04270463063394674,-0.24513948984929998,0
-0.04639003742372844,0.44376267251934554,0
-0.04763442407210803,-0.34165780986355804,0
0.004613420249700192,0.17836353162812238,0
-0.0632532799213938,0.7184383209954104,0
-0.06543347218035107,0.6880916991424408,0
-0.1377563852891369,-0.3917383732680108,0
-0.022434750516006904,-0.44073539876815554,0
-0.04907586351589574,-0.7336470374866553,0
-0.01688010113225694,-0.28046272026595903,0
-0.024156852472328183,0.35094311335148415,0
-0.08740026570293459,-0.14006177862341765,0
-0.1377563852891369,-0.3917383732680108,0
0.059749251076091206,-0.10105130447220668,0
-0.04469332164835506,1.0610368932514878,0
-0.09737793199023413,-0.3325584458591949,0
0.011284742117627181,1.9322767380715773,0
0.04685235381201762,-0.6200449860552333,0
0.017054223973768188,-0.6535831392255514,0
-0.03766567147862782,1.0929559682578878,0
-0.02172620654063202,-0.6890444919565364,0
-0.028929566544791927,0.45392558724625276,0
-0.1377563852891369,-0.3917383732680108,0
0.007387007452590549,-1.0941115838500892,0
-0.040651330995507884,-0.11602427387131774,0
-0.00035896839829760284,0.25517336727989187,0
-0.1377563852891369,-0.3917383732680108,0
-0.03768638551345753,-0.47811965389918565,0
-0.1377563852891369,-0.3917383732680108,0
-0.10189040713869112,0.14723859282037008,0
-0.1377563852891369,-0.3917383732680108,0
0.03588054787643993,-1.0249472280730472,0
-0.050232106908966415,-0.1910054699105871,0
-0.05368164390433486,-0.5919777035115732,0
-0.049165130259347586,-0.3080257157900368,0
-0.1377563852891369,-0.3917383732680108,0
-0.1377563852891369,-0.3917383732680108,0
-0.05790683730586858,0.5000236423161266,0
-0.027052252084803847,-0.44509850264755807,0
-0.04356278054287,-0.3720084713783367,0
-0.0028457975067081756,1.4463979954787078,0
-0.044077668878750365,-0.3169207650657559,0
-0.04471195421738832,0.9636228083704619,0
-0.1377563852891369,-0.3917383732680108,0
-0.1377563852891369,-0.3917383732680108,0
0.16627918103757577,0.29292892046857844,0
-0.061045496808351016,-0.5507667655615797,0
-0.1377563852891369,-0.3917383732680108,0
-0.004164301238789535,-0.17776790205111195,0
-0.1377563852891369,-0.3917383732680108,0
-0.1377563852891369,-0.3917383732680108,0
-0.0017002453077158293,-1.087802733365809,0
0.07766354724904233,-1.0557403580573619,0
-0.07815662486618516,-0.3160492043534308,0
-0.0017834694423700264,-0.5685349322583868,0
-0.03430987745925764,-0.5143270187873924,0
-0.027937817091787026,-0.4688118566585055,0
-0.1377563852891369,-0.3917383732680108,0
-0.1377563852891369,-0.3917383732680108,0
-0.1377563852891369,-0.3917383732680108,0
-0.1377563852891369,-0.3917383732680108,0
-0.10636869218173625,-0.3935598586302972,0
0.11252034352384263,-0.15187780202064385,0
-0.1377563852891369,-0.3917383732680108,0
-0.05933956534619283,-0.0976257029589305,0
0.044672410763877526,2.475191372022504,0
-0.025628535206679456,0.9266840990705327,0
-0.038086499506032274,0.004274892099924541,0
-0.05714808805904149,0.9551488397115088,0
-0.029717463788807616,-0.42950582206671156,0
-0.029482580721848742,-0.5889989016523425,0
0.08390318227155347,-0.5432437932323546,0
-0.1377563852891369,-0.3917383732680108,0
-0.06913929124577556,0.4520275343753539,0
-0.1377563852891369,-0.3917383732680108,0
0.06735354909623079,-1.2179369612794562,0
-0.07996565050639969,0.22171815133723494,0
-0.1377563852891369,-0.3917383732680108,0
-0.042181061712873585,-0.28356919852097845,0
0.0005297919101917685,-0.8221496882446759,0
-0.05663728098317847,-0.5094037575370561,0
-0.07821269293952006,0.5147791123537088,0
-0.01665008478232532,-0.3285542798177357,0
-0.1377563852891369,-0.3917383732680108,0
0.0006621211923134782,-0.5487517965049766,0
-0.1377563852891369,-0.3917383732680108,0
0.0183738129916109,1.4149421712059684,0
-0.00995078082046179,1.5364752925026939,0
-0.1377563852891369,-0.3917383732680108,0
-0.044658458719914015,0.4582264973269151,0
-0.1377563852891369,-0.3917383732680108,0
0.03690612159974946,-0.2976584649887558,0
-0.1377563852891369,-0.3917383732680108,0
-0.05725132002590839,-0.1043756474976418,0
-0.1377563852891369,-0.3917383732680108,0
-0.1377563852891369,-0.3917383732680108,0
0.0016094859213813637,-0.5362673743967447,0
-0.1377563852891369,-0.3917383732680108,0
-0.03899862428935945,0.5883511704117914,0
-0.1377563852891369,-0.3917383732680108,0
0.03265935971101326,0.4730561395340682,0
-0.04857112864864337,0.4282671987978931,0
0.016215416421108936,0.3713205378115568,0
-0.04443938039159043,-0.11704212249295035,0
0.10256720491405043,-0.8410079608528681,0
-0.1377563852891369,-0.3917383732680108,0
-0.06552049129794114,-0.42010249668554894,0
0.00234353862572194,-0.406758044028829,0
0.05924959880418069,2.474687769411296,0
-0.1377563852891369,-0.3917383732680108,0
-0.1377563852891369,-0.3917383732680108,0
-0.1377563852891369,-0.3917383732680108,0
0.05060098789916,-0.9325546293347554,0
0.047682350382163674,0.9058614927709604,0
-0.03315546185956112,-0.28694051537736043,0
0.12849225343396348,0.7543592653094268,0
0.025603887316936556,-0.55892659057559,0
-0.1377563852891369,-0.3917383732680108,0
-0.036018303207595075,0.58634085477431,0
-0.018071891786921913,0.7010811672368513,0
-0.1377563852891369,-0.3917383732680108,0
-0.06110888254987455,0.034549099115303,0
0.037328193231582964,-1.1596447799636023,0
0.15029712671976553,-0.3192402187969679,0
-0.09643685169909393,0.24050120707427697,0
-0.1377563852891369,-0.3917383732680108,0
-0.010547892267706744,-0.7378140125604316,0
0.16097831167158494,-0.8766353638293909,0
-0.016215541496739868,-0.2195775017146237,0
-0.13398817307464125,-0.21298991401092005,0
0.024980522739114674,-0.019569099484956203,0
-0.006264918295175826,-0.9256539572141621,0
0.0779253870887609,-0.07858281843595616,0
-0.032405226465981686,-0.5134086080502468,0
0.018630340559434935,-0.7170933303775011,0
-0.11849402834218337,-0.20365399907761264,0
0.17339306775544475,-1.7888421797927792,0
0.03907431188926926,2.3137031068307126,0
-0.009273455026028679,-0.5856844447598499,0
-0.082511951800652,-0.2120279053179653,0
-0.1377563852891369,-0.3917383732680108,0
0.04613012956790785,2.4751410117613832,0
0.07883417232424364,1.6835566561821236,0
-0.1377563852891369,-0.3917383732680108,0
0.12649889369463732,2.4761496104105447,0
0.21526770643453336,-1.6570213092662376,0
0.7200099855962013,1.4745134567559282,0
-0.09546291168796478,-0.1354825823281817,0
-0.09141775374477486,-0.3927152807397883,0
-0.061031271615835325,0.44913996698678615,0
-0.01890182014411286,-0.2658418477988778,0
0.19628263294494586,-0.20805486417340027,0
-0.13398817307464125,-0.21298991401092005,0
-0.1377563852891369,-0.3917383732680108,0
0.02433407767447472,-0.6530063005445417,0
-0.1377563852891369,-0.3917383732680108,0
0.022241202558975003,-0.7423531331453814,0
0.06664193378172784,0.19173004929310847,0
0.128712121239552,-0.0012328206771211215,0
0.015264742046493248,-0.11242569445860709,0
0.08674991546723128,1.511791588444143,0
-0.009567126904997478,-0.46954045321493515,0
-0.06125409249924174,0.6623153573175584,0
0.0452302006605934,-0.24774700923826384,0
-0.047479525837811606,0.7560875463622405,0
-0.1377563852891369,-0.3917383732680108,0
-0.1377563852891369,-0.3917383732680108,0
-0.1377563852891369,-0.3917383732680108,0
0.04529714739417626,2.475169789053452,0
-0.013522603985405644,0.21522788945576732,0
0.08001508314021852,0.37102375192786663,0
0.2078487185347453,6.194160207948349,0
0.21026658076963728,-0.9920207291101613,0
0.05846991164347096,-0.8052380318483306,0
-0.0019394047435864203,-0.3237072173835782,0
-0.015084844208198618,0.5023281978031536,0
0.08058787718893047,2.187209930857403,0
0.32551757496665074,-0.08166611118032328,0
0.008808167312663774,0.3936544222085798,0
0.020343950803941108,1.0437347344718595,0
-0.062129361618398375,0.49302046300734526,0
-0.1377563852891369,-0.3917383732680108,0
0.10743792499653304,-0.8576701196935304,0
0.11150897759669294,0.03677251077661592,0
-0.1377563852891369,-0.3917383732680108,0
0.16090401594876966,-0.46490482711020337,0
-0.1377563852891369,-0.3917383732680108,0
0.05560520697262512,-1.2359644397272944,0
-0.057179025597572264,-0.20528858943220105,0
-0.1377563852891369,-0.3917383732680108,0
-0.07431162169787704,0.4294210082998645,0
0.07530400943887149,0.36601323508055367,0
-0.05751145422938764,0.6790901606258465,0
-0.05565485946363525,-0.1913493808770525,0
-0.024427012075452597,0.09130370442924025,0
-0.1377563852891369,-0.3917383732680108,0
-0.042419461934826576,0.6239455898906379,0
-0.1377563852891369,-0.3917383732680108,0
0.013511631895349027,0.13783288453763487,0
0.023034781858530473,-0.2446034267888784,0
-0.02641537766698729,0.3002154825297743,0
-0.1377563852891369,-0.3917383732680108,0
0.07498012041014335,2.3651610498288194,0
0.13529432780898376,-0.5347964747351516,0
-0.1377563852891369,-0.3917383732680108,0
0.08525129968061243,0.2224240411401293,0
-0.03885198571396799,-0.8814884612241133,0
-0.0996241008919212,0.1650837470455637,0
-0.1377563852891369,-0.3917383732680108,0
-0.1377563852891369,-0.3917383732680108,0
0.003789403135144699,-0.01779797479739503,0
0.0008654291430382091,-0.46304118246564224,0
0.06760274768025745,0.08439854058899242,0
0.06846297885376913,-0.9212925311163039,0
-0.05932253917289634,0.3308495055710989,0
-0.1377563852891369,-0.3917383732680108,0
-0.1377563852891369,-0.3917383732680108,0
-0.05594472683934622,-0.6473110845736334,0
0.1707587227646165,-0.7726192258161624,0
-0.05229327484989989,0.9406610021580701,0
-0.1377563852891369,-0.3917383732680108,0
0.6297046539108323,-4.273867625395729,0
-0.1377563852891369,-0.3917383732680108,0
0.06210467848958199,2.6264723419937375,0
0.09143359797740824,-0.32713392286517384,0
-0.0034076223271839504,0.12445228149401662,0
-0.01892104140384793,0.7159143760775858,0
-0.015010813101749454,0.0547742646694868,0
-0.1377563852891369,-0.3917383732680108,0
-0.14152459750363255,-0.5704868325251016,0
-0.1377563852891369,-0.3917383732680108,0
0.14476011293014684,-0.6356475306305636,0
-0.1377563852891369,-0.3917383732680108,0
0.0627010543525997,0.005979453177452782,0
-0.04919444196703575,0.11765414729910854,0
-0.010574709007943642,-0.47024350192852726,0
-0.1377563852891369,-0.3917383732680108,0
0.017656662943844423,-0.2376045484089923,0
0.04313282958976676,0.95202446589826,0
0.023148058323213087,-0.809246635386114,0
-0.1377563852891369,-0.3917383732680108,0
0.0010662836431092175,0.1260766652211954,0
-0.017485654667211314,0.009354654043555897,0
0.09205237869369765,0.24849492097945455,0
-0.05697036551980505,-0.1032316811857432,0
-0.1377563852891369,-0.3917383732680108,0
-0.1377563852891369,-0.3917383732680108,0
-0.02571314286179167,-0.10269490469784352,0
-0.019529602575452894,1.2082022213215347,0
-0.09450517152115,-0.601161875430368,0
-0.01974875260840352,-0.25718848642514625,0
-0.04050992729848905,0.5839042726302537,0
0.048629076089102635,2.4750546798851754,0
0.045713638481042033,2.4751554004074174,0
0.06264493107994591,-0.3110641934163664,0
-0.038860572469266316,0.1481481256899893,0
-0.015167713181868759,-0.07339471492624539,0
-0.00694405443045776,-0.4348659705779999,0
-0.1377563852891369,-0.3917383732680108,0
0.033763758550320454,-0.9327258944837427,0
-0.03341303513819868,1.0989059510605022,0
-0.1377563852891369,-0.3917383732680108,0
-0.1377563852891369,-0.3917383732680108,0
-0.08968168892119943,0.19472063655160404,0
-0.1377563852891369,-0.3917383732680108,0
0.0058099547804442275,1.8494078756516588,0
-0.04620266476804779,0.5757497088027589,0
-0.047916082265097935,0.2414794749305399,0
-0.1377563852891369,-0.3917383732680108,0
0.0490876922827253,-0.47128143779407433,0
-0.1377563852891369,-0.3917383732680108,0
-0.1377563852891369,-0.3917383732680108,0
-0.1377563852891369,-0.3917383732680108,0
-0.015424084896871396,-0.634548098268548,0
-0.10967823743152798,-0.13043539570559784,0
-0.004418912776413294,1.7019662445861563,0
0.0381730696815544,-0.7545740379646069,0
-0.06568964116253015,0.6763176889135251,0
0.0036431096383997114,-0.41872375436088966,0
0.06682994309982572,-0.08878705244637194,0
-0.10053481723086234,0.17441147614935765,0
-0.025294161979525047,-0.007157832913523124,0
-0.0017362283364575455,-0.354462731921323,0
-0.00904459440729514,-0.17255349394314742,0
-0.1377563852891369,-0.3917383732680108,0
0.1089144458845583,-0.23287730659920033,0
0.10442830316717074,0.5672052076668451,0
0.1015141971290445,2.4588226039534207,0
0.009249319860013525,-0.3930967360096577,0
0.09902449759986501,2.4733136537149996,0
-0.1377563852891369,-0.3917383732680108,0
-0.03975570306188431,-0.20729365044079823,0
0.34851152172780203,0.5344009754407041,0
-0.05712309439218808,0.4341212516495021,0
-0.008517683243496808,1.5470629340657787,0
-0.07108605557038666,-0.22218512927490153,0
-0.07751096929419983,-0.21139025502671294,0
-0.14152459750363255,-0.5704868325251016,0
-0.0047278933562639736,1.3734285472392989,0
0.10578525504211479,-1.3688374723562828,0
0.017975007210053878,1.0378962474004485,0
-0.03486167033735743,0.42993614263627344,0
-0.01530110763239364,1.1260880113035123,0
0.00036892640446195584,-0.4570995531554501,0
-0.1377563852891369,-0.3917383732680108,0
-0.015827647177377172,-0.7666589634246149,0
-0.05836614665866018,0.5976513234441,0
0.03040445069647986,-0.30336020012129633,0
0.044672410763877526,2.475191372022504,0
0.20026187900392944,6.19437933702557,0
-0.1377563852891369,-0.3917383732680108,0
-0.1377563852891369,-0.3917383732680108,0
-0.1377563852891369,-0.3917383732680108,0
-0.1377563852891369,-0.3917383732680108,0
-0.06451551271471272,0.7550206946307647,0
-0.027413297054768956,0.9304874993481853,0
0.05737642303173595,-0.4840007161116868,0
0.08624170307402357,-1.5621108139095163,0
-0.1377563852891369,-0.3917383732680108,0
-0.1377563852891369,-0.3917383732680108,0
-0.05885374763018212,0.33115204977721246,0
0.011024997047819307,0.35726374643804976,0
0.04286164672925014,1.5103328434377865,0
-0.1377563852891369,-0.3917383732680108,0
-0.1377563852891369,-0.3917383732680108,0
-0.1377563852891369,-0.3917383732680108,0
-0.06271380767366488,0.5709869770844058,0
0.0005551964267633423,1.584270175352533,0
0.04253075776447616,-0.5084681410991362,0
0.05776247620274371,-0.671682738654969,0
-0.04342541857508965,-0.09694560903407785,0
-0.04587791015746108,0.25436730958908027,0
0.032027009622539605,-0.6311811640027567,0
-0.006792532925017435,-0.11292017408037483,0
-0.0017332977687101428,-0.2930630155228624,0
0.08863572151959807,-1.261740294875718,0
0.0071673262454908584,-0.10596838927897766,0
0.01670624811672084,-0.5716594994579025,0
0.15956625599642957,4.049267191298292,0
0.07020797666455597,1.0618968037317733,0
-0.1377563852891369,-0.3917383732680108,0
-0.09787769644778994,-0.39264681079562574,0
-0.029599574773664414,0.49659633528868286,0
-0.07677218813258845,0.03197569894996159,0
0.1401407629380632,0.4947224877665931,0
-0.06570350111917413,-0.06680986136598843,0
0.09940903444561947,-0.1552122711663773,0
-0.1377563852891369,-0.3917383732680108,0
-0.1377563852891369,-0.3917383732680108,0
0.04488065630731043,2.4751841776994867,0
-0.027309080703326428,1.3262489794521424,0
-0.13398817307464125,-0.21298991401092005,0
0.2282416797382224,-0.8736480031097142,0
0.05527315627399715,-0.1793061386800667,0
0.036200301240797296,-1.0345363445502018,0
0.13188632664072691,3.0937759307123587,0
0.394892344305893,-3.0889897720289854,0
0.05557410727100488,2.2962173607614544,0
0.14835521535249374,2.1972483940143936,0
0.0786904266629186,-1.4909318350781013,0
-0.13398817307464125,-0.21298991401092005,0
0.01748190946382819,1.7404493750950976,0
-0.1377563852891369,-0.3917383732680108,0
0.08836246408892637,2.1701203854977216,0
-0.032984837461997964,1.2449638814590116,0
0.04497736471193448,-1.1446183386670903,0
-0.1377563852891369,-0.3917383732680108,0
-0.1377563852891369,-0.3917383732680108,0
0.3610711307364208,-3.0974964551869215,0
0.15618533096073328,4.228222137570455,0
0.01831217521164385,-0.20762809658684783,0
-0.022174619943107925,-0.5505195355126534,0
0.08261119526197037,-1.1695276417642053,0
0.0798857000367414,2.6528534885039883,0
-0.1377563852891369,-0.3917383732680108,0
-0.1377563852891369,-0.3917383732680108,0
-0.1377563852891369,-0.3917383732680108,0
-0.1377563852891369,-0.3917383732680108,0
0.017866502588678657,-0.35001339259094627,0
-0.09303920550067435,0.2887176181348676,0
-0.028975783539378408,-0.27918091943804335,0
0.0388180371066376,0.558601965096504,0
-0.1377563852891369,-0.3917383732680108,0
0.039198447294516235,-0.401876323498184,0
0.04055859324332588,-0.565169497580165,0
-0.017430885136360857,0.38965235050868235,0
0.06554747098245015,0.8470466276935162,0
0.02523402373930297,-0.21901147876531818,0
0.16844677638296804,3.8491469119482904,0
0.09985083375022312,-0.6273955275317512,0
-0.008480083894825192,-0.032571017841813536,0
0.08761149860761248,3.336500409891196,0
0.06584898023306328,-1.2811040980098942,0
-0.1377563852891369,-0.3917383732680108,0
-0.04674205903369376,1.231677710432942,0
-0.1377563852891369,-0.3917383732680108,0
0.09363058529282599,-0.48098381421328734,0
0.11086535461046222,-0.9069393858140083,0
-0.14152459750363255,-0.5704868325251016,0
-0.04909268432188277,0.982416862823835,0
0.1754826285474502,-1.08544813607962,0
-0.022661931764771485,0.8938352716040064,0
0.056173490340452555,-0.20347465584990937,0
0.0059431871613955444,-0.23106157767500252,0
0.028834691454084464,-0.3131567788196117,0
-0.1377563852891369,-0.3917383732680108,0
0.007416356033016536,-0.5818974888457004,0
0.14970109188941272,-1.101875211600385,0
0.06742665904664019,0.9785212276613544,0
-0.14152459750363255,-0.5704868325251016,0
-0.14152459750363255,-0.5704868325251016,0
0.08613686936065025,-1.139906384201342,0
-0.1377563852891369,-0.3917383732680108,0
0.13439697774459608,-1.3060936098057603,0
-0.08231698423080258,0.007942070229296367,0
0.09503839947401485,-0.3572490127702224,0
-0.1377563852891369,-0.3917383732680108,0
-0.1377563852891369,-0.3917383732680108,0
-0.1377563852891369,-0.3917383732680108,0
-0.1377563852891369,-0.3917383732680108,0
-0.1377563852891369,-0.3917383732680108,0
-0.14152459750363255,-0.5704868325251016,0
-0.005151615639392361,1.3438045805958179,0
-0.1377563852891369,-0.3917383732680108,0
-0.1377563852891369,-0.3917383732680108,0
0.08654599576581509,-0.5361764050525496,0
-0.1377563852891369,-0.3917383732680108,0
0.17381467219330193,3.962749156220193,0
-0.1377563852891369,-0.3917383732680108,0
-0.1377563852891369,-0.3917383732680108,0
0.07188738114715393,-0.4623730233713687,0
-0.08713383700136013,-0.02614925300520961,0
-0.1377563852891369,-0.3917383732680108,0
-0.004753754291557886,-0.6537320944902149,0
0.023655139075285492,-1.368662814615536,0
-0.03252719741612062,-0.17621894827268955,0
-0.1377563852891369,-0.3917383732680108,0
-0.04635440105096451,0.6675343215187186,0
0.09618405258716549,2.192847651587192,0
-0.07939172432577123,-0.43409278862598233,0
-0.010184714706836906,-0.20397196850222837,0
0.001025403520099114,-0.642460092575203,0
-0.1377563852891369,-0.3917383732680108,0
-0.1377563852891369,-0.3917383732680108,0
-0.022665697566038943,0.8293998274608239,0
-0.1377563852891369,-0.3917383732680108,0
-0.1377563852891369,-0.3917383732680108,0
-0.06300806388196978,-0.0718626514075147,0
-0.039663763515846696,0.18219967434854367,0
-0.13398817307464125,-0.21298991401092005,0
-0.1377563852891369,-0.3917383732680108,0
-0.1377563852891369,-0.3917383732680108,0
-0.05734628748658435,0.09466978437546271,0
-0.1377563852891369,-0.3917383732680108,0
0.09206324915040291,0.06958957057062239,0
0.024426924254882756,1.8808680629082875,0
0.07317116483365545,-0.5008068596687794,0
-0.03689126273569868,-0.20766003014263743,0
-0.07767008349191093,-0.30326986854610255,0
0.1775126892272613,-1.4492343712383917,0
-0.13398817307464125,-0.21298991401092005,0
0.1159278095981154,-1.2353011865498373,0
0.10088031511504289,-0.9571045185720845,0
-0.1377563852891369,-0.3917383732680108,0
0.10884404128446191,1.2510899403520632,0
0.02581576770273031,-0.2133330788905436,0
0.048440622978373184,2.6539398312795948,0
-0.012959952536053398,-0.30344418683960706,0
0.05167400771355146,0.420629029874012,0
0.045713638481042033,2.4751554004074174,0
-0.0033416251451787314,-1.0462854810700197,0
-0.13398817307464125,-0.21298991401092005,0
-0.07573129949552176,0.2667422721933822,0
-0.02809150417528398,-0.2790396797446187,0
-0.008813578394353353,1.0706131389005649,0
0.07567208162381332,-0.37781096797934494,0
-0.1377563852891369,-0.3917383732680108,0
0.05068986159274764,1.413869207271625,0
-0.1377563852891369,-0.3917383732680108,0
-0.0079080612388937,-0.055087415557225114,0
0.049101595770950066,0.04349250476884056,0
-0.03561385813662344,0.9954194216649515,0
0.033330577620266276,-0.6433811630494102,0
-0.04454906680725459,0.18056305481868484,0
0.012770067491152321,0.44068285221391423,0
0.03752810977197096,-0.6798492347556754,0
-0.13398817307464125,-0.21298991401092005,0
-0.08362146097376526,-0.2924087251396531,0
-0.1377563852891369,-0.3917383732680108,0
-0.07695914016623182,0.3744836126107591,0
0.0853064214373804,-1.2345197208057768,0
-0.1377563852891369,-0.3917383732680108,0
0.02284013346910795,-1.1086886484878307,0
-0.031936122061911563,0.10811644188205029,0
-0.1377563852891369,-0.3917383732680108,0
0.09220676718688396,-1.760434225693742,0
-0.038470337464562326,-0.2415021323311608,0
0.04828654548953343,0.007282201440847719,0
-0.021672535312021526,0.8301673165134644,0
0.080610321823847,-0.6350754177504361,0
-0.020373526958996083,0.4036688806543116,0
0.25757447279823736,-0.7968166621764946,0
-0.028859611553964274,-0.4185296673171999,0
0.013318653251563598,-0.39023568617530446,0
0.1093707530789793,-0.9028781997700095,0
0.06081548260164113,2.1397186201628795,0
0.21296716348111336,-0.7997013341133868,0
-0.14152459750363255,-0.5704868325251016,0
-0.0807836104832923,-0.32996579088286104,0
-0.1377563852891369,-0.3917383732680108,0
-0.1377563852891369,-0.3917383732680108,0
-0.027975728966867147,-0.7143388469135661,0
-0.1377563852891369,-0.3917383732680108,0
0.027119162894563027,-0.6229581334578553,0
0.03982861223628328,2.1581386397170284,0
-0.004975900255605144,0.030994302776739893,0
0.08366354182097141,-0.9069329243141878,0
0.03227832231730381,-0.19993035770778977,0
0.16535382065974483,0.30595939555475926,0
-0.011100437413563863,0.3217107851447892,0
-0.016669318022305542,1.3578616355526956,0
0.028752762899415533,-0.4238812801182075,0
-0.1377563852891369,-0.3917383732680108,0
0.07821195106893733,-0.2980932215018422,0
-0.13398817307464125,-0.21298991401092005,0
-0.03377793213338507,0.016071836386250215,0
0.013210242537192036,-1.1068038688867656,0
-0.1377563852891369,-0.3917383732680108,0
0.00641844955310064,-0.5119842965638585,0
0.1642735312356551,-1.181539110343033,0
0.019428557503715627,0.12179448792136427,0
0.11272376638369305,-1.7792325958455866,0
0.00038610319985426064,-0.29322985984543765,0
0.025182427180155915,-0.6744201784220198,0
0.03259080602061266,2.237937863000423,0
-0.06497462081188607,0.5784197540970674,0
0.048478610054645356,-0.10715678707257346,0
-0.1377563852891369,-0.3917383732680108,0
-0.1377563852891369,-0.3917383732680108,0
-0.1377563852891369,-0.3917383732680108,0
-0.038492585955496726,-0.20314425892979424,0
-0.1377563852891369,-0.3917383732680108,0
-0.037878165769888845,-0.38841478685805975,0
-0.1377563852891369,-0.3917383732680108,0
-0.1377563852891369,-0.3917383732680108,0
-0.1377563852891369,-0.3917383732680108,0
-0.1377563852891369,-0.3917383732680108,0
0.021130210469360155,-0.6942871476931226,0
-0.1377563852891369,-0.3917383732680108,0
0.24225468560340613,-1.0352290064510403,0
-0.006238855418609617,0.04317185676935395,0
0.02635908788998454,0.40098395699333744,0
0.02600373376230674,-0.7187501396852554,0
-0.1377563852891369,-0.3917383732680108,0
-0.1377563852891369,-0.3917383732680108,0
0.09247128686377817,-1.4006616689635225,0
0.05355339622309751,3.5173151814907304,0
-0.004242826659704308,-0.9083026058413227,0
-0.08614626659536685,-0.3523930495002129,0
-0.1377563852891369,-0.3917383732680108,0
-0.03316358845852654,0.10123230295272752,0
-0.1377563852891369,-0.3917383732680108,0
-0.01942136168754137,-0.06875937447334297,0
-0.1377563852891369,-0.3917383732680108,0
-0.039243585258817194,1.0226504739100692,0
-0.1377563852891369,-0.3917383732680108,0
-0.007771035569084141,-0.32134748527811047,0
-0.1377563852891369,-0.3917383732680108,0
-0.1377563852891369,-0.3917383732680108,0
0.04187689033587143,-0.8843611213135014,0
0.03636215452267789,0.17026785188624288,0
0.2772751243894116,-2.3690215342816083,0
0.034390331553085435,1.1778919651409767,0
0.022539193512296465,-0.8181537844170899,0
-0.1377563852891369,-0.3917383732680108,0
0.011623831525864136,-0.9414523322824896,0
-0.1377563852891369,-0.3917383732680108,0
-0.041943107823783396,-0.6484798589291139,0
0.15110401190436562,4.049511604499806,0
0.128672848373132,2.45881934329577,0
-0.1377563852891369,-0.3917383732680108,0
0.06683447969036964,-0.5843831642733659,0
0.07080435561683039,-1.187379389918904,0
0.06087099015440784,-0.7924882535834004,0
0.13728241134207622,-0.03175760967405121,0
0.024890453641951475,-0.2604523476472793,0
-0.051970560368972143,0.898809647807986,0
-0.048458004464453135,0.3171866088821908,0
-0.1377563852891369,-0.3917383732680108,0
0.07753552397134357,2.41804453422923,0
-0.1377563852891369,-0.3917383732680108,0
-0.1377563852891369,-0.3917383732680108,0
0.1939302002220353,-0.8175679271599636,0
-0.0018446094660025264,-0.28526564815540023,0
0.031982813863948016,-0.07193652865890185,0
0.204326656953136,-1.0765187273452461,0
-0.1377563852891369,-0.3917383732680108,0
-0.1189153242166586,0.5020039230174429,0
-0.1377563852891369,-0.3917383732680108,0
0.20594015345375566,-0.8382999800421227,0
-0.03983991845524542,-0.05204150652337997,0
-0.00487125399330155,-0.47937957047170443,0
0.023874601824389483,0.08801551375195764,0
-0.13398817307464125,-0.21298991401092005,0
0.023911561385876176,-0.3036676159218429,0
-0.1377563852891369,-0.3917383732680108,0
-0.1377563852891369,-0.3917383732680108,0
-0.1377563852891369,-0.3917383732680108,0
0.16168135541293693,1.8923682261937746,0
-0.05617061942346753,0.037004965157555705,0
-0.04973764534572768,-0.05997141549052212,0
-0.022216716809861543,1.1180578948561628,0
-0.035659147380573776,-0.16810097149576841,0
0.13062855843539056,-1.0456438878574614,0
0.15139581342478167,4.049503176458375,0
0.02171523334087774,-0.3525911421582498,0
0.006436154021337561,-0.4850325770215957,0
0.5642031648400431,1.7326650451750074,0
-0.003655547980838063,-0.1533302938773617,0
0.06386886523542924,0.35703181801398903,0
-0.024987146742628166,0.5648368222229265,0
-0.04863325606001939,0.3315290085819845,0
0.17407889648952785,-0.9381238804893206,0
-0.13398817307464125,-0.21298991401092005,0
-0.13398817307464125,-0.21298991401092005,0
-0.13398817307464125,-0.21298991401092005,0
0.0172162008571257,0.9294822743180423,0
0.09422194900867759,-1.4116722496746943,0
-0.1377563852891369,-0.3917383732680108,0
-0.13398817307464125,-0.21298991401092005,0
0.13481926336112873,-0.18013209522112983,0
0.0034069337313877173,-0.5267420552299553,0
0.05948785660367917,1.5138235655967216,0
0.5124166973678872,1.627320486060607,0
0.2232994508567487,1.6096236874166376,0
0.10533966163743147,-0.8552562181427062,0
0.12134710486740932,1.8753049902956749,0
-0.03896833120438855,0.17335246178532676,0
0.04891811521214983,-0.43191713995406766,0
0.051788076371973246,1.3606511320166597,0
-0.07880778037774606,-0.001432249447687664,0
0.021095914549149122,-0.29803667083166724,0
-0.005253947135090751,0.20294838404930315,0
0.06561493695388267,-1.2848243689067296,0
0.1578131826852753,-0.09205652572970727,0
-0.13398817307464125,-0.21298991401092005,0
0.18220664712302329,1.2596056649533365,0
0.48127270891260165,-2.25705425079462,0
0.05375760218733768,2.467115472986614,0
0.034243445003126,0.22478770172306,0
-0.06711050706910551,0.15438912554543124,0
-0.032646707079253344,0.8353088952839137,0
0.5351559146352305,2.019662071467713,0
0.05277907877411981,-0.34336470905586636,0
0.04085123362379799,0.9897020805747303,0
0.03836826217565157,-0.9173491448433554,0
0.23250989094035554,2.46870209266094,0
0.0019200992663649904,-0.29703427570902907,0
0.03665857487019784,1.8089635359392746,0
-0.03504876026353909,0.08692042751073563,0
0.2135363179964208,-0.5366390552732505,0
0.0029228278581209743,-0.1661475964764964,0
0.04886802611914182,-0.8791721570277524,0
0.7283544600189961,-4.599976339580257,0
0.057771454506821765,-0.7461988301427113,0
0.22219330674632998,2.1054761961991932,0
0.002626469912429347,-0.30686860422302104,0
0.2107530032919009,0.10570994761846367,0
-0.12645174864564993,0.14450700450326134,0
0.1488902929503334,4.228432838606244,0
-0.13398817307464125,-0.21298991401092005,0
0.009839979681652167,0.39647481326845924,0
-7.187561019342481e-05,-0.28615058457663595,0
-0.06119060873267987,-0.0006631457533050223,0
0.047084024328698695,0.8517496968309262,0
-0.05100055847087408,0.3810839253562495,0
0.26920862031502246,-1.3178214366909524,0
0.05010520910471924,-0.3884595983732544,0
0.02268220964678895,-0.9430923876494473,0
-0.13398817307464125,-0.21298991401092005,0
0.35111673205103366,-2.430120484698577,0
0.5100528921564336,-2.5847599253145215,0
0.1362109589271422,3.545300806646337,0
0.08453291653720385,-0.8865674663799706,0
-0.04370392099044993,0.45010199611401336,0
-0.08924875140273883,0.42622303290476693,0
-0.13398817307464125,-0.21298991401092005,0
-0.1377563852891369,-0.3917383732680108,0
0.06856989005982701,1.6963846742693252,0
0.32389056350866713,-0.6982653535541001,0
-0.12645174864564993,0.14450700450326134,0
0.0018285928012108852,0.36481929758251896,0
-0.0436910826944493,-0.2776213292779328,0
0.14716469137874968,4.049625383059132,0
-0.1377563852891369,-0.3917383732680108,0
0.3464830284908583,1.9007325930394632,0
0.0239628130945103,-0.3648196707263205,0
0.2463757941113207,1.1884934814108044,0
-0.03503279967406208,1.0204289886515259,0
0.02703324571653202,0.17241881933426526,0
-0.04612695284621675,0.6007880088971804,0
-0.1377563852891369,-0.3917383732680108,0
-0.1377563852891369,-0.3917383732680108,0
-0.043120562500790736,0.2310489634940351,0
0.054194794972728354,0.9413631702348559,0
-0.02247202225793549,1.1702759507899363,0
-0.007234900114233657,-0.21100816000946176,0
-0.03856558605934782,-0.22212602510155915,0
-0.00716821752930208,-0.5722861266061312,0
-0.1377563852891369,-0.3917383732680108,0
-0.019212873453211626,-0.5708303903370708,0
-0.07455169837154045,0.01771893458787639,0
0.08698334449406706,0.04899807525122716,0
-0.05960533974099083,-0.33738371597790306,0
-0.1377563852891369,-0.3917383732680108,0
-0.1377563852891369,-0.3917383732680108,0
-0.0411739860355084,0.24515937273568061,0
-0.03288130576070745,-0.005669650615980143,0
-0.045300799637743576,0.023198685934258636,0
-0.023714024454727704,-0.582929653262431,0
-0.0016142400654294688,0.8977061537039553,0
0.10384878770170376,-0.9553100912162608,0
0.3300990371286665,4.22319902487726,0
-0.13398817307464125,-0.21298991401092005,0
-0.06334313520410008,0.19445230995153484,0
-0.1377563852891369,-0.3917383732680108,0
-0.03174587666000488,0.35080085725745963,0
-0.0037857155080118065,-0.5156378759778234,0
-0.05539407056656267,-0.3998803206634809,0
-0.04455558909159086,0.7046295723729515,0
-0.1377563852891369,-0.3917383732680108,0
-0.13398817307464125,-0.21298991401092005,0
-0.018380868977296565,0.456986383252214,0
-0.012811677951708254,-0.28888872664610576,0
-0.1377563852891369,-0.3917383732680108,0
0.19248541160911,-0.6026857661267567,0
0.025104156012105232,-0.3065922821016038,0
-0.0609169536797261,-0.0029897050530315627,0
-0.09444892538707947,-0.3408314554319668,0
0.04971887859985941,-0.9644893433632012,0
0.009546579700861552,1.9196459384981592,0
0.04611037177273129,-0.8141801214261628,0
0.02970374603571302,-1.1184538889185773,0
0.001999689860007367,-0.5469483910626767,0
-0.07187033067972674,0.4264446824214627,0
0.1171818822082245,0.1587950817176112,0
0.09343756708720401,-0.8577045839161875,0
0.017405559531301146,0.21967706444819723,0
0.16507741845197263,-1.6657683558364296,0
0.17114100396482457,-1.2473238323965259,0
-0.038129491536023304,0.11590959138553257,0
-0.1377563852891369,-0.3917383732680108,0
-0.03178484215962758,-0.2100071836695218,0
-0.004085963443347304,-0.4662149582890808,0
-0.1377563852891369,-0.3917383732680108,0
-0.1377563852891369,-0.3917383732680108,0
0.01618126660606672,1.9726982931324113,0
0.045765503264529946,-0.6599200898914018,0
0.06712103932056715,-0.7846564949717858,0
-0.06616035321371941,3.004482352616713,0
0.056262864705616096,-1.0431462539975183,0
-0.1189153242166586,0.5020039230174429,0
-0.1377563852891369,-0.3917383732680108,0
-0.1377563852891369,-0.3917383732680108,0
-0.1377563852891369,-0.3917383732680108,0
0.07074124491243775,-0.7105938673336304,0
-0.01725757682811849,1.4850653585869296,0
0.025969299249302493,-1.0481352978704264,0
0.5343978554207408,-3.8916413632727984,0
-0.018538448845933166,-0.028926217473980446,0
-0.12645174864564993,0.14450700450326134,0
0.07786671452082455,-1.0035102200143917,0
0.11632976471383491,-0.7515696025456309,0
-0.01492977423586439,-0.4552635215924534,0
-0.05356866281185497,-0.3047784927270015,0
-0.02700031988966685,-0.3640727990393707,0
0.09541546170338064,-1.4781174850652155,0
0.02704439005250709,-0.7734315445583332,0
0.017306983026156634,1.6647393294646664,0
-0.021014618815079517,0.08997393909428184,0
-0.1377563852891369,-0.3917383732680108,0
-0.1377563852891369,-0.3917383732680108,0
-0.10044215558602419,-0.07394346871805887,0
-0.020739745531257226,-0.546225277631651,0
0.002623037653482391,1.6449140524603316,0
0.031539221737095814,0.37568472649541496,0
0.0049663083257037235,0.5941072859426137,0
0.010404048200429328,0.5204040870231841,0
0.0014167918568905164,-0.5799943769851911,0
0.10151251354442854,0.07968467695285578,0
-0.00769564807506204,1.7628829081779636,0
-0.1377563852891369,-0.3917383732680108,0
-0.1377563852891369,-0.3917383732680108,0
-0.03246517424101276,-0.24792406977287834,0
0.25582462548238505,-1.272104147945131,0
-0.1377563852891369,-0.3917383732680108,0
-0.1377563852891369,-0.3917383732680108,0
-0.035838132753971144,0.294416916511591,0
-0.1377563852891369,-0.3917383732680108,0
0.11720123717663782,3.0093216188267027,0
-0.03920234728131468,-0.05629591134459374,0
-0.04119966942915942,-0.2694926215638047,0
0.13513822470843773,-1.0275088978384572,0
-0.14152459750363255,-0.5704868325251016,0
0.0037423219546708227,-0.3772170368339367,0
-0.01293299286148433,-0.4605655873110626,0
0.0006676318256435868,-0.18507899859086455,0
-0.020951375640036945,0.3445914494079988,0
-0.0255956727474815,-0.22378202114902296,0
-0.04860249707379522,0.8965071762000405,0
-0.04052544809254567,1.0677232495976288,0
-0.1377563852891369,-0.3917383732680108,0
-0.09763135681450305,-0.34225857019060096,0
-0.1377563852891369,-0.3917383732680108,0
0.01720121507478036,-0.36752196752195865,0
-0.059273726370187574,-0.41610991932471564,0
0.04350649553485702,-0.880343548504081,0
0.0228919327378568,-0.5384799044953125,0
-0.06015473276241629,-0.4749652531533563,0
-0.1377563852891369,-0.3917383732680108,0
-0.0029196685123036364,-0.6762726791578489,0
0.014247121147950301,1.5911618170226822,0
-0.058618097029534445,-0.22157435900473774,0
0.1152234328657571,2.371866512324254,0
-0.02302996083551556,0.6150783973427237,0
-0.1377563852891369,-0.3917383732680108,0
-0.0650529943735552,-0.26362420770051526,0
-0.12645174864564993,0.14450700450326134,0
0.10908222833872487,3.070460475663747,0
0.017954930113461387,-1.011877348722199,0
0.022157313511806657,-0.49479269369859563,0
0.10135843166025874,-0.11130053933064332,0
-0.03769081977964443,1.0087959524388788,0
0.004071553516092164,1.5559468702244978,0
-0.0778799424823943,0.5240432738659884,0
0.13731837605349803,0.7791445733454865,0
0.3972841492096313,2.247924807267307,0
-0.015978301443612265,-0.22299801432548202,0
-0.05485272223975597,-0.026734636748359877,0
-0.031798293890711184,0.1606175744313332,0
0.0003135779532324295,1.055535902895801,0
-0.044951107815526206,0.6002664172537057,0
-0.1377563852891369,-0.3917383732680108,0
-0.13398817307464125,-0.21298991401092005,0
0.004474363844031465,0.6665230951738568,0
0.014405472762481043,0.10941395468021041,0
-0.02542437814097248,0.4515779800408658,0
-0.1377563852891369,-0.3917383732680108,0
-0.1377563852891369,-0.3917383732680108,0
-0.1377563852891369,-0.3917383732680108,0
0.0024777525031321706,1.551921279917617,0
-0.01575348790093985,0.5939332521313648,0
-0.007855951600684452,-0.190667474866073,0
0.21022260786917835,1.0748414618249789,0
-0.025552532406902282,-0.18794052189842297,0
0.40063404394495056,2.120298997551884,0
-0.1377563852891369,-0.3917383732680108,0
-0.06489109224223054,-0.39643154856101076,0
-0.1377563852891369,-0.3917383732680108,0
0.04252162965991776,-0.6000533020828749,0
-0.1377563852891369,-0.3917383732680108,0
0.07267134124145393,-0.5959874585415881,0
0.1250853210760635,-0.34878409238625346,0
-0.0015234694179328335,0.7229542420488316,0
-0.041807621622325354,-0.01735425313314146,0
0.06138570076989148,-0.4782345478569801,0
-0.04309576754769872,-0.1594972668673066,0
-0.13398817307464125,-0.21298991401092005,0
-0.04617047299282464,0.43914952506494886,0
0.13663886204707137,1.5177899551619622,0
0.0296050801977441,0.11101398721003666,0
-0.03920411590938096,0.5066990551887565,0
-0.030555034409350455,0.6998246741320655,0
-0.1377563852891369,-0.3917383732680108,0
-0.1377563852891369,-0.3917383732680108,0
-0.04334461066447459,-7.424829017033329e-05,0
-0.030592351412512746,0.06929676918407608,0
-0.1377563852891369,-0.3917383732680108,0
-0.1377563852891369,-0.3917383732680108,0
0.0030333243671475545,0.5862837869186154,0
-0.1377563852891369,-0.3917383732680108,0
-0.037006478605552284,-0.35758973054129684,0
-0.1377563852891369,-0.3917383732680108,0
-0.1377563852891369,-0.3917383732680108,0
0.00855855975812945,2.0224684714635286,0
0.10306960051606318,1.7948451044232572,0
0.028153549199918474,-0.0034494067017737692,0
-0.1377563852891369,-0.3917383732680108,0
-0.014678784645514404,-0.04595226681852898,0
-0.05282412436422215,-0.23329378482867633,0
0.030634362060583127,-0.4190373420385742,0
0.064218777592071,-0.7904213525559621,0
-0.0008478114555979093,0.5332714254589728,0
0.022004832213543397,-0.3538646999599121,0
0.032640335892518066,-1.1254403099377361,0
0.031334146231699084,-0.691865797027338,0
0.04466631874753835,-0.04540389919558216,0
-0.1377563852891369,-0.3917383732680108,0
0.15310563837268576,1.2510705006379619,0
0.06325384227033945,-0.31789568250240624,0
0.09368643903572527,-0.37678651820424564,0
-0.004998532788063383,-0.25310584700329164,0
-0.04227228254892259,0.8873217240399246,0
0.09421751414884191,1.2419004573405947,0
-0.1377563852891369,-0.3917383732680108,0
-0.1377563852891369,-0.3917383732680108,0
0.07675138780744409,-0.48308981781450044,0
0.061789499610008396,-0.877749501924655,0
-0.1377563852891369,-0.3917383732680108,0
0.04254623665886042,-0.4705767048093788,0
0.0007300367698289333,-0.20254776453429715,0
-0.003676988879738111,-0.2905362688049357,0
0.5613974764804045,-2.1443370118386085,0
0.005139152294476419,-0.31674879209047446,0
0.2817678927965136,-1.0497252164064936,0
-0.04556494777988825,1.3603380650806134,0
0.04691407629541727,-0.8944039373370478,0
0.07627790638641815,0.5018071852083604,0
-0.09683130802240243,-0.08604557581422444,0
-0.1377563852891369,-0.3917383732680108,0
-0.14152459750363255,-0.5704868325251016,0
0.02561750568662942,-0.48570490004939143,0
-0.14152459750363255,-0.5704868325251016,0
0.028590880430784085,-0.8839375554807142,0
0.06258606480198697,-0.9574043970781537,0
0.019574018313683945,0.08786516648130561,0
-0.1377563852891369,-0.3917383732680108,0
-0.018115411416644356,1.2498799557880145,0
-0.07101790238304072,-0.20010519261001483,0
0.05734746619748271,-1.3187555276520981,0
0.19241018851392638,-0.3615388700860118,0
-0.04282775115574951,-0.8108188453809765,0
-0.1377563852891369,-0.3917383732680108,0
0.024610336681745823,0.6400492527704962,0
-0.011605985105039828,1.2849709494356112,0
0.003584303960027987,-0.5265895752257442,0
-0.1377563852891369,-0.3917383732680108,0
-0.013531894160070602,0.6667324499497335,0
-0.044699026009371264,0.09970440653452052,0
0.0046232826686556094,-0.2025277124554755,0
-0.1377563852891369,-0.3917383732680108,0
-0.1377563852891369,-0.3917383732680108,0
0.14438169776086188,3.2527707060984796,0
0.0016558670248828648,0.1654897456949509,0
-0.13398817307464125,-0.21298991401092005,0
0.012388647369427056,0.5489695190916657,0
-0.053770009568493364,0.6122735042764257,0
-0.02525409836291301,1.3703651657024698,0
-0.05912380213240178,-0.3661321784482909,0
-0.002021633952297363,1.02300032526175,0
-0.07140004698328412,-0.2839412142491849,0
0.1366701609544686,1.5200209633859847,0
-0.048155211845275575,0.5866564327050529,0
-0.020966459880189473,0.4688411977798792,0
-0.1377563852891369,-0.3917383732680108,0
-0.05207987092899535,0.3489633798456558,0
-0.018096279055773885,0.4626990933335282,0
-0.08710372446734264,0.35809139521644584,0
-0.026418944363492042,0.606090791914985,0
-0.06732065945778583,0.5761145258908831,0
-0.04956736155199395,0.7230126838551165,0
0.021792683249650748,-0.03244508817303972,0
-0.018425066887743008,0.1325897864088991,0
0.20064964794167775,0.46791069201500335,0
0.042309102518928166,2.330005173864179,0
-0.033785761002470764,-0.2408253916628135,0
-0.02998871922948038,0.8114332837813018,0
-0.1377563852891369,-0.3917383732680108,0
-0.1377563852891369,-0.3917383732680108,0
-0.019914357307618008,0.6118455050135085,0
-0.1377563852891369,-0.3917383732680108,0
-0.1377563852891369,-0.3917383732680108,0
-0.020020596258577286,0.4784694539704688,0
-0.02066620223096154,-0.3567072704330001,0
-0.1377563852891369,-0.3917383732680108,0
-0.1377563852891369,-0.3917383732680108,0
-0.1377563852891369,-0.3917383732680108,0
-0.01021139944428307,1.2048320294428028,0
-0.1377563852891369,-0.3917383732680108,0
-0.1377563852891369,-0.3917383732680108,0
0.001774628499089656,0.6172415676121388,0
0.01769295428382183,-0.03080433396803314,0
0.044672410763877526,2.475191372022504,0
0.026913481611658355,1.1165703968550218,0
-0.061269253123724776,-0.3079221935848411,0
-0.0560809623020699,-0.4083096384312563,0
-0.0066000719028396744,-0.34358213105239344,0
-0.12645174864564993,0.14450700450326134,0
0.010234858788533906,0.4125177460843128,0
0.06950888598542143,0.7944299828409788,0
-0.1377563852891369,-0.3917383732680108,0
0.05405391103531052,1.6283578385036073,0
0.03087724350437719,-1.0941329049560244,0
-0.1377563852891369,-0.3917383732680108,0
0.044672410763877526,2.475191372022504,0
-0.009692744551504803,0.5674665789949702,0
0.004779465510053894,0.41241945603084845,0
-0.006906791906755574,0.6376439799581338,0
-0.05109380740983688,0.5266876960081021,0
0.062356286702278475,-0.9644393824618227,0
0.08075130202995084,-0.14528271139747095,0
-0.1377563852891369,-0.3917383732680108,0
0.14721648288828842,0.5339549414403214,0
-0.027496544649264484,0.4410753989096483,0
0.004636236499795009,0.8066460751562288,0
-0.13398817307464125,-0.21298991401092005,0
-0.005204690710753319,1.6045129655306656,0
0.04488065630731043,2.4751841776994867,0
-0.05594891310050997,0.8304643487918186,0
-0.005173143851783827,0.050706351498237996,0
-0.011540405151077595,-0.3904206093621403,0
-0.0585901617528093,0.7086060124446935,0
-0.040787399420655734,0.930522608887866,0
-0.1377563852891369,-0.3917383732680108,0
0.04654662065477362,2.475126623115348,0
0.04654662065477362,2.475126623115348,0
-0.02635006444300265,-0.6567809734880516,0
-0.04060650946629928,0.7334581062077588,0
-0.057371072480913526,0.7106662951598626,0
-0.1377563852891369,-0.3917383732680108,0
0.06204662321645794,2.179187839303555,0
-0.04415971993845364,0.4134627861778174,0
0.02890317065012546,1.5664042169219548,0
0.035026063609705005,1.0274629620250135,0
0.05216925032746201,2.4749323763938826,0
-0.1377563852891369,-0.3917383732680108,0
-0.1377563852891369,-0.3917383732680108,0
0.02251907260774403,-0.6074233526413505,0
-0.1377563852891369,-0.3917383732680108,0
-0.04871115692539423,-0.19732516303925335,0
-0.1377563852891369,-0.3917383732680108,0
-0.1377563852891369,-0.3917383732680108,0
0.03555651254114599,2.278526262270085,0
-0.06154548653907635,0.6087864053083492,0
0.021447466584732962,0.4247245674639739,0
-0.14152459750363255,-0.5704868325251016,0
0.026691861139358588,-0.2025798660229119,0
-0.1377563852891369,-0.3917383732680108,0
0.053244703433104765,-0.6865814967962722,0
0.029445380627250543,0.09867613472674923,0
0.06498626113651053,-0.5520720842354571,0
-0.1377563852891369,-0.3917383732680108,0
-0.04295254834488947,0.04987529968733047,0
-0.1377563852891369,-0.3917383732680108,0
0.42376583524893524,-0.07163668486431206,0
0.0027990822325022363,0.3752211143773232,0
-0.028468685359065247,0.8959028013956167,0
-0.032400896723132254,0.5299373469672343,0
-0.1377563852891369,-0.3917383732680108,0
-0.025156395098268895,-0.22138390155662527,0
-0.06715716169807762,0.5241908954859751,0
-0.022513857993430652,0.1630574593809461,0
0.16631589592283688,0.08493278892112985,0
-0.11137889978766728,0.8595008415316244,0
0.10225749048905199,-0.07439472437142164,0
0.07294103524364,-0.231569262843957,0
0.1889954882594509,0.8602984792012691,0
0.09605952138219057,-0.9610220214271542,0
0.012115682311526597,2.1910108591439657,0
0.05239728830359829,2.653803139142266,0
0.17437251088490843,4.585411432572386,0
-0.1377563852891369,-0.3917383732680108,0
0.05574634702028748,2.6363442727547666,0
0.0503180861426621,-0.5744256186213386,0
0.08317567508423289,2.638087834282471,0
-0.1377563852891369,-0.3917383732680108,0
-0.1102750081638063,0.003987396677167088,0
0.15927427191037014,1.0055385916706983,0
0.04658804361551737,0.40955901226942726,0
0.051440701922581815,0.9944658456792238,0
0.06179007531891924,-0.4908831113923224,0
0.025003731162172613,-0.1516267817221463,0
-0.13398817307464125,-0.21298991401092005,0
0.2765098319188377,-1.1527785775219088,0
-0.13398817307464125,-0.21298991401092005,0
0.11743415246294518,3.1236841842803855,0
0.046511296075306054,-0.651818692794533,0
0.036658404684293676,-0.1198662034847609,0
-0.1377563852891369,-0.3917383732680108,0
-0.03673702022496068,-0.03350310068040657,0
-0.023420661867175504,0.06277611818491136,0
-0.01611264298255041,-0.40750545968579827,0
-0.050795146685342095,0.04575282615602777,0
-0.03020999078624211,0.8332523773103483,0
-0.016275748623078786,0.571841855313237,0
0.10213642136898032,1.5958940426619037,0
-0.1377563852891369,-0.3917383732680108,0
0.02876057847404213,-0.4431613645199824,0
-0.1377563852891369,-0.3917383732680108,0
0.04001921234380628,-0.9989183248875452,0
-0.10068644262028592,-0.6827577548634646,0
-0.07868659724637526,-0.6549239289199289,0
-0.1377563852891369,-0.3917383732680108,0
0.054510738381677866,-0.19221658165783218,0
-0.11403100791740678,-0.05249949797618493,0
0.2171288334535015,-0.5468049298452051,0
0.0790602111057994,0.05618231467049263,0
-0.005282088359374413,0.2485284295394551,0
-0.09643685169909393,0.2405012070742769,0
-0.011582100255086944,0.30844654341617916,0
-0.1377563852891369,-0.3917383732680108,0
-0.03986991956300103,-0.3056449355102947,0
0.10173987657891612,1.764915745679206,0
0.033672955184542844,-0.8259799925646617,0
0.0058803698740910425,0.9047223886223341,0
0.07134374436769275,-0.14342916393838198,0
-0.00501615231175566,-0.38709730045848195,0
-0.07959531068517725,-0.41790494865446043,0
0.12331965747679328,-0.43845387469036806,0
0.2886128993832293,-1.5874252017276624,0
-0.008847096275472532,1.1220723956334526,0
0.014242379560945043,-0.6414226152393958,0
0.21826930192964505,-0.7272316762276283,0
0.006560262018846758,-0.5623917107439992,0
0.014180931200629396,1.2836936555643956,0
-0.061431567151396665,-0.11411058070976082,0
0.09708390310556411,0.7717808522763346,0
-0.0019148859980853902,0.08702930723296172,0
-0.0622570408260009,0.43060766081079827,0
0.02930523222173929,1.2970706185168095,0
-0.1377563852891369,-0.3917383732680108,0
0.02662923398046414,-0.6960016157785112,0
-0.007737538780110823,0.004968605994727646,0
-0.09034022920929874,-0.10745857034827586,0
-0.04081979537712932,-0.13277279232275557,0
-0.1377563852891369,-0.3917383732680108,0
-0.00407783380424361,-0.35999104638328316,0
-0.1377563852891369,-0.3917383732680108,0
-0.006643176944851473,-0.3966343435463942,0
0.25531395858629224,-0.31795399500392546,0
0.25440444914020494,-1.3285325066308744,0
0.06265292020135987,0.22177630868825784,0
0.019315582298314166,-0.5750268551026155,0
-0.041894334273535144,-0.11085375053159861,0
-0.042943715616758873,-0.26786584856829865,0
-0.011681588387167055,-0.9704856209733516,0
-0.1377563852891369,-0.3917383732680108,0
0.06886651681383898,-0.15968062742809752,0
0.10260755223976498,0.792920801169705,0
-0.1377563852891369,-0.3917383732680108,0
0.004224689469635094,-0.7134580548476681,0
0.3305727146078168,-2.4576553766029896,0
-0.025389869460141337,0.9541727139416769,0
0.058404634264040564,-1.1700947576583642,0
-0.1377563852891369,-0.3917383732680108,0
-0.042962337436259095,-0.09860096402234038,0
-0.1377563852891369,-0.3917383732680108,0
0.09496797845872505,-0.7468197909652343,0
-0.060008329653319176,-0.22468800476488549,0
0.15836760413723586,-0.527540389652551,0
-0.005944731517232128,1.776283901235805,0
-0.1377563852891369,-0.3917383732680108,0
0.12898038334033887,-0.6997055730879745,0
-0.01814689088506081,-0.3358554970475991,0
-0.030837511776365865,-0.03710692603471746,0
-0.03819633727892606,0.1331984793652863,0
-0.006989970668322355,1.7628558031267842,0
-0.03881584387985878,0.25002923103487806,0
-0.09269832403585698,-0.31109479152554426,0
0.03098564799656703,-0.7527192408262662,0
0.031509992006839405,-0.6030313599724745,0
0.020004707971029406,-0.12029460356817313,0
-0.1377563852891369,-0.3917383732680108,0
-0.1377563852891369,-0.3917383732680108,0
0.020551363726445178,-0.6150962571921538,0
0.11372471161609576,1.3999495390388133,0
-0.06823797105192754,-0.3213542771352948,0
0.11526010217832647,0.20753435464220504,0
-0.05053364973608476,-0.08502899756740136,0
0.16442397392133765,-1.221636908839228,0
-0.024260805807871478,-0.2648156503101959,0
0.15124991266457366,4.049507390479091,0
0.0665381928243323,2.474435968105692,0
-0.1377563852891369,-0.3917383732680108,0
-0.1377563852891369,-0.3917383732680108,0
0.009055086344414147,0.11509456767531935,0
-0.1377563852891369,-0.3917383732680108,0
-0.008538907060003955,-0.5935824305987452,0
0.11883227706123962,1.1727720660745982,0
-0.08726718962663667,-0.06148870441320552,0
-0.028450536472304735,0.3866681637822014,0
0.036584951805354725,-0.9720388132185018,0
-0.037502278093621166,-0.377088745430836,0
-0.1377563852891369,-0.3917383732680108,0
-0.1377563852891369,-0.3917383732680108,0
0.06457094382742044,-0.6456866124593502,0
-0.026804365887440243,1.3087392942448575,0
-0.10185406717479013,0.1024761483299597,0
-0.09205351716388718,0.05825284537836688,0
-0.1377563852891369,-0.3917383732680108,0
-0.011789089174886734,-0.4047427856381354,0
-0.1377563852891369,-0.3917383732680108,0
0.02843970379788997,-0.04019906633148358,0
0.1371640743977597,1.6187746022194245,0
0.12317285600651993,-0.44010423577804153,0
-0.07345003558391078,-0.21302650705878,0
-0.1377563852891369,-0.3917383732680108,0
-0.1377563852891369,-0.3917383732680108,0
-0.1377563852891369,-0.3917383732680108,0
-0.04099334232000252,-0.24884195588454625,0
-0.1377563852891369,-0.3917383732680108,0
-0.0959528130485468,0.19804720718169605,0
-0.1377563852891369,-0.3917383732680108,0
-0.01613892491295841,1.410752826545087,0
-0.12645174864564993,0.14450700450326134,0
-0.02354547912008547,-0.5144083221720454,0
0.023166685602783312,-0.814717902469636,0
-0.1377563852891369,-0.3917383732680108,0
-0.1377563852891369,-0.3917383732680108,0
-0.07642916410883238,-0.4531741012221031,0
-0.1377563852891369,-0.3917383732680108,0
-0.1377563852891369,-0.3917383732680108,0
0.07299063392672055,-0.1140132976362353,0
0.11600051848540767,-1.2719992574986987,0
0.010057369929763072,0.5185031106656035,0
-0.06289280050276187,-0.3324635612615405,0
-0.03728056867881056,0.8123463236005504,0
-0.016076111776722964,1.2222561402157504,0
-0.09330875946077369,-0.16900874667060634,0
-0.021947242784513897,-0.21430416962319826,0
-0.1377563852891369,-0.3917383732680108,0
-0.015609910133590338,1.0398393576934282,0
0.013788440671786919,-0.4207333493853895,0
-0.1377563852891369,-0.3917383732680108,0
-0.1377563852891369,-0.3917383732680108,0
-0.0516207096704322,0.42370438603259675,0
-0.04241784596459503,0.859538483753989,0
0.08194836303836704,2.4739035882024147,0
-0.1377563852891369,-0.3917383732680108,0
-0.0030887506493638096,1.2024910056916986,0
0.023025922279564088,-0.9930048963363641,0
-0.03737477290015509,-0.8737677608458727,0
0.09397482191484506,-0.746961889775437,0
0.038978646936249736,-0.943115033238051,0
0.08136622995302138,-0.5344390976685018,0
-0.1377563852891369,-0.3917383732680108,0
-0.1377563852891369,-0.3917383732680108,0
-0.050801835683989376,0.2249753620154415,0
-0.1377563852891369,-0.3917383732680108,0
0.19450036529439532,-1.0115260326781306,0
0.0022282384868374263,-0.9312025004158782,0
-0.1377563852891369,-0.3917383732680108,0
0.07228433206589509,-0.7215591837830166,0
0.0027850266209903554,0.2677889374516293,0
0.16726146099224368,-1.7940849856544088,0
-0.04813855812509532,0.14929169309417403,0
0.12533348200435235,-0.5959944787231005,0
0.1726739743658464,0.6109678033352776,0
-0.0402777909408868,0.07672357222066827,0
-0.1377563852891369,-0.3917383732680108,0
-0.1377563852891369,-0.3917383732680108,0
-0.1377563852891369,-0.3917383732680108,0
0.046594012880109115,-0.7178345378062816,0
0.28031171823194023,-2.056132092249694,0
-0.0003515780584843493,1.2048759058109382,0
-0.06678592412742126,-0.05628493429997261,0
-0.0349026504329562,0.5685088942929003,0
-0.06725835256897505,0.07936293777902502,0
-0.04145225814823668,-0.18260235609393327,0
0.03076000233280394,-0.37836826956836445,0
-0.023066436324691502,-0.3551649497460191,0
-0.032804772713048914,-0.06755214615233614,0
0.043849905995718655,-1.360302912023837,0
0.015703242366258325,-0.572012831522795,0
-0.09207738761649552,-0.16685588643927202,0
-0.046814255523792,-0.12443333237754965,0
0.015875840414352502,1.9771708363147973,0
0.1859710420506804,-1.1532083611310273,0
-0.07535083251118933,-0.012725385621054451,0
-0.1377563852891369,-0.3917383732680108,0
0.1352447523589465,1.19397824536774,0
0.005542553198460775,-1.0017976294092488,0
0.07288644132350312,-0.019563988285835648,0
0.07198526992343231,-0.9197223257719934,0
0.051472525883575614,-0.6107789898490822,0
-0.05932218303161731,0.19799702299798538,0
-0.1377563852891369,-0.3917383732680108,0
-0.04517361874507343,0.9171879535068392,0
0.009064470645806125,0.08702267130098475,0
0.19766308436401825,-1.5089564532344204,0
0.07238054552274076,0.0713425504281913,0
-0.14152459750363255,-0.5704868325251016,0
-0.039009890366825915,-0.08811168880726275,0
0.09111577908141566,1.8328418246907516,0
0.026493495199994055,-0.36211498838754824,0
-0.022520187295544686,1.3585322675952776,0
-0.1377563852891369,-0.3917383732680108,0
-0.016701142486761102,1.3152447168325854,0
-0.1377563852891369,-0.3917383732680108,0
-0.033298440408322826,-0.056016941760949825,0
-0.01843467624715248,-0.20642250526258443,0
-0.1377563852891369,-0.3917383732680108,0
0.04353515515561963,0.035006301470613926,0
-0.1377563852891369,-0.3917383732680108,0
0.0990268278033738,-1.1269656683254774,0
-0.05404154590101183,0.8720620963340634,0
0.04508890185074333,2.475176983376469,0
-0.1377563852891369,-0.3917383732680108,0
0.014868508200708692,-0.278283246058781,0
0.08396719126166949,3.0475956210251693,0
0.29673051880152657,-0.965471705644047,0
-0.021006243364218028,-0.11057987456904468,0
-0.009023780687463547,0.8688929411458312,0
0.03444519181335667,0.018818795186859024,0
-0.02996553497037942,0.10349924210451396,0
-0.07852483183828564,-0.431880353519634,0
-0.1377563852891369,-0.3917383732680108,0
-0.1377563852891369,-0.3917383732680108,0
-0.1377563852891369,-0.3917383732680108,0
0.19255335709633817,-0.37672910399984877,0
-0.1377563852891369,-0.3917383732680108,0
-0.1377563852891369,-0.3917383732680108,0
0.11021458573824128,0.468341171574998,0
-0.1377563852891369,-0.3917383732680108,0
-0.1377563852891369,-0.3917383732680108,0
-0.1377563852891369,-0.3917383732680108,0
-0.1377563852891369,-0.3917383732680108,0
0.01959306042924158,-0.4581280771253018,0
0.23582091389161985,-1.0893818795471393,0
-0.1377563852891369,-0.3917383732680108,0
-0.1377563852891369,-0.3917383732680108,0
-0.1377563852891369,-0.3917383732680108,0
-0.1377563852891369,-0.3917383732680108,0
-0.1377563852891369,-0.3917383732680108,0
-0.1377563852891369,-0.3917383732680108,0
-0.13713855291132274,-0.3965886962946017,0
0.10135028574517584,-0.9023382562773838,0
-0.1377563852891369,-0.3917383732680108,0
-0.05558151857825715,0.09133404819275424,0
0.135388297961558,3.6706131623826606,0
0.09789129897688462,2.427763647821853,0
0.02246364449132159,-0.660810150497239,0
-0.022234873695131583,-0.22212495028010992,0
-0.1377563852891369,-0.3917383732680108,0
0.19699311101232467,-1.5475871100293395,0
-0.020263301878810546,1.3919348919420402,0
0.1365085077583706,-0.19884898257788527,0
1.0312585546298865,-3.4644209838130617,0
-0.1190825460116037,-0.26466810068593255,0
-0.1377563852891369,-0.3917383732680108,0
-0.04108543331164864,-0.24779792766477676,0
0.020162806213814014,-0.4671966426299081,0
-0.1377563852891369,-0.3917383732680108,0
0.15621053851164554,4.049364113774754,0
-0.008734581507786426,-0.5374307409471439,0
0.044221607050755604,-0.5499797268551023,0
0.05895039488716988,-0.691900248814811,0
-0.09798972318208769,-0.4782863420488914,0
0.18934965109905055,0.8690271758981962,0
-0.1377563852891369,-0.3917383732680108,0
-0.043815733107459,0.921210793562822,0
0.18352778674202502,3.4949308756686244,0
0.19078901868094103,4.048365390865118,0
-0.021429538859578302,0.579134783318897,0
0.121238665217093,0.6683615160005391,0
-0.1377563852891369,-0.3917383732680108,0
0.08263353650945494,-0.4286201478730432,0
0.2108356194741676,-0.598600941285274,0
-0.1377563852891369,-0.3917383732680108,0
-0.032501775873807676,0.8249085555612331,0
0.017887660534713228,1.454084270061893,0
-0.1377563852891369,-0.3917383732680108,0
-0.1377563852891369,-0.3917383732680108,0
0.14701879061854173,4.049629597079848,0
0.03801404764716827,-0.4172493325726588,0
-0.02254811024328544,1.2571388151692993,0
-0.03618360472650458,0.6054822706369247,0
-0.1377563852891369,-0.3917383732680108,0
-0.14152459750363255,-0.5704868325251016,0
-0.09897839488146175,0.15419237204513978,0
0.0017465791251929182,0.2272097801829438,0
-0.1377563852891369,-0.3917383732680108,0
-0.056861622764615344,0.2524541391080602,0
-0.1377563852891369,-0.3917383732680108,0
0.05169851253103041,2.1944311752886074,0
-0.1377563852891369,-0.3917383732680108,0
-0.1377563852891369,-0.3917383732680108,0
-0.1377563852891369,-0.3917383732680108,0
-0.1377563852891369,-0.3917383732680108,0
-0.1377563852891369,-0.3917383732680108,0
-0.1377563852891369,-0.3917383732680108,0
-0.1377563852891369,-0.3917383732680108,0
-0.05755692935161078,-0.6339998620877273,0
-0.008182905982755118,0.36652022169449316,0
0.034845489188207575,0.3659699255568632,0
-0.002093669177505405,0.07413182381038251,0
-0.1377563852891369,-0.3917383732680108,0
0.09039914571419652,2.9946797407159456,0
0.017470418938880173,-0.8936222263813007,0
0.06810333570313529,-0.24794854289237658,0
-0.020214023190281302,0.39040415152041263,0
-0.1377563852891369,-0.3917383732680108,0
-0.1377563852891369,-0.3917383732680108,0
-0.14152459750363255,-0.5704868325251016,0
-0.1377563852891369,-0.3917383732680108,0
-0.0013453685795240349,-0.4811528797975063,0
-0.1377563852891369,-0.3917383732680108,0
0.04277792768538468,2.348999797299399,0
-0.1377563852891369,-0.3917383732680108,0
-0.021436674279953907,-0.24994654623605567,0
-0.1377563852891369,-0.3917383732680108,0
-0.1377563852891369,-0.3917383732680108,0
-0.1377563852891369,-0.3917383732680108,0
-0.002186337231071,-0.3515816878722644,0
-0.12520354350399532,-0.2726588493669258,0
0.05356714183960179,-0.9461346619300409,0
0.010997876633664359,-0.2773966687268127,0
-0.01396691814236115,-0.4635496757001552,0
-0.02688955169077204,0.19857538376202966,0
-0.043939379382541215,0.6956211071564435,0
0.0037687063330871825,-0.6429190946880322,0
0.12511484209016296,-0.5491870744287795,0
-0.03478509898464401,-0.03644973344919067,0
-0.13398817307464125,-0.21298991401092005,0
-0.1377563852891369,-0.3917383732680108,0
-0.03571862122083416,-0.5784117377228708,0
-0.008541280165736818,1.2951369659082212,0
-0.06812288754003837,0.41121723537672095,0
-0.1377563852891369,-0.3917383732680108,0
-0.025174614926249183,-0.34004752518097464,0
-0.02662689096043622,0.061271952413482725,0
-0.04128350427386038,0.4005753424694522,0
-0.014561736190075697,-0.16080150898560924,0
-0.0874604220465998,-0.05751043570271716,0
-0.1377563852891369,-0.3917383732680108,0
0.062355744743442666,-0.7007435114124475,0
-0.1377563852891369,-0.3917383732680108,0
0.01740787510189312,-0.7873711976445725,0
-0.1377563852891369,-0.3917383732680108,0
0.06642890944441641,3.368832947785715,0
0.21480901974855882,2.469313610117407,0
-0.1377563852891369,-0.3917383732680108,0
-0.1377563852891369,-0.3917383732680108,0
0.0046698498699951005,-0.6650193212142895,0
0.025689347987242074,-0.560884930462581,0
-0.014226987276853896,0.5077053252838729,0
0.011859392948132349,-0.01692105976590168,0
0.013503197406085061,0.9530593493946797,0
0.02652448619483434,-1.2632825628673685,0
-0.02850181275045852,-0.013259329442593492,0
0.04488065630731043,2.4751841776994867,0
-0.1377563852891369,-0.3917383732680108,0
-0.1377563852891369,-0.3917383732680108,0
-0.1377563852891369,-0.3917383732680108,0
-0.08749911896488527,-0.08213408290572213,0
-0.05087612250753051,0.35241501375592404,0
0.03324448159012348,-0.5071134590251857,0
0.1252936538441535,-1.191348235893533,0
0.08569678282015934,2.473774090388105,0
-0.1377563852891369,-0.3917383732680108,0
-0.1377563852891369,-0.3917383732680108,0
-0.1377563852891369,-0.3917383732680108,0
-0.1377563852891369,-0.3917383732680108,0
0.0025671700634239693,0.2465155500577551,0
0.05284094231784299,-0.14533362093380708,0
0.009229654345316267,1.895792580420281,0
-0.011356583435021238,-0.02280374593228863,0
0.07209890199100215,1.6840745933294738,0
-0.1377563852891369,-0.3917383732680108,0
-0.1377563852891369,-0.3917383732680108,0
0.2093104525798094,2.1321500655770214,0
-0.0047395183063468314,-0.5921824210936203,0
0.03147123467370682,-0.9926269367627144,0
-0.14152459750363255,-0.5704868325251016,0
0.10716761637580581,2.1935139337650122,0
0.20020779723281232,-1.2612167895496202,0
0.12299761179720267,-0.7828965892214731,0
0.026230188416846916,-0.7117220328406303,0
0.0922655043492187,-0.5765911291193129,0
0.012263774686333866,0.3459019234701482,0
0.01605632389888879,-0.1394314403923739,0
0.03194229139000725,-0.7655089407127419,0
-0.06572130248587375,-0.18708679315063223,0
-0.018006428755988933,0.001405026269134036,0
-0.06321967729089793,0.009398584966290173,0
-0.1377563852891369,-0.3917383732680108,0
-0.01758439732680883,-0.11499266147320225,0
-0.051521635697856734,-0.5084016961401489,0
-0.06970786887196873,0.48940260941220104,0
0.11825399589913294,-0.5112941703281904,0
-0.1377563852891369,-0.3917383732680108,0
-0.1377563852891369,-0.3917383732680108,0
0.012999270355541511,-0.9710028383283129,0
-0.1377563852891369,-0.3917383732680108,0
-0.035896940205305324,-0.0055255325109929586,0
-0.07081415563683573,0.13729416992395438,0
-0.007358713779114933,0.015159718205328186,0
0.04281102332732868,-1.0359121418123394,0
0.11407853417876844,-1.2836644610130514,0
0.03774766792841166,-1.1300026885475851,0
0.06709546362840786,-0.1263013091307806,0
0.048338134583002755,-1.091403201285878,0
-0.08074718413470162,-0.3593205292439431,0
-0.1377563852891369,-0.3917383732680108,0
0.05309612346024524,-1.021044298180175,0
-0.1377563852891369,-0.3917383732680108,0
0.029090797574673095,-0.3155101937716844,0
-0.1302199608601456,-0.03424145475382931,0
0.019916669369234485,0.1506317076373439,0
-0.09198626082859589,-0.18575840402260035,0
-0.1377563852891369,-0.3917383732680108,0
-0.1377563852891369,-0.3917383732680108,0
-0.021795825907831034,-0.38272848058190984,0
-0.06998965929279129,-0.1064399464672956,0
-0.06016729510836101,0.28015909990737864,0
0.07642604256545477,0.2364427709592301,0
0.24346350362222852,-1.7416638579814991,0
0.011384100983397628,0.2840853533768716,0
-0.1377563852891369,-0.3917383732680108,0
-0.06565139291840849,-0.0976075768605409,0
-0.02657692721921149,0.962045077304736,0
0.4218544616264552,1.8108714014067993,0
-0.04770012867706535,1.0473804252462422,0
0.251825815393396,2.6413542640722776,0
0.0500894909759969,1.5515778219727592,0
0.20351001707657554,1.480083261043114,0
-0.010255744588274307,1.009177434701339,0
0.003037397811236715,1.4414763850679677,0
0.13510003769365225,3.8987525630471858,0
-0.01258604733640055,1.4786536599129678,0
0.0014056052354079439,0.955895809107004,0
0.03101358129142353,1.444771354502199,0
0.07568010092453775,1.6369631134095168,0
0.04350464526698079,1.249853029174066,0
-0.006224636964773769,0.7000120832919584,0
-0.13398817307464125,-0.21298991401092005,0
0.03349825229837477,1.1961020583430828,0
0.03956199242199325,1.1205538574738272,0
0.07900422930125425,1.0927910770020342,0
0.14834910648224983,0.7917473778453387,0
0.09944891826008972,1.6425825163488261,0
-0.13398817307464125,-0.21298991401092005,0
-0.00019240033424821915,0.9424339221115794,0
0.19274325449760127,3.697756701030446,0
0.01630161858699316,0.9892551242426313,0
0.01578731694584831,1.5481262921851413,0
0.026285943369623165,2.1504792030519035,0
0.1568947574559984,2.89548903296976,0
0.4022489054338996,0.38337258830444837,0
0.4709557426209,-1.6241084420332101,0
0.027439517244074684,1.2231667457310302,0
0.23946627619936395,2.798821759570271,0
-0.006188340453088173,1.71194150917608,0
0.025510781580713564,0.4423930281231758,0
0.022703436667800066,2.443055881086753,0
0.1298892972270967,3.897653824632565,0
-0.11137889978766728,0.8595008415316244,0
0.06045753876599078,2.632934304115793,0
-0.11137889978766728,0.8595008415316244,0
0.016704726429231265,0.7416367796202284,0
0.03932551750244504,1.8273709555173785,0
0.03245180946645641,0.035874671348291115,0
0.09478839364383777,1.5488268970055652,0
0.062255514767865255,3.0096995907688417,0
-0.04074260219517349,1.3511598258418844,0
0.03977246895396914,1.3876057631579704,0
-0.013770861988176187,0.7841204160716633,0
0.018887076346485294,1.2880182282061186,0
-0.03887952119894399,0.7689050824674968,0
0.024572347459855256,1.154217106989217,0
-0.0474174617797532,1.6211250774009323,0
0.4250213010977554,1.9750347582497576,0
0.07986401102956528,1.3698347170093716,0
0.07418255469008532,1.0936947305687597,0
0.10221994810624947,3.050576121965477,0
-0.09196768928331983,0.04761628179290678,0
0.051515477523437915,0.7700097095310953,0
0.11825710045279834,3.050014710455412,0
0.10279962857001644,1.5962824859281874,0
0.07061732436452078,3.051682432882369,0
0.082881029100117,3.0512531181982023,0
-0.06009443698974756,0.6072815904599043,0
0.13265907565892657,2.512869423057714,0
-0.08915447280586487,0.49994980970356656,0
0.02236544386275817,1.248180345307781,0
0.01685682966115265,1.3301419523806666,0
0.4743605125470869,3.5741897407603025,0
-0.12645174864564993,0.14450700450326134,0
0.1267473575774419,3.0497174925971433,0
0.08713662845535279,2.6933433971030905,0
0.13145935134147627,2.1874257767968874,0
0.0029357649195083766,1.6907761481366357,0
0.06094786486145449,3.052020930998731,0
-0.12645174864564993,0.14450700450326134,0
0.003571648905712557,-0.4559778288726618,0
-0.12645174864564993,0.14450700450326134,0
0.1149553337932148,3.0501302951780733,0
0.28947728579977633,3.044020816980314,0
-0.1377563852891369,-0.3917383732680108,0
0.1002074766329761,1.979001706250468,0
0.01838552164701533,1.9821114642246165,0
0.04524782384995339,1.9810905248142354,0
0.30090283791929495,1.9713739980119904,0
0.11706983097362271,2.515035855178213,0
0.03981624031890565,2.33908031062998,0
0.039261783213388274,2.5179930589875914,0
0.02610457400418145,1.981818090830829,0
0.03042724332419449,1.9816538017303078,0
0.09286025345315259,2.158172623194613,0
0.17622601891054654,2.1550041905417063,0
0.20488439991714155,2.8694816903970035,0
0.07569571033921232,2.5166083365689143,0
0.041114355779108165,2.517922649373083,0
0.13046616187306728,1.9778516825468209,0
0.027957146569901305,1.9817476812163195,0
0.05883335599856577,1.9805741876411698,0
0.053338705384462094,2.159674694970805,0
0.09730905693927747,2.515786891066309,0
0.07735908165576441,1.979870091496079,0
-0.12645174864564993,0.14450700450326134,0
0.021164380495595127,1.9820058498028528,0
0.025676251064775956,2.518509396160658,0
0.03104476751276776,1.9816303318588047,0
0.1329993257104163,2.1566470815469168,0
0.11194043621586862,1.9785557786919108,0
0.013754090232715696,1.9822874882608892,0
0.05951394727019498,2.159439996255775,0
0.04228633707319883,2.3389864311439683,0
0.013445328138429044,1.9822992231966408,0
0.018139826635784645,2.1610124776464765,0
0.05439112583343387,2.5174180471357683,0
0.1144736000532177,2.1573511776920076,0
-0.036370657380000324,-0.9793409522122818,0
-0.13398817307464125,-0.21298991401092005,0
0.09411441023401342,-1.5870583159896883,0
-0.02277834506808829,-1.0860480587972812,0
-0.09617796213275495,-0.09315882379969248,0
-0.08876962650069334,1.931991597074169,0
-0.014624088261282794,-0.733401463309691,0
-0.10247872180611789,-0.4603563883670558,0
-0.12645174864564993,0.14450700450326134,0
-0.12398041913439319,0.12510571239689774,0
-0.12645174864564993,0.14450700450326134,0
-0.1333703406968271,-0.21784023703751093,0
0.24399715335070904,-1.5137341039248682,0
-0.06855915897394839,-0.9349745522461912,0
0.11190911329540362,-2.143418478594097,0
-0.12645174864564993,0.14450700450326134,0
-0.10112062115526842,-0.054356239586965394,0
0.03653356320207328,-1.551679069350007,0
-0.12212692200095064,0.11055474331712511,0
-0.1333703406968271,-0.21784023703751093,0
-0.1189153242166586,0.5020039230174429,0
-0.12645174864564993,0.14450700450326134,0
-0.04601110363458502,-0.0703341941202829,0
-0.07331816415363017,-0.27262077578355576,0
-0.03575282500218614,-0.9841912752388726,0
-0.10000739229486116,-0.4797576804734193,0
-0.03266366311311523,-1.0084428903718268,0
-0.12645174864564993,0.14450700450326134,0
-0.12645174864564993,0.14450700450326134,0
0.18419550149966302,-2.7109062727052318,0
0.17196128983860048,-2.1981990173401416,0
-0.012770591127840247,-0.7479524323894637,0
-0.13398817307464125,-0.21298991401092005,0
-0.12645174864564993,0.14450700450326134,0
-0.13398817307464125,-0.21298991401092005,0
-0.12150908962313646,0.10570442029053423,0
-0.13398817307464125,-0.21298991401092005,0
-0.1302199608601456,-0.03424145475382931,0
-0.12645174864564993,0.14450700450326134,0
-0.1377563852891369,-0.3917383732680108,0
-0.1302199608601456,-0.03424145475382931,0
-0.1377563852891369,-0.3917383732680108,0
-0.13398817307464125,-0.21298991401092005,0
-0.13398817307464125,-0.21298991401092005,0
-0.1377563852891369,-0.3917383732680108,0
-0.12645174864564993,0.14450700450326134,0
-0.13398817307464125,-0.21298991401092005,0
-0.13398817307464125,-0.21298991401092005,0
-0.12645174864564993,0.14450700450326134,0
-0.12645174864564993,0.14450700450326134,0
-0.1302199608601456,-0.03424145475382931,0
-0.1302199608601456,-0.03424145475382931,0
-0.13398817307464125,-0.21298991401092005,0
-0.1377563852891369,-0.3917383732680108,0
-0.1377563852891369,-0.3917383732680108,0
-0.13398817307464125,-0.21298991401092005,0
-0.1302199608601456,-0.03424145475382931,0
-0.12645174864564993,0.14450700450326134,0
-0.1377563852891369,-0.3917383732680108,0
-0.1377563852891369,-0.3917383732680108,0
-0.1377563852891369,-0.3917383732680108,0
-0.1377563852891369,-0.3917383732680108,0
-0.13398817307464125,-0.21298991401092005,0
-0.13398817307464125,-0.21298991401092005,0
-0.1302199608601456,-0.03424145475382931,0
-0.13398817307464125,-0.21298991401092005,0
-0.1377563852891369,-0.3917383732680108,0
-0.1377563852891369,-0.3917383732680108,0
-0.13398817307464125,-0.21298991401092005,0
-0.13398817307464125,-0.21298991401092005,0
-0.12645174864564993,0.14450700450326134,0
-0.13398817307464125,-0.21298991401092005,0
-0.1377563852891369,-0.3917383732680108,0
-0.12645174864564993,0.14450700450326134,0
-0.13398817307464125,-0.21298991401092005,0
-0.12645174864564993,0.14450700450326134,0
-0.1377563852891369,-0.3917383732680108,0
-0.1377563852891369,-0.3917383732680108,0
-0.13398817307464125,-0.21298991401092005,0
-0.13398817307464125,-0.21298991401092005,0
-0.12645174864564993,0.14450700450326134,0
-0.1377563852891369,-0.3917383732680108,0
-0.13398817307464125,-0.21298991401092005,0
-0.13398817307464125,-0.21298991401092005,0
-0.13398817307464125,-0.21298991401092005,0
-0.12645174864564993,0.14450700450326134,0
-0.1377563852891369,-0.3917383732680108,0
-0.12645174864564993,0.14450700450326134,0
-0.13398817307464125,-0.21298991401092005,0
-0.12645174864564993,0.14450700450326134,0
-0.12645174864564993,0.14450700450326134,0
-0.1377563852891369,-0.3917383732680108,0
-0.12645174864564993,0.14450700450326134,0
-0.12645174864564993,0.14450700450326134,0
-0.1189153242166586,0.5020039230174429,0
-0.1377563852891369,-0.3917383732680108,0
-0.1377563852891369,-0.3917383732680108,0
-0.13398817307464125,-0.21298991401092005,0
-0.12645174864564993,0.14450700450326134,0
-0.1377563852891369,-0.3917383732680108,0
-0.1377563852891369,-0.3917383732680108,0
-0.12645174864564993,0.14450700450326134,0
-0.1377563852891369,-0.3917383732680108,0
-0.1377563852891369,-0.3917383732680108,0
-0.1377563852891369,-0.3917383732680108,0
-0.1377563852891369,-0.3917383732680108,0
-0.1377563852891369,-0.3917383732680108,0
-0.13398817307464125,-0.21298991401092005,0
-0.1377563852891369,-0.3917383732680108,0
-0.1377563852891369,-0.3917383732680108,0
-0.1302199608601456,-0.03424145475382931,0
-0.1189153242166586,0.5020039230174429,0
-0.1377563852891369,-0.3917383732680108,0
-0.13398817307464125,-0.21298991401092005,0
-0.12645174864564993,0.14450700450326134,0
-0.12645174864564993,0.14450700450326134,0
-0.1377563852891369,-0.3917383732680108,0
-0.13398817307464125,-0.21298991401092005,0
-0.12645174864564993,0.14450700450326134,0
-0.1377563852891369,-0.3917383732680108,0
-0.12645174864564993,0.14450700450326134,0
-0.12645174864564993,0.14450700450326134,0
-0.12645174864564993,0.14450700450326134,0
-0.1377563852891369,-0.3917383732680108,0
-0.13398817307464125,-0.21298991401092005,0
-0.12645174864564993,0.14450700450326134,0
-0.1377563852891369,-0.3917383732680108,0
-0.1377563852891369,-0.3917383732680108,0
-0.1377563852891369,-0.3917383732680108,0
-0.13398817307464125,-0.21298991401092005,0
-0.12645174864564993,0.14450700450326134,0
